Institution Name,Location,Subject
Massachusetts Institute of Technology (MIT) ,US,Natural Sciences
Massachusetts Institute of Technology (MIT) ,US,Arts & Humanities
Massachusetts Institute of Technology (MIT) ,US,Computer Science
Massachusetts Institute of Technology (MIT) ,US,Engineering & Technology
Massachusetts Institute of Technology (MIT) ,US,Social Sciences & Management
Massachusetts Institute of Technology (MIT) ,US,Business & Management
Massachusetts Institute of Technology (MIT) ,US,Life Sciences & Medicine
University of Cambridge,UK,Engineering & Technology
University of Cambridge,UK,Natural Sciences
University of Cambridge,UK,Social Sciences & Management
University of Oxford,UK,Engineering & Technology
University of Oxford,UK,Natural Sciences
University of Oxford,UK,Social Sciences & Management
Harvard University,US,Engineering & Technology
Harvard University,US,Natural Sciences
Harvard University,US,Social Sciences & Management
Stanford University,US,Engineering & Technology
Stanford University,US,Natural Sciences
Stanford University,US,Social Sciences & Management
Imperial College London,UK,Engineering & Technology
Imperial College London,UK,Natural Sciences
Imperial College London,UK,Social Sciences & Management
ETH Zurich - Swiss Federal Institute of Technology,CH,Computer Science
ETH Zurich - Swiss Federal Institute of Technology,CH,Engineering & Technology
National University of Singapore (NUS),SG,Engineering & Technology
National University of Singapore (NUS),SG,Natural Sciences
National University of Singapore (NUS),SG,Social Sciences & Management
UCL,UK,Engineering & Technology
UCL,UK,Natural Sciences
UCL,UK,Social Sciences & Management
"University of California, Berkeley (UCB)",US,Engineering & Technology
"University of California, Berkeley (UCB)",US,Natural Sciences
"University of California, Berkeley (UCB)",US,Social Sciences & Management
University of Chicago,US,Engineering & Technology
University of Chicago,US,Natural Sciences
University of Chicago,US,Social Sciences & Management
University of Pennsylvania,US,Engineering & Technology
University of Pennsylvania,US,Natural Sciences
University of Pennsylvania,US,Social Sciences & Management
Cornell University,US,Engineering & Technology
Cornell University,US,Natural Sciences
Cornell University,US,Social Sciences & Management
The University of Melbourne,AU,Engineering & Technology
The University of Melbourne,AU,Natural Sciences
The University of Melbourne,AU,Social Sciences & Management
California Institute of Technology (Caltech),US,Natural Sciences
California Institute of Technology (Caltech),US,Arts & Humanities
California Institute of Technology (Caltech),US,Computer Science
California Institute of Technology (Caltech),US,Engineering & Technology
California Institute of Technology (Caltech),US,Social Sciences & Management
California Institute of Technology (Caltech),US,Business & Management
California Institute of Technology (Caltech),US,Life Sciences & Medicine
Yale University,US,Engineering & Technology
Yale University,US,Natural Sciences
Yale University,US,Social Sciences & Management
Peking University,CN,Engineering & Technology
Peking University,CN,Natural Sciences
Peking University,CN,Social Sciences & Management
Princeton University,US,Natural Sciences
Princeton University,US,Arts & Humanities
Princeton University,US,Engineering & Technology
Princeton University,US,Social Sciences & Management
Princeton University,US,Business & Management
Princeton University,US,Life Sciences & Medicine
The University of New South Wales (UNSW Sydney),AU,Engineering & Technology
The University of New South Wales (UNSW Sydney),AU,Natural Sciences
The University of New South Wales (UNSW Sydney),AU,Social Sciences & Management
The University of Sydney,AU,Engineering & Technology
The University of Sydney,AU,Natural Sciences
The University of Sydney,AU,Social Sciences & Management
University of Toronto,CA,Engineering & Technology
University of Toronto,CA,Natural Sciences
University of Toronto,CA,Social Sciences & Management
The University of Edinburgh,UK,Engineering & Technology
The University of Edinburgh,UK,Natural Sciences
The University of Edinburgh,UK,Social Sciences & Management
Columbia University,US,Engineering & Technology
Columbia University,US,Natural Sciences
Columbia University,US,Social Sciences & Management
Université PSL,FR,Natural Sciences
Université PSL,FR,Arts & Humanities
Université PSL,FR,Engineering & Technology
Université PSL,FR,Social Sciences & Management
Université PSL,FR,Business & Management
Université PSL,FR,Life Sciences & Medicine
Tsinghua University,CN,Engineering & Technology
Tsinghua University,CN,Natural Sciences
Tsinghua University,CN,Social Sciences & Management
"Nanyang Technological University, Singapore (NTU)",SG,Computer Science
"Nanyang Technological University, Singapore (NTU)",SG,Engineering & Technology
The University of Hong Kong,HK,Engineering & Technology
The University of Hong Kong,HK,Natural Sciences
The University of Hong Kong,HK,Social Sciences & Management
Johns Hopkins University,US,Engineering & Technology
Johns Hopkins University,US,Natural Sciences
Johns Hopkins University,US,Social Sciences & Management
The University of Tokyo,JP,Engineering & Technology
The University of Tokyo,JP,Natural Sciences
The University of Tokyo,JP,Social Sciences & Management
"University of California, Los Angeles (UCLA)",US,Engineering & Technology
"University of California, Los Angeles (UCLA)",US,Natural Sciences
"University of California, Los Angeles (UCLA)",US,Social Sciences & Management
McGill University,CA,Engineering & Technology
McGill University,CA,Natural Sciences
McGill University,CA,Social Sciences & Management
The University of Manchester,UK,Engineering & Technology
The University of Manchester,UK,Natural Sciences
The University of Manchester,UK,Social Sciences & Management
University of Michigan-Ann Arbor,US,Engineering & Technology
University of Michigan-Ann Arbor,US,Natural Sciences
University of Michigan-Ann Arbor,US,Social Sciences & Management
The Australian National University,AU,Engineering & Technology
The Australian National University,AU,Natural Sciences
The Australian National University,AU,Social Sciences & Management
University of British Columbia,CA,Engineering & Technology
University of British Columbia,CA,Natural Sciences
University of British Columbia,CA,Social Sciences & Management
EPFL,CH,Engineering & Technology
EPFL,CH,Natural Sciences
EPFL,CH,Social Sciences & Management
Technical University of Munich,DE,Computer Science
Technical University of Munich,DE,Engineering & Technology
Institut Polytechnique de Paris,FR,Natural Sciences
Institut Polytechnique de Paris,FR,Arts & Humanities
Institut Polytechnique de Paris,FR,Computer Science
Institut Polytechnique de Paris,FR,Engineering & Technology
Institut Polytechnique de Paris,FR,Social Sciences & Management
Institut Polytechnique de Paris,FR,Business & Management
Institut Polytechnique de Paris,FR,Life Sciences & Medicine
New York University (NYU),US,Engineering & Technology
New York University (NYU),US,Natural Sciences
New York University (NYU),US,Social Sciences & Management
King's College London,UK,Engineering & Technology
King's College London,UK,Natural Sciences
King's College London,UK,Social Sciences & Management
Seoul National University,KR,Engineering & Technology
Seoul National University,KR,Natural Sciences
Seoul National University,KR,Social Sciences & Management
Monash University,AU,Engineering & Technology
Monash University,AU,Natural Sciences
Monash University,AU,Social Sciences & Management
The University of Queensland,AU,Engineering & Technology
The University of Queensland,AU,Natural Sciences
The University of Queensland,AU,Social Sciences & Management
Zhejiang University,CN,Engineering & Technology
Zhejiang University,CN,Natural Sciences
Zhejiang University,CN,Social Sciences & Management
The London School of Economics and Political Science (LSE),UK,Natural Sciences
The London School of Economics and Political Science (LSE),UK,Business & Management
The London School of Economics and Political Science (LSE),UK,Social Sciences & Management
Kyoto University,JP,Engineering & Technology
Kyoto University,JP,Natural Sciences
Kyoto University,JP,Social Sciences & Management
Delft University of Technology,NL,Natural Sciences
Delft University of Technology,NL,Arts & Humanities
Delft University of Technology,NL,Computer Science
Delft University of Technology,NL,Engineering & Technology
Delft University of Technology,NL,Social Sciences & Management
Delft University of Technology,NL,Business & Management
Delft University of Technology,NL,Life Sciences & Medicine
Northwestern University,US,Engineering & Technology
Northwestern University,US,Natural Sciences
Northwestern University,US,Social Sciences & Management
The Chinese University of Hong Kong (CUHK),HK,Engineering & Technology
The Chinese University of Hong Kong (CUHK),HK,Natural Sciences
The Chinese University of Hong Kong (CUHK),HK,Social Sciences & Management
Fudan University,CN,Engineering & Technology
Fudan University,CN,Natural Sciences
Fudan University,CN,Social Sciences & Management
Shanghai Jiao Tong University,CN,Engineering & Technology
Shanghai Jiao Tong University,CN,Natural Sciences
Shanghai Jiao Tong University,CN,Social Sciences & Management
Carnegie Mellon University,US,Engineering & Technology
Carnegie Mellon University,US,Natural Sciences
Carnegie Mellon University,US,Social Sciences & Management
University of Amsterdam,NL,Engineering & Technology
University of Amsterdam,NL,Natural Sciences
University of Amsterdam,NL,Social Sciences & Management
Ludwig-Maximilians-Universität München,DE,Engineering & Technology
Ludwig-Maximilians-Universität München,DE,Natural Sciences
Ludwig-Maximilians-Universität München,DE,Social Sciences & Management
University of Bristol,UK,Engineering & Technology
University of Bristol,UK,Natural Sciences
University of Bristol,UK,Social Sciences & Management
KAIST - Korea Advanced Institute of Science & Technology,KR,Natural Sciences
KAIST - Korea Advanced Institute of Science & Technology,KR,Arts & Humanities
KAIST - Korea Advanced Institute of Science & Technology,KR,Computer Science
KAIST - Korea Advanced Institute of Science & Technology,KR,Engineering & Technology
KAIST - Korea Advanced Institute of Science & Technology,KR,Social Sciences & Management
KAIST - Korea Advanced Institute of Science & Technology,KR,Business & Management
KAIST - Korea Advanced Institute of Science & Technology,KR,Life Sciences & Medicine
Duke University,US,Engineering & Technology
Duke University,US,Natural Sciences
Duke University,US,Social Sciences & Management
University of Texas at Austin,US,Engineering & Technology
University of Texas at Austin,US,Natural Sciences
University of Texas at Austin,US,Social Sciences & Management
Sorbonne University,FR,Engineering & Technology
Sorbonne University,FR,Natural Sciences
Sorbonne University,FR,Social Sciences & Management
The Hong Kong University of Science and Technology,HK,Natural Sciences
The Hong Kong University of Science and Technology,HK,Arts & Humanities
The Hong Kong University of Science and Technology,HK,Computer Science
The Hong Kong University of Science and Technology,HK,Engineering & Technology
The Hong Kong University of Science and Technology,HK,Social Sciences & Management
The Hong Kong University of Science and Technology,HK,Business & Management
The Hong Kong University of Science and Technology,HK,Life Sciences & Medicine
KU Leuven,BE,Engineering & Technology
KU Leuven,BE,Natural Sciences
KU Leuven,BE,Social Sciences & Management
"University of California, San Diego (UCSD)",US,Engineering & Technology
"University of California, San Diego (UCSD)",US,Natural Sciences
"University of California, San Diego (UCSD)",US,Social Sciences & Management
University of Washington,US,Engineering & Technology
University of Washington,US,Natural Sciences
University of Washington,US,Social Sciences & Management
University of Illinois at Urbana-Champaign,US,Engineering & Technology
University of Illinois at Urbana-Champaign,US,Natural Sciences
University of Illinois at Urbana-Champaign,US,Social Sciences & Management
The Hong Kong Polytechnic University,HK,Natural Sciences
The Hong Kong Polytechnic University,HK,Arts & Humanities
The Hong Kong Polytechnic University,HK,Computer Science
The Hong Kong Polytechnic University,HK,Engineering & Technology
The Hong Kong Polytechnic University,HK,Social Sciences & Management
The Hong Kong Polytechnic University,HK,Business & Management
The Hong Kong Polytechnic University,HK,Life Sciences & Medicine
Universiti Malaya (UM),MY,Engineering & Technology
Universiti Malaya (UM),MY,Natural Sciences
Universiti Malaya (UM),MY,Social Sciences & Management
The University of Warwick,UK,Engineering & Technology
The University of Warwick,UK,Natural Sciences
The University of Warwick,UK,Social Sciences & Management
The University of Auckland,NZ,Engineering & Technology
The University of Auckland,NZ,Natural Sciences
The University of Auckland,NZ,Social Sciences & Management
National Taiwan University (NTU),TW,Engineering & Technology
National Taiwan University (NTU),TW,Natural Sciences
National Taiwan University (NTU),TW,Social Sciences & Management
City University of Hong Kong,HK,Natural Sciences
City University of Hong Kong,HK,Arts & Humanities
City University of Hong Kong,HK,Engineering & Technology
City University of Hong Kong,HK,Social Sciences & Management
City University of Hong Kong,HK,Business & Management
City University of Hong Kong,HK,Life Sciences & Medicine
Université Paris-Saclay,FR,Natural Sciences
Université Paris-Saclay,FR,Arts & Humanities
Université Paris-Saclay,FR,Engineering & Technology
Université Paris-Saclay,FR,Social Sciences & Management
Université Paris-Saclay,FR,Business & Management
Université Paris-Saclay,FR,Life Sciences & Medicine
The University of Western Australia,AU,Engineering & Technology
The University of Western Australia,AU,Natural Sciences
The University of Western Australia,AU,Social Sciences & Management
Brown University,US,Engineering & Technology
Brown University,US,Natural Sciences
Brown University,US,Social Sciences & Management
KTH Royal Institute of Technology ,SE,Natural Sciences
KTH Royal Institute of Technology ,SE,Arts & Humanities
KTH Royal Institute of Technology ,SE,Computer Science
KTH Royal Institute of Technology ,SE,Engineering & Technology
KTH Royal Institute of Technology ,SE,Social Sciences & Management
KTH Royal Institute of Technology ,SE,Business & Management
KTH Royal Institute of Technology ,SE,Life Sciences & Medicine
University of Leeds,UK,Engineering & Technology
University of Leeds,UK,Natural Sciences
University of Leeds,UK,Social Sciences & Management
University of Glasgow,UK,Engineering & Technology
University of Glasgow,UK,Natural Sciences
University of Glasgow,UK,Social Sciences & Management
Yonsei University,KR,Engineering & Technology
Yonsei University,KR,Natural Sciences
Yonsei University,KR,Social Sciences & Management
Durham University,UK,Engineering & Technology
Durham University,UK,Natural Sciences
Durham University,UK,Social Sciences & Management
Korea University,KR,Engineering & Technology
Korea University,KR,Natural Sciences
Korea University,KR,Social Sciences & Management
Osaka University,JP,Engineering & Technology
Osaka University,JP,Natural Sciences
Osaka University,JP,Social Sciences & Management
"Trinity College Dublin, The University of Dublin",IE,Engineering & Technology
"Trinity College Dublin, The University of Dublin",IE,Natural Sciences
"Trinity College Dublin, The University of Dublin",IE,Social Sciences & Management
University of Southampton,UK,Engineering & Technology
University of Southampton,UK,Natural Sciences
University of Southampton,UK,Social Sciences & Management
Pennsylvania State University,US,Engineering & Technology
Pennsylvania State University,US,Natural Sciences
Pennsylvania State University,US,Social Sciences & Management
University of Birmingham,UK,Engineering & Technology
University of Birmingham,UK,Natural Sciences
University of Birmingham,UK,Social Sciences & Management
Lund University,SE,Engineering & Technology
Lund University,SE,Natural Sciences
Lund University,SE,Social Sciences & Management
Universidade de São Paulo,BR,Engineering & Technology
Universidade de São Paulo,BR,Natural Sciences
Universidade de São Paulo,BR,Social Sciences & Management
Lomonosov Moscow State University,RU,Engineering & Technology
Lomonosov Moscow State University,RU,Natural Sciences
Lomonosov Moscow State University,RU,Social Sciences & Management
Ruprecht-Karls-Universität Heidelberg,DE,Engineering & Technology
Ruprecht-Karls-Universität Heidelberg,DE,Natural Sciences
Ruprecht-Karls-Universität Heidelberg,DE,Social Sciences & Management
The University of Adelaide,AU,Engineering & Technology
The University of Adelaide,AU,Natural Sciences
The University of Adelaide,AU,Social Sciences & Management
University of Technology Sydney,AU,Natural Sciences
University of Technology Sydney,AU,Arts & Humanities
University of Technology Sydney,AU,Computer Science
University of Technology Sydney,AU,Engineering & Technology
University of Technology Sydney,AU,Social Sciences & Management
University of Technology Sydney,AU,Business & Management
University of Technology Sydney,AU,Life Sciences & Medicine
Tokyo Institute of Technology (Tokyo Tech),JP,Natural Sciences
Tokyo Institute of Technology (Tokyo Tech),JP,Arts & Humanities
Tokyo Institute of Technology (Tokyo Tech),JP,Computer Science
Tokyo Institute of Technology (Tokyo Tech),JP,Engineering & Technology
Tokyo Institute of Technology (Tokyo Tech),JP,Social Sciences & Management
Tokyo Institute of Technology (Tokyo Tech),JP,Business & Management
Tokyo Institute of Technology (Tokyo Tech),JP,Life Sciences & Medicine
University of Zurich,CH,Engineering & Technology
University of Zurich,CH,Natural Sciences
University of Zurich,CH,Social Sciences & Management
Boston University,US,Engineering & Technology
Boston University,US,Natural Sciences
Boston University,US,Social Sciences & Management
Universidad Nacional Autónoma de México (UNAM),MX,Engineering & Technology
Universidad Nacional Autónoma de México (UNAM),MX,Natural Sciences
Universidad Nacional Autónoma de México (UNAM),MX,Social Sciences & Management
Universidad de Buenos Aires (UBA),AR,Engineering & Technology
Universidad de Buenos Aires (UBA),AR,Natural Sciences
Universidad de Buenos Aires (UBA),AR,Social Sciences & Management
University of St Andrews,UK,Engineering & Technology
University of St Andrews,UK,Natural Sciences
University of St Andrews,UK,Social Sciences & Management
Georgia Institute of Technology,US,Natural Sciences
Georgia Institute of Technology,US,Arts & Humanities
Georgia Institute of Technology,US,Computer Science
Georgia Institute of Technology,US,Engineering & Technology
Georgia Institute of Technology,US,Social Sciences & Management
Georgia Institute of Technology,US,Business & Management
Georgia Institute of Technology,US,Life Sciences & Medicine
Freie Universitaet Berlin,DE,Engineering & Technology
Freie Universitaet Berlin,DE,Natural Sciences
Freie Universitaet Berlin,DE,Social Sciences & Management
Purdue University,US,Engineering & Technology
Purdue University,US,Natural Sciences
Purdue University,US,Social Sciences & Management
Pohang University of Science And Technology (POSTECH),KR,Computer Science
Pohang University of Science And Technology (POSTECH),KR,Engineering & Technology
Pohang University of Science And Technology (POSTECH),KR,Natural Sciences
University of Nottingham,UK,Engineering & Technology
University of Nottingham,UK,Natural Sciences
University of Nottingham,UK,Social Sciences & Management
University of Wisconsin-Madison,US,Engineering & Technology
University of Wisconsin-Madison,US,Natural Sciences
University of Wisconsin-Madison,US,Social Sciences & Management
Pontificia Universidad Católica de Chile (UC),CL,Engineering & Technology
Pontificia Universidad Católica de Chile (UC),CL,Natural Sciences
Pontificia Universidad Católica de Chile (UC),CL,Social Sciences & Management
The University of Sheffield,UK,Engineering & Technology
The University of Sheffield,UK,Natural Sciences
The University of Sheffield,UK,Social Sciences & Management
Uppsala University,SE,Engineering & Technology
Uppsala University,SE,Natural Sciences
Uppsala University,SE,Social Sciences & Management
RWTH Aachen University,DE,Engineering & Technology
RWTH Aachen University,DE,Natural Sciences
RWTH Aachen University,DE,Social Sciences & Management
University of Copenhagen,DK,Engineering & Technology
University of Copenhagen,DK,Natural Sciences
University of Copenhagen,DK,Social Sciences & Management
Utrecht University,NL,Engineering & Technology
Utrecht University,NL,Natural Sciences
Utrecht University,NL,Social Sciences & Management
Aalto University,FI,Engineering & Technology
Aalto University,FI,Natural Sciences
Aalto University,FI,Social Sciences & Management
Newcastle University,UK,Engineering & Technology
Newcastle University,UK,Natural Sciences
Newcastle University,UK,Social Sciences & Management
University of Alberta,CA,Engineering & Technology
University of Alberta,CA,Natural Sciences
University of Alberta,CA,Social Sciences & Management
University of Waterloo,CA,Natural Sciences
University of Waterloo,CA,Arts & Humanities
University of Waterloo,CA,Engineering & Technology
University of Waterloo,CA,Social Sciences & Management
University of Waterloo,CA,Business & Management
University of Waterloo,CA,Life Sciences & Medicine
Tohoku University,JP,Engineering & Technology
Tohoku University,JP,Natural Sciences
Tohoku University,JP,Social Sciences & Management
Western University,CA,Engineering & Technology
Western University,CA,Natural Sciences
Western University,CA,Social Sciences & Management
University of Helsinki,FI,Natural Sciences
University of Helsinki,FI,Arts & Humanities
University of Helsinki,FI,Engineering & Technology
University of Helsinki,FI,Social Sciences & Management
University of Helsinki,FI,Business & Management
University of Helsinki,FI,Life Sciences & Medicine
University of Southern California,US,Engineering & Technology
University of Southern California,US,Natural Sciences
University of Southern California,US,Social Sciences & Management
University of Oslo,NO,Engineering & Technology
University of Oslo,NO,Natural Sciences
University of Oslo,NO,Social Sciences & Management
Stockholm University,SE,Natural Sciences
Stockholm University,SE,Arts & Humanities
Stockholm University,SE,Engineering & Technology
Stockholm University,SE,Social Sciences & Management
Stockholm University,SE,Business & Management
Stockholm University,SE,Life Sciences & Medicine
"KIT, Karlsruhe Institute of Technology",DE,Natural Sciences
"KIT, Karlsruhe Institute of Technology",DE,Arts & Humanities
"KIT, Karlsruhe Institute of Technology",DE,Computer Science
"KIT, Karlsruhe Institute of Technology",DE,Engineering & Technology
"KIT, Karlsruhe Institute of Technology",DE,Social Sciences & Management
"KIT, Karlsruhe Institute of Technology",DE,Business & Management
"KIT, Karlsruhe Institute of Technology",DE,Life Sciences & Medicine
Humboldt-Universität zu Berlin,DE,Engineering & Technology
Humboldt-Universität zu Berlin,DE,Natural Sciences
Humboldt-Universität zu Berlin,DE,Social Sciences & Management
Technical University of Denmark,DK,Computer Science
Technical University of Denmark,DK,Engineering & Technology
Lancaster University,UK,Engineering & Technology
Lancaster University,UK,Natural Sciences
Lancaster University,UK,Social Sciences & Management
Politecnico di Milano,IT,Engineering & Technology
Politecnico di Milano,IT,Natural Sciences
Politecnico di Milano,IT,Social Sciences & Management
Eindhoven University of Technology,NL,Computer Science
Eindhoven University of Technology,NL,Engineering & Technology
University of Basel,CH,Engineering & Technology
University of Basel,CH,Natural Sciences
University of Basel,CH,Social Sciences & Management
Leiden University,NL,Engineering & Technology
Leiden University,NL,Natural Sciences
Leiden University,NL,Social Sciences & Management
University of Bern,CH,Engineering & Technology
University of Bern,CH,Natural Sciences
University of Bern,CH,Social Sciences & Management
University of Geneva,CH,Engineering & Technology
University of Geneva,CH,Natural Sciences
University of Geneva,CH,Social Sciences & Management
Chalmers University of Technology,SE,Computer Science
Chalmers University of Technology,SE,Engineering & Technology
Macquarie University,AU,Engineering & Technology
Macquarie University,AU,Natural Sciences
Macquarie University,AU,Social Sciences & Management
University of Vienna,AT,Engineering & Technology
University of Vienna,AT,Natural Sciences
University of Vienna,AT,Social Sciences & Management
"University of California, Davis",US,Engineering & Technology
"University of California, Davis",US,Natural Sciences
"University of California, Davis",US,Social Sciences & Management
"University of North Carolina, Chapel Hill",US,Engineering & Technology
"University of North Carolina, Chapel Hill",US,Natural Sciences
"University of North Carolina, Chapel Hill",US,Social Sciences & Management
Sapienza University of Rome,IT,Engineering & Technology
Sapienza University of Rome,IT,Natural Sciences
Sapienza University of Rome,IT,Social Sciences & Management
Texas A&M University,US,Engineering & Technology
Texas A&M University,US,Natural Sciences
Texas A&M University,US,Social Sciences & Management
Michigan State University,US,Engineering & Technology
Michigan State University,US,Natural Sciences
Michigan State University,US,Social Sciences & Management
Universiti Sains Malaysia (USM),MY,Engineering & Technology
Universiti Sains Malaysia (USM),MY,Natural Sciences
Universiti Sains Malaysia (USM),MY,Social Sciences & Management
University of Science and Technology of China,CN,Natural Sciences
University of Science and Technology of China,CN,Arts & Humanities
University of Science and Technology of China,CN,Computer Science
University of Science and Technology of China,CN,Engineering & Technology
University of Science and Technology of China,CN,Social Sciences & Management
University of Science and Technology of China,CN,Business & Management
University of Science and Technology of China,CN,Life Sciences & Medicine
University of Groningen,NL,Engineering & Technology
University of Groningen,NL,Natural Sciences
University of Groningen,NL,Social Sciences & Management
RMIT University,AU,Natural Sciences
RMIT University,AU,Arts & Humanities
RMIT University,AU,Engineering & Technology
RMIT University,AU,Social Sciences & Management
RMIT University,AU,Business & Management
RMIT University,AU,Life Sciences & Medicine
Nanjing University,CN,Engineering & Technology
Nanjing University,CN,Natural Sciences
Nanjing University,CN,Social Sciences & Management
Université de Montréal ,CA,Engineering & Technology
Université de Montréal ,CA,Natural Sciences
Université de Montréal ,CA,Social Sciences & Management
Aarhus University,DK,Engineering & Technology
Aarhus University,DK,Natural Sciences
Aarhus University,DK,Social Sciences & Management
King Abdulaziz University (KAU),SA,Engineering & Technology
King Abdulaziz University (KAU),SA,Natural Sciences
King Abdulaziz University (KAU),SA,Social Sciences & Management
Queen Mary University of London,UK,Engineering & Technology
Queen Mary University of London,UK,Natural Sciences
Queen Mary University of London,UK,Social Sciences & Management
Rice University,US,Engineering & Technology
Rice University,US,Natural Sciences
Rice University,US,Social Sciences & Management
Sungkyunkwan University(SKKU),KR,Engineering & Technology
Sungkyunkwan University(SKKU),KR,Natural Sciences
Sungkyunkwan University(SKKU),KR,Social Sciences & Management
University of Bath,UK,Natural Sciences
University of Bath,UK,Arts & Humanities
University of Bath,UK,Engineering & Technology
University of Bath,UK,Social Sciences & Management
University of Bath,UK,Business & Management
University of Bath,UK,Life Sciences & Medicine
Indian Institute of Technology Bombay (IITB),IN,Natural Sciences
Indian Institute of Technology Bombay (IITB),IN,Arts & Humanities
Indian Institute of Technology Bombay (IITB),IN,Computer Science
Indian Institute of Technology Bombay (IITB),IN,Engineering & Technology
Indian Institute of Technology Bombay (IITB),IN,Social Sciences & Management
Indian Institute of Technology Bombay (IITB),IN,Business & Management
Indian Institute of Technology Bombay (IITB),IN,Life Sciences & Medicine
Universitat Autònoma de Barcelona,ES,Engineering & Technology
Universitat Autònoma de Barcelona,ES,Natural Sciences
Universitat Autònoma de Barcelona,ES,Social Sciences & Management
The Ohio State University,US,Engineering & Technology
The Ohio State University,US,Natural Sciences
The Ohio State University,US,Social Sciences & Management
Wageningen University & Research,NL,Engineering & Technology
Wageningen University & Research,NL,Natural Sciences
Wageningen University & Research,NL,Social Sciences & Management
The University of Exeter,UK,Engineering & Technology
The University of Exeter,UK,Natural Sciences
The University of Exeter,UK,Social Sciences & Management
Alma Mater Studiorum - University of Bologna,IT,Engineering & Technology
Alma Mater Studiorum - University of Bologna,IT,Natural Sciences
Alma Mater Studiorum - University of Bologna,IT,Social Sciences & Management
Cardiff University,UK,Engineering & Technology
Cardiff University,UK,Natural Sciences
Cardiff University,UK,Social Sciences & Management
Technische Universität Berlin (TU Berlin),DE,Natural Sciences
Technische Universität Berlin (TU Berlin),DE,Arts & Humanities
Technische Universität Berlin (TU Berlin),DE,Computer Science
Technische Universität Berlin (TU Berlin),DE,Engineering & Technology
Technische Universität Berlin (TU Berlin),DE,Social Sciences & Management
Technische Universität Berlin (TU Berlin),DE,Business & Management
Technische Universität Berlin (TU Berlin),DE,Life Sciences & Medicine
Washington University in St. Louis,US,Engineering & Technology
Washington University in St. Louis,US,Natural Sciences
Washington University in St. Louis,US,Social Sciences & Management
Universiti Putra Malaysia (UPM),MY,Engineering & Technology
Universiti Putra Malaysia (UPM),MY,Natural Sciences
Universiti Putra Malaysia (UPM),MY,Social Sciences & Management
Ghent University,BE,Engineering & Technology
Ghent University,BE,Natural Sciences
Ghent University,BE,Social Sciences & Management
Universidad de Chile,CL,Engineering & Technology
Universidad de Chile,CL,Natural Sciences
Universidad de Chile,CL,Social Sciences & Management
Universiti Kebangsaan Malaysia (UKM),MY,Engineering & Technology
Universiti Kebangsaan Malaysia (UKM),MY,Natural Sciences
Universiti Kebangsaan Malaysia (UKM),MY,Social Sciences & Management
University of Wollongong,AU,Engineering & Technology
University of Wollongong,AU,Natural Sciences
University of Wollongong,AU,Social Sciences & Management
"University of California, Santa Barbara (UCSB)",US,Natural Sciences
"University of California, Santa Barbara (UCSB)",US,Arts & Humanities
"University of California, Santa Barbara (UCSB)",US,Engineering & Technology
"University of California, Santa Barbara (UCSB)",US,Social Sciences & Management
"University of California, Santa Barbara (UCSB)",US,Business & Management
"University of California, Santa Barbara (UCSB)",US,Life Sciences & Medicine
Hanyang University,KR,Engineering & Technology
Hanyang University,KR,Natural Sciences
Hanyang University,KR,Social Sciences & Management
Kyushu University,JP,Engineering & Technology
Kyushu University,JP,Natural Sciences
Kyushu University,JP,Social Sciences & Management
Universitat de Barcelona,ES,Engineering & Technology
Universitat de Barcelona,ES,Natural Sciences
Universitat de Barcelona,ES,Social Sciences & Management
University of York,UK,Engineering & Technology
University of York,UK,Natural Sciences
University of York,UK,Social Sciences & Management
University of Florida,US,Engineering & Technology
University of Florida,US,Natural Sciences
University of Florida,US,Social Sciences & Management
"University of Maryland, College Park",US,Engineering & Technology
"University of Maryland, College Park",US,Natural Sciences
"University of Maryland, College Park",US,Social Sciences & Management
University of Reading,UK,Natural Sciences
University of Reading,UK,Arts & Humanities
University of Reading,UK,Engineering & Technology
University of Reading,UK,Social Sciences & Management
University of Reading,UK,Business & Management
University of Reading,UK,Life Sciences & Medicine
Complutense University of Madrid,ES,Engineering & Technology
Complutense University of Madrid,ES,Natural Sciences
Complutense University of Madrid,ES,Social Sciences & Management
University College Dublin,IE,Engineering & Technology
University College Dublin,IE,Natural Sciences
University College Dublin,IE,Social Sciences & Management
Qatar University,QA,Engineering & Technology
Qatar University,QA,Natural Sciences
Qatar University,QA,Social Sciences & Management
"The University of Newcastle, Australia (UON)",AU,Engineering & Technology
"The University of Newcastle, Australia (UON)",AU,Natural Sciences
"The University of Newcastle, Australia (UON)",AU,Social Sciences & Management
University of Cape Town,ZA,Engineering & Technology
University of Cape Town,ZA,Natural Sciences
University of Cape Town,ZA,Social Sciences & Management
Erasmus University Rotterdam ,NL,Engineering & Technology
Erasmus University Rotterdam ,NL,Natural Sciences
Erasmus University Rotterdam ,NL,Social Sciences & Management
Nagoya University,JP,Engineering & Technology
Nagoya University,JP,Natural Sciences
Nagoya University,JP,Social Sciences & Management
University of Liverpool,UK,Engineering & Technology
University of Liverpool,UK,Natural Sciences
University of Liverpool,UK,Social Sciences & Management
Arizona State University,US,Natural Sciences
Arizona State University,US,Arts & Humanities
Arizona State University,US,Engineering & Technology
Arizona State University,US,Social Sciences & Management
Arizona State University,US,Business & Management
Arizona State University,US,Life Sciences & Medicine
King Fahd University of Petroleum & Minerals,SA,Engineering & Technology
King Fahd University of Petroleum & Minerals,SA,Natural Sciences
King Fahd University of Petroleum & Minerals,SA,Social Sciences & Management
Université catholique de Louvain (UCLouvain),BE,Engineering & Technology
Université catholique de Louvain (UCLouvain),BE,Natural Sciences
Université catholique de Louvain (UCLouvain),BE,Social Sciences & Management
University of Calgary,CA,Engineering & Technology
University of Calgary,CA,Natural Sciences
University of Calgary,CA,Social Sciences & Management
Curtin University,AU,Natural Sciences
Curtin University,AU,Arts & Humanities
Curtin University,AU,Engineering & Technology
Curtin University,AU,Social Sciences & Management
Curtin University,AU,Business & Management
Curtin University,AU,Life Sciences & Medicine
École Normale Supérieure de Lyon,FR,Natural Sciences
École Normale Supérieure de Lyon,FR,Arts & Humanities
École Normale Supérieure de Lyon,FR,Engineering & Technology
École Normale Supérieure de Lyon,FR,Social Sciences & Management
École Normale Supérieure de Lyon,FR,Business & Management
École Normale Supérieure de Lyon,FR,Life Sciences & Medicine
Technische Universität Wien,AT,Computer Science
Technische Universität Wien,AT,Engineering & Technology
Tecnológico de Monterrey,MX,Engineering & Technology
Tecnológico de Monterrey,MX,Natural Sciences
Tecnológico de Monterrey,MX,Social Sciences & Management
University of Gothenburg,SE,Engineering & Technology
University of Gothenburg,SE,Natural Sciences
University of Gothenburg,SE,Social Sciences & Management
Universiti Teknologi Malaysia ,MY,Natural Sciences
Universiti Teknologi Malaysia ,MY,Arts & Humanities
Universiti Teknologi Malaysia ,MY,Engineering & Technology
Universiti Teknologi Malaysia ,MY,Social Sciences & Management
Universiti Teknologi Malaysia ,MY,Business & Management
Universiti Teknologi Malaysia ,MY,Life Sciences & Medicine
McMaster University,CA,Engineering & Technology
McMaster University,CA,Natural Sciences
McMaster University,CA,Social Sciences & Management
Queensland University of Technology (QUT),AU,Natural Sciences
Queensland University of Technology (QUT),AU,Arts & Humanities
Queensland University of Technology (QUT),AU,Computer Science
Queensland University of Technology (QUT),AU,Engineering & Technology
Queensland University of Technology (QUT),AU,Social Sciences & Management
Queensland University of Technology (QUT),AU,Business & Management
Queensland University of Technology (QUT),AU,Life Sciences & Medicine
Universite libre de Bruxelles,BE,Engineering & Technology
Universite libre de Bruxelles,BE,Natural Sciences
Universite libre de Bruxelles,BE,Social Sciences & Management
Albert-Ludwigs-Universitaet Freiburg,DE,Engineering & Technology
Albert-Ludwigs-Universitaet Freiburg,DE,Natural Sciences
Albert-Ludwigs-Universitaet Freiburg,DE,Social Sciences & Management
Ecole des Ponts ParisTech,FR,Computer Science
Ecole des Ponts ParisTech,FR,Engineering & Technology
Wuhan University,CN,Engineering & Technology
Wuhan University,CN,Natural Sciences
Wuhan University,CN,Social Sciences & Management
University of Minnesota Twin Cities,US,Engineering & Technology
University of Minnesota Twin Cities,US,Natural Sciences
University of Minnesota Twin Cities,US,Social Sciences & Management
Hokkaido University,JP,Engineering & Technology
Hokkaido University,JP,Natural Sciences
Hokkaido University,JP,Social Sciences & Management
Indian Institute of Technology Delhi (IITD),IN,Natural Sciences
Indian Institute of Technology Delhi (IITD),IN,Arts & Humanities
Indian Institute of Technology Delhi (IITD),IN,Computer Science
Indian Institute of Technology Delhi (IITD),IN,Engineering & Technology
Indian Institute of Technology Delhi (IITD),IN,Social Sciences & Management
Indian Institute of Technology Delhi (IITD),IN,Business & Management
Indian Institute of Technology Delhi (IITD),IN,Life Sciences & Medicine
Universidad de los Andes,CO,Engineering & Technology
Universidad de los Andes,CO,Natural Sciences
Universidad de los Andes,CO,Social Sciences & Management
Emory University,US,Engineering & Technology
Emory University,US,Natural Sciences
Emory University,US,Social Sciences & Management
Universidad Autónoma de Madrid,ES,Engineering & Technology
Universidad Autónoma de Madrid,ES,Natural Sciences
Universidad Autónoma de Madrid,ES,Social Sciences & Management
Waseda University,JP,Natural Sciences
Waseda University,JP,Arts & Humanities
Waseda University,JP,Engineering & Technology
Waseda University,JP,Social Sciences & Management
Waseda University,JP,Business & Management
Waseda University,JP,Life Sciences & Medicine
Queen's University Belfast,UK,Engineering & Technology
Queen's University Belfast,UK,Natural Sciences
Queen's University Belfast,UK,Social Sciences & Management
King Saud University,SA,Engineering & Technology
King Saud University,SA,Natural Sciences
King Saud University,SA,Social Sciences & Management
University of Ottawa,CA,Engineering & Technology
University of Ottawa,CA,Natural Sciences
University of Ottawa,CA,Social Sciences & Management
Universität Hamburg,DE,Engineering & Technology
Universität Hamburg,DE,Natural Sciences
Universität Hamburg,DE,Social Sciences & Management
University of Otago,NZ,Engineering & Technology
University of Otago,NZ,Natural Sciences
University of Otago,NZ,Social Sciences & Management
Vrije Universiteit Amsterdam,NL,Engineering & Technology
Vrije Universiteit Amsterdam,NL,Natural Sciences
Vrije Universiteit Amsterdam,NL,Social Sciences & Management
University of Aberdeen,UK,Engineering & Technology
University of Aberdeen,UK,Natural Sciences
University of Aberdeen,UK,Social Sciences & Management
Queen's University at Kingston,CA,Engineering & Technology
Queen's University at Kingston,CA,Natural Sciences
Queen's University at Kingston,CA,Social Sciences & Management
University of Twente,NL,Engineering & Technology
University of Twente,NL,Natural Sciences
University of Twente,NL,Social Sciences & Management
Chulalongkorn University,TH,Engineering & Technology
Chulalongkorn University,TH,Natural Sciences
Chulalongkorn University,TH,Social Sciences & Management
Loughborough University,UK,Natural Sciences
Loughborough University,UK,Arts & Humanities
Loughborough University,UK,Engineering & Technology
Loughborough University,UK,Social Sciences & Management
Loughborough University,UK,Business & Management
Loughborough University,UK,Life Sciences & Medicine
Eberhard Karls Universität Tübingen,DE,Engineering & Technology
Eberhard Karls Universität Tübingen,DE,Natural Sciences
Eberhard Karls Universität Tübingen,DE,Social Sciences & Management
Keio University,JP,Engineering & Technology
Keio University,JP,Natural Sciences
Keio University,JP,Social Sciences & Management
Tel Aviv University,IL,Engineering & Technology
Tel Aviv University,IL,Natural Sciences
Tel Aviv University,IL,Social Sciences & Management
Tongji University,CN,Engineering & Technology
Tongji University,CN,Natural Sciences
Tongji University,CN,Social Sciences & Management
National Yang Ming Chiao Tung University,TW,Engineering & Technology
National Yang Ming Chiao Tung University,TW,Natural Sciences
National Yang Ming Chiao Tung University,TW,Social Sciences & Management
University of Sussex,UK,Engineering & Technology
University of Sussex,UK,Natural Sciences
University of Sussex,UK,Social Sciences & Management
Università di Padova,IT,Engineering & Technology
Università di Padova,IT,Natural Sciences
Università di Padova,IT,Social Sciences & Management
Universidade Estadual de Campinas (Unicamp),BR,Engineering & Technology
Universidade Estadual de Campinas (Unicamp),BR,Natural Sciences
Universidade Estadual de Campinas (Unicamp),BR,Social Sciences & Management
University of Lausanne,CH,Engineering & Technology
University of Lausanne,CH,Natural Sciences
University of Lausanne,CH,Social Sciences & Management
Radboud University ,NL,Engineering & Technology
Radboud University ,NL,Natural Sciences
Radboud University ,NL,Social Sciences & Management
University of Pittsburgh,US,Engineering & Technology
University of Pittsburgh,US,Natural Sciences
University of Pittsburgh,US,Social Sciences & Management
University of Rochester,US,Engineering & Technology
University of Rochester,US,Natural Sciences
University of Rochester,US,Social Sciences & Management
Indian Institute of Science,IN,Natural Sciences
American University of Beirut (AUB),LB,Engineering & Technology
American University of Beirut (AUB),LB,Natural Sciences
American University of Beirut (AUB),LB,Social Sciences & Management
Universidad Nacional de Colombia,CO,Engineering & Technology
Universidad Nacional de Colombia,CO,Natural Sciences
Universidad Nacional de Colombia,CO,Social Sciences & Management
National Cheng Kung University (NCKU),TW,Engineering & Technology
National Cheng Kung University (NCKU),TW,Natural Sciences
National Cheng Kung University (NCKU),TW,Social Sciences & Management
Friedrich-Alexander-Universität Erlangen-Nürnberg,DE,Engineering & Technology
Friedrich-Alexander-Universität Erlangen-Nürnberg,DE,Natural Sciences
Friedrich-Alexander-Universität Erlangen-Nürnberg,DE,Social Sciences & Management
Al-Farabi Kazakh National University,KZ,Engineering & Technology
Al-Farabi Kazakh National University,KZ,Natural Sciences
Al-Farabi Kazakh National University,KZ,Social Sciences & Management
Khalifa University of Science and Technology,AE,Computer Science
Khalifa University of Science and Technology,AE,Engineering & Technology
Khalifa University of Science and Technology,AE,Natural Sciences
University of Göttingen,DE,Engineering & Technology
University of Göttingen,DE,Natural Sciences
University of Göttingen,DE,Social Sciences & Management
Deakin University,AU,Engineering & Technology
Deakin University,AU,Natural Sciences
Deakin University,AU,Social Sciences & Management
National Tsing Hua University,TW,Natural Sciences
National Tsing Hua University,TW,Arts & Humanities
National Tsing Hua University,TW,Engineering & Technology
National Tsing Hua University,TW,Social Sciences & Management
National Tsing Hua University,TW,Business & Management
National Tsing Hua University,TW,Life Sciences & Medicine
Heriot-Watt University,UK,Natural Sciences
Heriot-Watt University,UK,Arts & Humanities
Heriot-Watt University,UK,Engineering & Technology
Heriot-Watt University,UK,Social Sciences & Management
Heriot-Watt University,UK,Business & Management
Heriot-Watt University,UK,Life Sciences & Medicine
Université de Paris-Cité,FR,Engineering & Technology
Université de Paris-Cité,FR,Natural Sciences
Université de Paris-Cité,FR,Social Sciences & Management
Dartmouth College,US,Engineering & Technology
Dartmouth College,US,Natural Sciences
Dartmouth College,US,Social Sciences & Management
Universitas Indonesia,ID,Engineering & Technology
Universitas Indonesia,ID,Natural Sciences
Universitas Indonesia,ID,Social Sciences & Management
Massey University,NZ,Natural Sciences
Massey University,NZ,Arts & Humanities
Massey University,NZ,Engineering & Technology
Massey University,NZ,Social Sciences & Management
Massey University,NZ,Business & Management
Massey University,NZ,Life Sciences & Medicine
Rheinische Friedrich-Wilhelms-Universität Bonn,DE,Engineering & Technology
Rheinische Friedrich-Wilhelms-Universität Bonn,DE,Natural Sciences
Rheinische Friedrich-Wilhelms-Universität Bonn,DE,Social Sciences & Management
Victoria University of Wellington,NZ,Natural Sciences
Victoria University of Wellington,NZ,Arts & Humanities
Victoria University of Wellington,NZ,Engineering & Technology
Victoria University of Wellington,NZ,Social Sciences & Management
Victoria University of Wellington,NZ,Business & Management
Victoria University of Wellington,NZ,Life Sciences & Medicine
La Trobe University,AU,Natural Sciences
La Trobe University,AU,Arts & Humanities
La Trobe University,AU,Engineering & Technology
La Trobe University,AU,Social Sciences & Management
La Trobe University,AU,Business & Management
La Trobe University,AU,Life Sciences & Medicine
Griffith University,AU,Engineering & Technology
Griffith University,AU,Natural Sciences
Griffith University,AU,Social Sciences & Management
University of Surrey,UK,Natural Sciences
University of Surrey,UK,Arts & Humanities
University of Surrey,UK,Engineering & Technology
University of Surrey,UK,Social Sciences & Management
University of Surrey,UK,Business & Management
University of Surrey,UK,Life Sciences & Medicine
University of Massachusetts Amherst,US,Natural Sciences
University of Massachusetts Amherst,US,Arts & Humanities
University of Massachusetts Amherst,US,Engineering & Technology
University of Massachusetts Amherst,US,Social Sciences & Management
University of Massachusetts Amherst,US,Business & Management
University of Massachusetts Amherst,US,Life Sciences & Medicine
Technical University of Darmstadt,DE,Computer Science
Technical University of Darmstadt,DE,Engineering & Technology
Technische Universität Dresden,DE,Computer Science
Technische Universität Dresden,DE,Engineering & Technology
Charles University,CZ,Engineering & Technology
Charles University,CZ,Natural Sciences
Charles University,CZ,Social Sciences & Management
University of Antwerp,BE,Engineering & Technology
University of Antwerp,BE,Natural Sciences
University of Antwerp,BE,Social Sciences & Management
University of Waikato,NZ,Natural Sciences
University of Waikato,NZ,Arts & Humanities
University of Waikato,NZ,Engineering & Technology
University of Waikato,NZ,Social Sciences & Management
University of Waikato,NZ,Business & Management
University of Waikato,NZ,Life Sciences & Medicine
The Hebrew University of Jerusalem,IL,Engineering & Technology
The Hebrew University of Jerusalem,IL,Natural Sciences
The Hebrew University of Jerusalem,IL,Social Sciences & Management
Politecnico di Torino,IT,Engineering & Technology
Politecnico di Torino,IT,Natural Sciences
Politecnico di Torino,IT,Social Sciences & Management
University of Porto,PT,Engineering & Technology
University of Porto,PT,Natural Sciences
University of Porto,PT,Social Sciences & Management
University of Macau,MO,Engineering & Technology
University of Macau,MO,Natural Sciences
University of Macau,MO,Social Sciences & Management
Case Western Reserve University,US,Engineering & Technology
Case Western Reserve University,US,Natural Sciences
Case Western Reserve University,US,Social Sciences & Management
Harbin Institute of Technology,CN,Computer Science
Harbin Institute of Technology,CN,Engineering & Technology
Maastricht University ,NL,Engineering & Technology
Maastricht University ,NL,Natural Sciences
Maastricht University ,NL,Social Sciences & Management
University of Canterbury | Te Whare Wānanga o Waitaha,NZ,Natural Sciences
University of Canterbury | Te Whare Wānanga o Waitaha,NZ,Arts & Humanities
University of Canterbury | Te Whare Wānanga o Waitaha,NZ,Engineering & Technology
University of Canterbury | Te Whare Wānanga o Waitaha,NZ,Social Sciences & Management
University of Canterbury | Te Whare Wānanga o Waitaha,NZ,Business & Management
University of Canterbury | Te Whare Wānanga o Waitaha,NZ,Life Sciences & Medicine
Vrije Universiteit Brussel (VUB),BE,Engineering & Technology
Vrije Universiteit Brussel (VUB),BE,Natural Sciences
Vrije Universiteit Brussel (VUB),BE,Social Sciences & Management
University of Virginia,US,Engineering & Technology
University of Virginia,US,Natural Sciences
University of Virginia,US,Social Sciences & Management
Vanderbilt University,US,Engineering & Technology
Vanderbilt University,US,Natural Sciences
Vanderbilt University,US,Social Sciences & Management
University of Warsaw ,PL,Natural Sciences
University of Warsaw ,PL,Arts & Humanities
University of Warsaw ,PL,Engineering & Technology
University of Warsaw ,PL,Social Sciences & Management
University of Warsaw ,PL,Business & Management
University of Warsaw ,PL,Life Sciences & Medicine
Gadjah Mada University,ID,Engineering & Technology
Gadjah Mada University,ID,Natural Sciences
Gadjah Mada University,ID,Social Sciences & Management
University of Colorado Boulder,US,Natural Sciences
University of Colorado Boulder,US,Arts & Humanities
University of Colorado Boulder,US,Engineering & Technology
University of Colorado Boulder,US,Social Sciences & Management
University of Colorado Boulder,US,Business & Management
University of Colorado Boulder,US,Life Sciences & Medicine
University of Witwatersrand,ZA,Engineering & Technology
University of Witwatersrand,ZA,Natural Sciences
University of Witwatersrand,ZA,Social Sciences & Management
Ulsan National Institute of Science and Technology (UNIST),KR,Computer Science
Ulsan National Institute of Science and Technology (UNIST),KR,Engineering & Technology
Ulsan National Institute of Science and Technology (UNIST),KR,Natural Sciences
University of Lisbon ,PT,Engineering & Technology
University of Lisbon ,PT,Natural Sciences
University of Lisbon ,PT,Social Sciences & Management
Linköping University,SE,Natural Sciences
Linköping University,SE,Arts & Humanities
Linköping University,SE,Engineering & Technology
Linköping University,SE,Social Sciences & Management
Linköping University,SE,Business & Management
Linköping University,SE,Life Sciences & Medicine
"University of California, Irvine",US,Engineering & Technology
"University of California, Irvine",US,Natural Sciences
"University of California, Irvine",US,Social Sciences & Management
University of Cologne,DE,Engineering & Technology
University of Cologne,DE,Natural Sciences
University of Cologne,DE,Social Sciences & Management
Indian Institute of Technology Kharagpur (IIT-KGP),IN,Computer Science
Indian Institute of Technology Kharagpur (IIT-KGP),IN,Engineering & Technology
Beijing Normal University ,CN,Natural Sciences
Beijing Normal University ,CN,Arts & Humanities
Beijing Normal University ,CN,Engineering & Technology
Beijing Normal University ,CN,Social Sciences & Management
Beijing Normal University ,CN,Business & Management
Beijing Normal University ,CN,Life Sciences & Medicine
University of Leicester,UK,Engineering & Technology
University of Leicester,UK,Natural Sciences
University of Leicester,UK,Social Sciences & Management
North Carolina State University,US,Natural Sciences
North Carolina State University,US,Arts & Humanities
North Carolina State University,US,Engineering & Technology
North Carolina State University,US,Social Sciences & Management
North Carolina State University,US,Business & Management
North Carolina State University,US,Life Sciences & Medicine
Huazhong University of Science and Technology,CN,Computer Science
Huazhong University of Science and Technology,CN,Engineering & Technology
Huazhong University of Science and Technology,CN,Natural Sciences
University of Milan,IT,Engineering & Technology
University of Milan,IT,Natural Sciences
University of Milan,IT,Social Sciences & Management
University of Strathclyde,UK,Natural Sciences
University of Strathclyde,UK,Arts & Humanities
University of Strathclyde,UK,Engineering & Technology
University of Strathclyde,UK,Social Sciences & Management
University of Strathclyde,UK,Business & Management
University of Strathclyde,UK,Life Sciences & Medicine
Indian Institute of Technology Kanpur (IITK),IN,Natural Sciences
Indian Institute of Technology Kanpur (IITK),IN,Arts & Humanities
Indian Institute of Technology Kanpur (IITK),IN,Computer Science
Indian Institute of Technology Kanpur (IITK),IN,Engineering & Technology
Indian Institute of Technology Kanpur (IITK),IN,Social Sciences & Management
Indian Institute of Technology Kanpur (IITK),IN,Business & Management
Indian Institute of Technology Kanpur (IITK),IN,Life Sciences & Medicine
University of Miami,US,Engineering & Technology
University of Miami,US,Natural Sciences
University of Miami,US,Social Sciences & Management
University of Navarra,ES,Engineering & Technology
University of Navarra,ES,Natural Sciences
University of Navarra,ES,Social Sciences & Management
Bandung Institute of Technology (ITB),ID,Natural Sciences
Bandung Institute of Technology (ITB),ID,Arts & Humanities
Bandung Institute of Technology (ITB),ID,Computer Science
Bandung Institute of Technology (ITB),ID,Engineering & Technology
Bandung Institute of Technology (ITB),ID,Social Sciences & Management
Bandung Institute of Technology (ITB),ID,Business & Management
Bandung Institute of Technology (ITB),ID,Life Sciences & Medicine
University of Bergen,NO,Engineering & Technology
University of Bergen,NO,Natural Sciences
University of Bergen,NO,Social Sciences & Management
Stellenbosch University,ZA,Engineering & Technology
Stellenbosch University,ZA,Natural Sciences
Stellenbosch University,ZA,Social Sciences & Management
Taylor's University,MY,Engineering & Technology
Taylor's University,MY,Natural Sciences
Taylor's University,MY,Social Sciences & Management
Indian Institute of Technology Madras (IITM),IN,Natural Sciences
Indian Institute of Technology Madras (IITM),IN,Arts & Humanities
Indian Institute of Technology Madras (IITM),IN,Computer Science
Indian Institute of Technology Madras (IITM),IN,Engineering & Technology
Indian Institute of Technology Madras (IITM),IN,Social Sciences & Management
Indian Institute of Technology Madras (IITM),IN,Business & Management
Indian Institute of Technology Madras (IITM),IN,Life Sciences & Medicine
Swinburne University of Technology,AU,Natural Sciences
Swinburne University of Technology,AU,Arts & Humanities
Swinburne University of Technology,AU,Computer Science
Swinburne University of Technology,AU,Engineering & Technology
Swinburne University of Technology,AU,Social Sciences & Management
Swinburne University of Technology,AU,Business & Management
Swinburne University of Technology,AU,Life Sciences & Medicine
The University of Arizona,US,Engineering & Technology
The University of Arizona,US,Natural Sciences
The University of Arizona,US,Social Sciences & Management
Tianjin University,CN,Natural Sciences
Tianjin University,CN,Arts & Humanities
Tianjin University,CN,Engineering & Technology
Tianjin University,CN,Social Sciences & Management
Tianjin University,CN,Business & Management
Tianjin University,CN,Life Sciences & Medicine
University of Galway,IE,Engineering & Technology
University of Galway,IE,Natural Sciences
University of Galway,IE,Social Sciences & Management
United Arab Emirates University,AE,Engineering & Technology
United Arab Emirates University,AE,Natural Sciences
United Arab Emirates University,AE,Social Sciences & Management
Xi’an Jiaotong University,CN,Engineering & Technology
Xi’an Jiaotong University,CN,Natural Sciences
Xi’an Jiaotong University,CN,Social Sciences & Management
Norwegian University of Science And Technology,NO,Computer Science
Norwegian University of Science And Technology,NO,Engineering & Technology
Norwegian University of Science And Technology,NO,Natural Sciences
University College Cork,IE,Engineering & Technology
University College Cork,IE,Natural Sciences
University College Cork,IE,Social Sciences & Management
Université Grenoble Alpes,FR,Engineering & Technology
Université Grenoble Alpes,FR,Natural Sciences
Université Grenoble Alpes,FR,Social Sciences & Management
Hong Kong Baptist University,HK,Natural Sciences
Hong Kong Baptist University,HK,Arts & Humanities
Hong Kong Baptist University,HK,Engineering & Technology
Hong Kong Baptist University,HK,Social Sciences & Management
Hong Kong Baptist University,HK,Business & Management
Hong Kong Baptist University,HK,Life Sciences & Medicine
University of East Anglia (UEA),UK,Engineering & Technology
University of East Anglia (UEA),UK,Natural Sciences
University of East Anglia (UEA),UK,Social Sciences & Management
Georgetown University,US,Engineering & Technology
Georgetown University,US,Natural Sciences
Georgetown University,US,Social Sciences & Management
Dalhousie University,CA,Engineering & Technology
Dalhousie University,CA,Natural Sciences
Dalhousie University,CA,Social Sciences & Management
Rutgers University–New Brunswick,US,Natural Sciences
Rutgers University–New Brunswick,US,Arts & Humanities
Rutgers University–New Brunswick,US,Engineering & Technology
Rutgers University–New Brunswick,US,Social Sciences & Management
Rutgers University–New Brunswick,US,Business & Management
Rutgers University–New Brunswick,US,Life Sciences & Medicine
UCSI University,MY,Natural Sciences
UCSI University,MY,Arts & Humanities
UCSI University,MY,Engineering & Technology
UCSI University,MY,Social Sciences & Management
UCSI University,MY,Business & Management
UCSI University,MY,Life Sciences & Medicine
Southern University of Science and Technology,CN,Computer Science
Southern University of Science and Technology,CN,Engineering & Technology
Southern University of Science and Technology,CN,Natural Sciences
Goethe-University Frankfurt am Main,DE,Engineering & Technology
Goethe-University Frankfurt am Main,DE,Natural Sciences
Goethe-University Frankfurt am Main,DE,Social Sciences & Management
Virginia Polytechnic Institute and State University,US,Computer Science
Virginia Polytechnic Institute and State University,US,Engineering & Technology
Jagiellonian University,PL,Engineering & Technology
Jagiellonian University,PL,Natural Sciences
Jagiellonian University,PL,Social Sciences & Management
University of Notre Dame,US,Natural Sciences
University of Notre Dame,US,Arts & Humanities
University of Notre Dame,US,Engineering & Technology
University of Notre Dame,US,Social Sciences & Management
University of Notre Dame,US,Business & Management
University of Notre Dame,US,Life Sciences & Medicine
University of Johannesburg,ZA,Natural Sciences
University of Johannesburg,ZA,Arts & Humanities
University of Johannesburg,ZA,Engineering & Technology
University of Johannesburg,ZA,Social Sciences & Management
University of Johannesburg,ZA,Business & Management
University of Johannesburg,ZA,Life Sciences & Medicine
Daegu Gyeongbuk Institute of Science and Technology (DGIST),KR,Computer Science
Daegu Gyeongbuk Institute of Science and Technology (DGIST),KR,Engineering & Technology
Daegu Gyeongbuk Institute of Science and Technology (DGIST),KR,Natural Sciences
Swansea University,UK,Engineering & Technology
Swansea University,UK,Natural Sciences
Swansea University,UK,Social Sciences & Management
Universiti Teknologi PETRONAS (UTP),MY,Engineering & Technology
Universiti Teknologi PETRONAS (UTP),MY,Natural Sciences
Universiti Teknologi PETRONAS (UTP),MY,Social Sciences & Management
University of Tasmania,AU,Natural Sciences
University of Tasmania,AU,Arts & Humanities
University of Tasmania,AU,Engineering & Technology
University of Tasmania,AU,Social Sciences & Management
University of Tasmania,AU,Business & Management
University of Tasmania,AU,Life Sciences & Medicine
Hamad Bin Khalifa University,QA,Engineering & Technology
Hamad Bin Khalifa University,QA,Natural Sciences
Hamad Bin Khalifa University,QA,Social Sciences & Management
Universitat Pompeu Fabra (Barcelona),ES,Engineering & Technology
Universitat Pompeu Fabra (Barcelona),ES,Natural Sciences
Universitat Pompeu Fabra (Barcelona),ES,Social Sciences & Management
Universität Stuttgart,DE,Natural Sciences
Universität Stuttgart,DE,Arts & Humanities
Universität Stuttgart,DE,Engineering & Technology
Universität Stuttgart,DE,Social Sciences & Management
Universität Stuttgart,DE,Business & Management
Universität Stuttgart,DE,Life Sciences & Medicine
Indiana University Bloomington,US,Engineering & Technology
Indiana University Bloomington,US,Natural Sciences
Indiana University Bloomington,US,Social Sciences & Management
University of Oulu,FI,Engineering & Technology
University of Oulu,FI,Natural Sciences
University of Oulu,FI,Social Sciences & Management
Quaid-i-Azam University,PK,Natural Sciences
Quaid-i-Azam University,PK,Arts & Humanities
Quaid-i-Azam University,PK,Engineering & Technology
Quaid-i-Azam University,PK,Social Sciences & Management
Quaid-i-Azam University,PK,Business & Management
Quaid-i-Azam University,PK,Life Sciences & Medicine
Saint Petersburg State University,RU,Engineering & Technology
Saint Petersburg State University,RU,Natural Sciences
Saint Petersburg State University,RU,Social Sciences & Management
University of Turku,FI,Engineering & Technology
University of Turku,FI,Natural Sciences
University of Turku,FI,Social Sciences & Management
Simon Fraser University,CA,Natural Sciences
Simon Fraser University,CA,Arts & Humanities
Simon Fraser University,CA,Engineering & Technology
Simon Fraser University,CA,Social Sciences & Management
Simon Fraser University,CA,Business & Management
Simon Fraser University,CA,Life Sciences & Medicine
Bauman Moscow State Technical University,RU,Natural Sciences
Bauman Moscow State Technical University,RU,Arts & Humanities
Bauman Moscow State Technical University,RU,Computer Science
Bauman Moscow State Technical University,RU,Engineering & Technology
Bauman Moscow State Technical University,RU,Social Sciences & Management
Bauman Moscow State Technical University,RU,Business & Management
Bauman Moscow State Technical University,RU,Life Sciences & Medicine
Sciences Po ,FR,Natural Sciences
Universidad Carlos III de Madrid (UC3M),ES,Engineering & Technology
Universidad Carlos III de Madrid (UC3M),ES,Natural Sciences
Universidad Carlos III de Madrid (UC3M),ES,Social Sciences & Management
University of Victoria (UVic),CA,Natural Sciences
University of Victoria (UVic),CA,Arts & Humanities
University of Victoria (UVic),CA,Engineering & Technology
University of Victoria (UVic),CA,Social Sciences & Management
University of Victoria (UVic),CA,Business & Management
University of Victoria (UVic),CA,Life Sciences & Medicine
Sun Yat-sen University,CN,Engineering & Technology
Sun Yat-sen University,CN,Natural Sciences
Sun Yat-sen University,CN,Social Sciences & Management
University of Illinois at Chicago (UIC),US,Engineering & Technology
University of Illinois at Chicago (UIC),US,Natural Sciences
University of Illinois at Chicago (UIC),US,Social Sciences & Management
University of Pretoria,ZA,Engineering & Technology
University of Pretoria,ZA,Natural Sciences
University of Pretoria,ZA,Social Sciences & Management
University of South Australia,AU,Natural Sciences
University of South Australia,AU,Arts & Humanities
University of South Australia,AU,Engineering & Technology
University of South Australia,AU,Social Sciences & Management
University of South Australia,AU,Business & Management
University of South Australia,AU,Life Sciences & Medicine
University of Southern Denmark (SDU),DK,Natural Sciences
University of Southern Denmark (SDU),DK,Arts & Humanities
University of Southern Denmark (SDU),DK,Engineering & Technology
University of Southern Denmark (SDU),DK,Social Sciences & Management
University of Southern Denmark (SDU),DK,Business & Management
University of Southern Denmark (SDU),DK,Life Sciences & Medicine
"City, University of London",UK,Natural Sciences
"City, University of London",UK,Arts & Humanities
"City, University of London",UK,Engineering & Technology
"City, University of London",UK,Social Sciences & Management
"City, University of London",UK,Business & Management
"City, University of London",UK,Life Sciences & Medicine
Gwangju Institute of Science and Technology (GIST),KR,Computer Science
Gwangju Institute of Science and Technology (GIST),KR,Engineering & Technology
Gwangju Institute of Science and Technology (GIST),KR,Natural Sciences
Université Paris 1 Panthéon-Sorbonne ,FR,Engineering & Technology
Université Paris 1 Panthéon-Sorbonne ,FR,Natural Sciences
Université Paris 1 Panthéon-Sorbonne ,FR,Social Sciences & Management
USI - Università della Svizzera italiana,CH,Engineering & Technology
USI - Università della Svizzera italiana,CH,Natural Sciences
USI - Università della Svizzera italiana,CH,Social Sciences & Management
Kyung Hee University,KR,Engineering & Technology
Kyung Hee University,KR,Natural Sciences
Kyung Hee University,KR,Social Sciences & Management
"University of California, Santa Cruz",US,Natural Sciences
"University of California, Santa Cruz",US,Arts & Humanities
"University of California, Santa Cruz",US,Engineering & Technology
"University of California, Santa Cruz",US,Social Sciences & Management
"University of California, Santa Cruz",US,Business & Management
"University of California, Santa Cruz",US,Life Sciences & Medicine
Sharif University of Technology,IR,Computer Science
Sharif University of Technology,IR,Engineering & Technology
University of Naples - Federico II,IT,Engineering & Technology
University of Naples - Federico II,IT,Natural Sciences
University of Naples - Federico II,IT,Social Sciences & Management
Aalborg University,DK,Engineering & Technology
Aalborg University,DK,Natural Sciences
Aalborg University,DK,Social Sciences & Management
Middle East Technical University,TR,Natural Sciences
Middle East Technical University,TR,Arts & Humanities
Middle East Technical University,TR,Computer Science
Middle East Technical University,TR,Engineering & Technology
Middle East Technical University,TR,Social Sciences & Management
Middle East Technical University,TR,Business & Management
Middle East Technical University,TR,Life Sciences & Medicine
Pontificia Universidad Católica del Perú,PE,Engineering & Technology
Pontificia Universidad Católica del Perú,PE,Natural Sciences
Pontificia Universidad Católica del Perú,PE,Social Sciences & Management
University of Kent,UK,Natural Sciences
University of Kent,UK,Arts & Humanities
University of Kent,UK,Engineering & Technology
University of Kent,UK,Social Sciences & Management
University of Kent,UK,Business & Management
University of Kent,UK,Life Sciences & Medicine
Beijing Institute of Technology,CN,Computer Science
Beijing Institute of Technology,CN,Engineering & Technology
George Washington University,US,Engineering & Technology
George Washington University,US,Natural Sciences
George Washington University,US,Social Sciences & Management
RUDN University,RU,Engineering & Technology
RUDN University,RU,Natural Sciences
RUDN University,RU,Social Sciences & Management
Brunel University London,UK,Natural Sciences
Brunel University London,UK,Arts & Humanities
Brunel University London,UK,Engineering & Technology
Brunel University London,UK,Social Sciences & Management
Brunel University London,UK,Business & Management
Brunel University London,UK,Life Sciences & Medicine
University of Aveiro,PT,Natural Sciences
University of Aveiro,PT,Arts & Humanities
University of Aveiro,PT,Engineering & Technology
University of Aveiro,PT,Social Sciences & Management
University of Aveiro,PT,Business & Management
University of Aveiro,PT,Life Sciences & Medicine
Airlangga University,ID,Engineering & Technology
Airlangga University,ID,Natural Sciences
Airlangga University,ID,Social Sciences & Management
University of Saskatchewan,CA,Engineering & Technology
University of Saskatchewan,CA,Natural Sciences
University of Saskatchewan,CA,Social Sciences & Management
National Technical University of Athens,GR,Computer Science
National Technical University of Athens,GR,Engineering & Technology
Pontificia Universidad Javeriana,CO,Engineering & Technology
Pontificia Universidad Javeriana,CO,Natural Sciences
Pontificia Universidad Javeriana,CO,Social Sciences & Management
Universidad Politécnica de Madrid (UPM),ES,Engineering & Technology
Universidad Politécnica de Madrid (UPM),ES,Natural Sciences
Universidad Politécnica de Madrid (UPM),ES,Social Sciences & Management
University of Pisa,IT,Engineering & Technology
University of Pisa,IT,Natural Sciences
University of Pisa,IT,Social Sciences & Management
Lappeenranta-Lahti University of Technology LUT,FI,Computer Science
Lappeenranta-Lahti University of Technology LUT,FI,Engineering & Technology
University of Coimbra,PT,Engineering & Technology
University of Coimbra,PT,Natural Sciences
University of Coimbra,PT,Social Sciences & Management
York University,CA,Natural Sciences
York University,CA,Arts & Humanities
York University,CA,Engineering & Technology
York University,CA,Social Sciences & Management
York University,CA,Business & Management
York University,CA,Life Sciences & Medicine
Universitat Politècnica de Catalunya · BarcelonaTech (UPC),ES,Computer Science
Universitat Politècnica de Catalunya · BarcelonaTech (UPC),ES,Engineering & Technology
L.N. Gumilyov Eurasian National University (ENU),KZ,Engineering & Technology
L.N. Gumilyov Eurasian National University (ENU),KZ,Natural Sciences
L.N. Gumilyov Eurasian National University (ENU),KZ,Social Sciences & Management
Sichuan University,CN,Engineering & Technology
Sichuan University,CN,Natural Sciences
Sichuan University,CN,Social Sciences & Management
University of Tsukuba,JP,Engineering & Technology
University of Tsukuba,JP,Natural Sciences
University of Tsukuba,JP,Social Sciences & Management
University of Florence,IT,Engineering & Technology
University of Florence,IT,Natural Sciences
University of Florence,IT,Social Sciences & Management
University of Tartu,EE,Engineering & Technology
University of Tartu,EE,Natural Sciences
University of Tartu,EE,Social Sciences & Management
Shandong University,CN,Engineering & Technology
Shandong University,CN,Natural Sciences
Shandong University,CN,Social Sciences & Management
University of Tehran,IR,Natural Sciences
University of Tehran,IR,Arts & Humanities
University of Tehran,IR,Engineering & Technology
University of Tehran,IR,Social Sciences & Management
University of Tehran,IR,Business & Management
University of Tehran,IR,Life Sciences & Medicine
Lincoln University ,NZ,Natural Sciences
Lincoln University ,NZ,Arts & Humanities
Lincoln University ,NZ,Engineering & Technology
Lincoln University ,NZ,Social Sciences & Management
Lincoln University ,NZ,Business & Management
Lincoln University ,NZ,Life Sciences & Medicine
Universität Innsbruck,AT,Engineering & Technology
Universität Innsbruck,AT,Natural Sciences
Universität Innsbruck,AT,Social Sciences & Management
American University of Sharjah,AE,Natural Sciences
American University of Sharjah,AE,Arts & Humanities
American University of Sharjah,AE,Engineering & Technology
American University of Sharjah,AE,Social Sciences & Management
American University of Sharjah,AE,Business & Management
American University of Sharjah,AE,Life Sciences & Medicine
Indian Institute of Technology Guwahati (IITG),IN,Natural Sciences
Indian Institute of Technology Guwahati (IITG),IN,Arts & Humanities
Indian Institute of Technology Guwahati (IITG),IN,Computer Science
Indian Institute of Technology Guwahati (IITG),IN,Engineering & Technology
Indian Institute of Technology Guwahati (IITG),IN,Social Sciences & Management
Indian Institute of Technology Guwahati (IITG),IN,Business & Management
Indian Institute of Technology Guwahati (IITG),IN,Life Sciences & Medicine
University of Turin,IT,Engineering & Technology
University of Turin,IT,Natural Sciences
University of Turin,IT,Social Sciences & Management
National University of Sciences And Technology (NUST) Islamabad,PK,Natural Sciences
National University of Sciences And Technology (NUST) Islamabad,PK,Arts & Humanities
National University of Sciences And Technology (NUST) Islamabad,PK,Computer Science
National University of Sciences And Technology (NUST) Islamabad,PK,Engineering & Technology
National University of Sciences And Technology (NUST) Islamabad,PK,Social Sciences & Management
National University of Sciences And Technology (NUST) Islamabad,PK,Business & Management
National University of Sciences And Technology (NUST) Islamabad,PK,Life Sciences & Medicine
University of Cyprus (UCY),CY,Natural Sciences
University of Cyprus (UCY),CY,Arts & Humanities
University of Cyprus (UCY),CY,Engineering & Technology
University of Cyprus (UCY),CY,Social Sciences & Management
University of Cyprus (UCY),CY,Business & Management
University of Cyprus (UCY),CY,Life Sciences & Medicine
Indian Institute of Technology Roorkee (IITR),IN,Computer Science
Indian Institute of Technology Roorkee (IITR),IN,Engineering & Technology
Yeshiva University,US,Engineering & Technology
Yeshiva University,US,Natural Sciences
Yeshiva University,US,Social Sciences & Management
Cairo University,EG,Engineering & Technology
Cairo University,EG,Natural Sciences
Cairo University,EG,Social Sciences & Management
Tilburg University,NL,Engineering & Technology
Tilburg University,NL,Natural Sciences
Tilburg University,NL,Social Sciences & Management
Universidade Federal do Rio de Janeiro,BR,Engineering & Technology
Universidade Federal do Rio de Janeiro,BR,Natural Sciences
Universidade Federal do Rio de Janeiro,BR,Social Sciences & Management
"Birkbeck, University of London",UK,Engineering & Technology
"Birkbeck, University of London",UK,Natural Sciences
"Birkbeck, University of London",UK,Social Sciences & Management
 Western Sydney University,AU,Engineering & Technology
 Western Sydney University,AU,Natural Sciences
 Western Sydney University,AU,Social Sciences & Management
Amirkabir University of Technology,IR,Computer Science
Amirkabir University of Technology,IR,Engineering & Technology
Northeastern University,US,Natural Sciences
Northeastern University,US,Arts & Humanities
Northeastern University,US,Engineering & Technology
Northeastern University,US,Social Sciences & Management
Northeastern University,US,Business & Management
Northeastern University,US,Life Sciences & Medicine
Ruhr-Universität Bochum,DE,Engineering & Technology
Ruhr-Universität Bochum,DE,Natural Sciences
Ruhr-Universität Bochum,DE,Social Sciences & Management
Tufts University,US,Engineering & Technology
Tufts University,US,Natural Sciences
Tufts University,US,Social Sciences & Management
Flinders University,AU,Engineering & Technology
Flinders University,AU,Natural Sciences
Flinders University,AU,Social Sciences & Management
University of Luxembourg,LU,Natural Sciences
University of Luxembourg,LU,Arts & Humanities
University of Luxembourg,LU,Engineering & Technology
University of Luxembourg,LU,Social Sciences & Management
University of Luxembourg,LU,Business & Management
University of Luxembourg,LU,Life Sciences & Medicine
Mahidol University,TH,Engineering & Technology
Mahidol University,TH,Natural Sciences
Mahidol University,TH,Social Sciences & Management
Université de Montpellier,FR,Engineering & Technology
Université de Montpellier,FR,Natural Sciences
Université de Montpellier,FR,Social Sciences & Management
Nankai University,CN,Engineering & Technology
Nankai University,CN,Natural Sciences
Nankai University,CN,Social Sciences & Management
Westfälische Wilhelms-Universität Münster ,DE,Engineering & Technology
Westfälische Wilhelms-Universität Münster ,DE,Natural Sciences
Westfälische Wilhelms-Universität Münster ,DE,Social Sciences & Management
University of Hawaiʻi at Mānoa,US,Engineering & Technology
University of Hawaiʻi at Mānoa,US,Natural Sciences
University of Hawaiʻi at Mānoa,US,Social Sciences & Management
Aix-Marseille University,FR,Engineering & Technology
Aix-Marseille University,FR,Natural Sciences
Aix-Marseille University,FR,Social Sciences & Management
Belarusian State University,BY,Engineering & Technology
Belarusian State University,BY,Natural Sciences
Belarusian State University,BY,Social Sciences & Management
Concordia University,CA,Natural Sciences
Concordia University,CA,Arts & Humanities
Concordia University,CA,Engineering & Technology
Concordia University,CA,Social Sciences & Management
Concordia University,CA,Business & Management
Concordia University,CA,Life Sciences & Medicine
National Taiwan University of Science and Technology (Taiwan Tech),TW,Computer Science
National Taiwan University of Science and Technology (Taiwan Tech),TW,Engineering & Technology
National Taiwan University of Science and Technology (Taiwan Tech),TW,Natural Sciences
Universiti Brunei Darussalam (UBD),BN,Natural Sciences
Universiti Brunei Darussalam (UBD),BN,Arts & Humanities
Universiti Brunei Darussalam (UBD),BN,Engineering & Technology
Universiti Brunei Darussalam (UBD),BN,Social Sciences & Management
Universiti Brunei Darussalam (UBD),BN,Business & Management
Universiti Brunei Darussalam (UBD),BN,Life Sciences & Medicine
Institut National des Sciences Appliquées de Lyon (INSA),FR,Natural Sciences
South China University of Technology,CN,Natural Sciences
South China University of Technology,CN,Arts & Humanities
South China University of Technology,CN,Computer Science
South China University of Technology,CN,Engineering & Technology
South China University of Technology,CN,Social Sciences & Management
South China University of Technology,CN,Business & Management
South China University of Technology,CN,Life Sciences & Medicine
Technion - Israel Institute of Technology,IL,Computer Science
Technion - Israel Institute of Technology,IL,Engineering & Technology
Xiamen University,CN,Engineering & Technology
Xiamen University,CN,Natural Sciences
Xiamen University,CN,Social Sciences & Management
Justus-Liebig-University Giessen,DE,Engineering & Technology
Justus-Liebig-University Giessen,DE,Natural Sciences
Justus-Liebig-University Giessen,DE,Social Sciences & Management
Kazan (Volga region) Federal University,RU,Engineering & Technology
Kazan (Volga region) Federal University,RU,Natural Sciences
Kazan (Volga region) Federal University,RU,Social Sciences & Management
"Stony Brook University, State University of New York",US,Engineering & Technology
"Stony Brook University, State University of New York",US,Natural Sciences
"Stony Brook University, State University of New York",US,Social Sciences & Management
HSE University,RU,Engineering & Technology
HSE University,RU,Natural Sciences
HSE University,RU,Social Sciences & Management
Iowa State University,US,Natural Sciences
Iowa State University,US,Arts & Humanities
Iowa State University,US,Engineering & Technology
Iowa State University,US,Social Sciences & Management
Iowa State University,US,Business & Management
Iowa State University,US,Life Sciences & Medicine
Masaryk University,CZ,Natural Sciences
Masaryk University,CZ,Arts & Humanities
Masaryk University,CZ,Engineering & Technology
Masaryk University,CZ,Social Sciences & Management
Masaryk University,CZ,Business & Management
Masaryk University,CZ,Life Sciences & Medicine
Universidade Nova de Lisboa,PT,Engineering & Technology
Universidade Nova de Lisboa,PT,Natural Sciences
Universidade Nova de Lisboa,PT,Social Sciences & Management
University of Granada,ES,Engineering & Technology
University of Granada,ES,Natural Sciences
University of Granada,ES,Social Sciences & Management
Istanbul Technical University,TR,Computer Science
Istanbul Technical University,TR,Engineering & Technology
"University of California, Riverside",US,Engineering & Technology
"University of California, Riverside",US,Natural Sciences
"University of California, Riverside",US,Social Sciences & Management
University of the Philippines,PH,Engineering & Technology
University of the Philippines,PH,Natural Sciences
University of the Philippines,PH,Social Sciences & Management
Auckland University of Technology (AUT),NZ,Natural Sciences
Auckland University of Technology (AUT),NZ,Arts & Humanities
Auckland University of Technology (AUT),NZ,Computer Science
Auckland University of Technology (AUT),NZ,Engineering & Technology
Auckland University of Technology (AUT),NZ,Social Sciences & Management
Auckland University of Technology (AUT),NZ,Business & Management
Auckland University of Technology (AUT),NZ,Life Sciences & Medicine
University of Delhi,IN,Engineering & Technology
University of Delhi,IN,Natural Sciences
University of Delhi,IN,Social Sciences & Management
Colorado State University,US,Natural Sciences
Colorado State University,US,Arts & Humanities
Colorado State University,US,Engineering & Technology
Colorado State University,US,Social Sciences & Management
Colorado State University,US,Business & Management
Colorado State University,US,Life Sciences & Medicine
Universidad de Santiago de Chile (USACH),CL,Engineering & Technology
Universidad de Santiago de Chile (USACH),CL,Natural Sciences
Universidad de Santiago de Chile (USACH),CL,Social Sciences & Management
University of Kansas,US,Engineering & Technology
University of Kansas,US,Natural Sciences
University of Kansas,US,Social Sciences & Management
University of Southern Queensland ,AU,Natural Sciences
University of Southern Queensland ,AU,Arts & Humanities
University of Southern Queensland ,AU,Engineering & Technology
University of Southern Queensland ,AU,Social Sciences & Management
University of Southern Queensland ,AU,Business & Management
University of Southern Queensland ,AU,Life Sciences & Medicine
Oxford Brookes University,UK,Natural Sciences
Oxford Brookes University,UK,Arts & Humanities
Oxford Brookes University,UK,Engineering & Technology
Oxford Brookes University,UK,Social Sciences & Management
Oxford Brookes University,UK,Business & Management
Oxford Brookes University,UK,Life Sciences & Medicine
Royal Holloway University of London,UK,Natural Sciences
Royal Holloway University of London,UK,Arts & Humanities
Royal Holloway University of London,UK,Engineering & Technology
Royal Holloway University of London,UK,Social Sciences & Management
Royal Holloway University of London,UK,Business & Management
Royal Holloway University of London,UK,Life Sciences & Medicine
James Cook University,AU,Engineering & Technology
James Cook University,AU,Natural Sciences
James Cook University,AU,Social Sciences & Management
Moscow Institute of Physics and Technology (MIPT / Moscow Phystech),RU,Computer Science
Moscow Institute of Physics and Technology (MIPT / Moscow Phystech),RU,Engineering & Technology
Moscow Institute of Physics and Technology (MIPT / Moscow Phystech),RU,Natural Sciences
The American University in Cairo,EG,Natural Sciences
The American University in Cairo,EG,Arts & Humanities
The American University in Cairo,EG,Engineering & Technology
The American University in Cairo,EG,Social Sciences & Management
The American University in Cairo,EG,Business & Management
The American University in Cairo,EG,Life Sciences & Medicine
Tomsk State University,RU,Natural Sciences
Tomsk State University,RU,Arts & Humanities
Tomsk State University,RU,Engineering & Technology
Tomsk State University,RU,Social Sciences & Management
Tomsk State University,RU,Business & Management
Tomsk State University,RU,Life Sciences & Medicine
UNESP,BR,Engineering & Technology
UNESP,BR,Natural Sciences
UNESP,BR,Social Sciences & Management
Washington State University,US,Engineering & Technology
Washington State University,US,Natural Sciences
Washington State University,US,Social Sciences & Management
Graz University of Technology,AT,Computer Science
Graz University of Technology,AT,Engineering & Technology
Novosibirsk State University,RU,Natural Sciences
Novosibirsk State University,RU,Arts & Humanities
Novosibirsk State University,RU,Engineering & Technology
Novosibirsk State University,RU,Social Sciences & Management
Novosibirsk State University,RU,Business & Management
Novosibirsk State University,RU,Life Sciences & Medicine
Université de Liège,BE,Engineering & Technology
Université de Liège,BE,Natural Sciences
Université de Liège,BE,Social Sciences & Management
Université de Strasbourg,FR,Engineering & Technology
Université de Strasbourg,FR,Natural Sciences
Université de Strasbourg,FR,Social Sciences & Management
University of Canberra ,AU,Natural Sciences
University of Canberra ,AU,Arts & Humanities
University of Canberra ,AU,Engineering & Technology
University of Canberra ,AU,Social Sciences & Management
University of Canberra ,AU,Business & Management
University of Canberra ,AU,Life Sciences & Medicine
University of Limerick,IE,Engineering & Technology
University of Limerick,IE,Natural Sciences
University of Limerick,IE,Social Sciences & Management
Anna University,IN,Engineering & Technology
Anna University,IN,Natural Sciences
Anna University,IN,Social Sciences & Management
IE University,ES,Engineering & Technology
IE University,ES,Natural Sciences
IE University,ES,Social Sciences & Management
Singapore University of Technology and Design,SG,Computer Science
Singapore University of Technology and Design,SG,Engineering & Technology
Singapore University of Technology and Design,SG,Arts & Humanities
University of Trento,IT,Natural Sciences
University of Trento,IT,Arts & Humanities
University of Trento,IT,Engineering & Technology
University of Trento,IT,Social Sciences & Management
University of Trento,IT,Business & Management
University of Trento,IT,Life Sciences & Medicine
Koç University,TR,Engineering & Technology
Koç University,TR,Natural Sciences
Koç University,TR,Social Sciences & Management
Murdoch University,AU,Natural Sciences
Murdoch University,AU,Arts & Humanities
Murdoch University,AU,Engineering & Technology
Murdoch University,AU,Social Sciences & Management
Murdoch University,AU,Business & Management
Murdoch University,AU,Life Sciences & Medicine
National Taipei University of Technology,TW,Computer Science
National Taipei University of Technology,TW,Engineering & Technology
National Taiwan Normal University,TW,Natural Sciences
National Taiwan Normal University,TW,Arts & Humanities
National Taiwan Normal University,TW,Engineering & Technology
National Taiwan Normal University,TW,Social Sciences & Management
National Taiwan Normal University,TW,Business & Management
National Taiwan Normal University,TW,Life Sciences & Medicine
University of Stirling,UK,Natural Sciences
University of Stirling,UK,Arts & Humanities
University of Stirling,UK,Engineering & Technology
University of Stirling,UK,Social Sciences & Management
University of Stirling,UK,Business & Management
University of Stirling,UK,Life Sciences & Medicine
Dublin City University,IE,Engineering & Technology
Dublin City University,IE,Natural Sciences
Dublin City University,IE,Social Sciences & Management
Sejong University ,KR,Natural Sciences
Sejong University ,KR,Arts & Humanities
Sejong University ,KR,Engineering & Technology
Sejong University ,KR,Social Sciences & Management
Sejong University ,KR,Business & Management
Sejong University ,KR,Life Sciences & Medicine
Tampere University,FI,Engineering & Technology
Tampere University,FI,Natural Sciences
Tampere University,FI,Social Sciences & Management
University of Science and Technology Beijing,CN,Natural Sciences
University of Science and Technology Beijing,CN,Arts & Humanities
University of Science and Technology Beijing,CN,Computer Science
University of Science and Technology Beijing,CN,Engineering & Technology
University of Science and Technology Beijing,CN,Social Sciences & Management
University of Science and Technology Beijing,CN,Business & Management
University of Science and Technology Beijing,CN,Life Sciences & Medicine
University of St.Gallen (HSG),CH,Engineering & Technology
University of St.Gallen (HSG),CH,Natural Sciences
University of St.Gallen (HSG),CH,Social Sciences & Management
Julius-Maximilians-Universität Würzburg,DE,Engineering & Technology
Julius-Maximilians-Universität Würzburg,DE,Natural Sciences
Julius-Maximilians-Universität Würzburg,DE,Social Sciences & Management
 University of Dundee,UK,Engineering & Technology
 University of Dundee,UK,Natural Sciences
 University of Dundee,UK,Social Sciences & Management
Université Laval,CA,Engineering & Technology
Université Laval,CA,Natural Sciences
Université Laval,CA,Social Sciences & Management
University of Utah,US,Engineering & Technology
University of Utah,US,Natural Sciences
University of Utah,US,Social Sciences & Management
National and Kapodistrian University of Athens,GR,Engineering & Technology
National and Kapodistrian University of Athens,GR,Natural Sciences
National and Kapodistrian University of Athens,GR,Social Sciences & Management
University of Connecticut,US,Engineering & Technology
University of Connecticut,US,Natural Sciences
University of Connecticut,US,Social Sciences & Management
Aston University,UK,Natural Sciences
Aston University,UK,Arts & Humanities
Aston University,UK,Engineering & Technology
Aston University,UK,Social Sciences & Management
Aston University,UK,Business & Management
Aston University,UK,Life Sciences & Medicine
Johannes Kepler University Linz,AT,Natural Sciences
Johannes Kepler University Linz,AT,Arts & Humanities
Johannes Kepler University Linz,AT,Engineering & Technology
Johannes Kepler University Linz,AT,Social Sciences & Management
Johannes Kepler University Linz,AT,Business & Management
Johannes Kepler University Linz,AT,Life Sciences & Medicine
"The University of Tennessee, Knoxville",US,Engineering & Technology
"The University of Tennessee, Knoxville",US,Natural Sciences
"The University of Tennessee, Knoxville",US,Social Sciences & Management
Toyota Technological Institute in Japan,JP,Computer Science
Toyota Technological Institute in Japan,JP,Engineering & Technology
University of Jyväskylä,FI,Engineering & Technology
University of Jyväskylä,FI,Natural Sciences
University of Jyväskylä,FI,Social Sciences & Management
Iran University of Science and Technology,IR,Computer Science
Iran University of Science and Technology,IR,Engineering & Technology
Iran University of Science and Technology,IR,Natural Sciences
Central South University,CN,Engineering & Technology
Central South University,CN,Natural Sciences
Central South University,CN,Social Sciences & Management
Université Claude Bernard Lyon 1,FR,Engineering & Technology
Université Claude Bernard Lyon 1,FR,Natural Sciences
Université Claude Bernard Lyon 1,FR,Social Sciences & Management
Czech Technical University in Prague,CZ,Computer Science
Czech Technical University in Prague,CZ,Engineering & Technology
Indian Institute of Technology Indore (IIT Indore),IN,Computer Science
Indian Institute of Technology Indore (IIT Indore),IN,Engineering & Technology
Southeast University,CN,Engineering & Technology
Southeast University,CN,Natural Sciences
Southeast University,CN,Social Sciences & Management
Sultan Qaboos University,OM,Engineering & Technology
Sultan Qaboos University,OM,Natural Sciences
Sultan Qaboos University,OM,Social Sciences & Management
Universität Mannheim,DE,Engineering & Technology
Universität Mannheim,DE,Natural Sciences
Universität Mannheim,DE,Social Sciences & Management
"Essex, University of",UK,Natural Sciences
"Essex, University of",UK,Arts & Humanities
"Essex, University of",UK,Engineering & Technology
"Essex, University of",UK,Social Sciences & Management
"Essex, University of",UK,Business & Management
"Essex, University of",UK,Life Sciences & Medicine
Universität Potsdam,DE,Engineering & Technology
Universität Potsdam,DE,Natural Sciences
Universität Potsdam,DE,Social Sciences & Management
Florida State University,US,Engineering & Technology
Florida State University,US,Natural Sciences
Florida State University,US,Social Sciences & Management
National Research Nuclear University MEPhI (Moscow Engineering Physics Institute),RU,Computer Science
National Research Nuclear University MEPhI (Moscow Engineering Physics Institute),RU,Engineering & Technology
National Research Nuclear University MEPhI (Moscow Engineering Physics Institute),RU,Natural Sciences
Universität Jena,DE,Engineering & Technology
Universität Jena,DE,Natural Sciences
Universität Jena,DE,Social Sciences & Management
Johannes Gutenberg Universität Mainz,DE,Engineering & Technology
Johannes Gutenberg Universität Mainz,DE,Natural Sciences
Johannes Gutenberg Universität Mainz,DE,Social Sciences & Management
Colorado School of Mines,US,Engineering & Technology
Colorado School of Mines,US,Natural Sciences
Colorado School of Mines,US,Social Sciences & Management
Umea University,SE,Engineering & Technology
Umea University,SE,Natural Sciences
Umea University,SE,Social Sciences & Management
University of Bordeaux,FR,Engineering & Technology
University of Bordeaux,FR,Natural Sciences
University of Bordeaux,FR,Social Sciences & Management
University of Sharjah,AE,Natural Sciences
University of Sharjah,AE,Arts & Humanities
University of Sharjah,AE,Engineering & Technology
University of Sharjah,AE,Social Sciences & Management
University of Sharjah,AE,Business & Management
University of Sharjah,AE,Life Sciences & Medicine
Ben-Gurion University of The Negev,IL,Engineering & Technology
Ben-Gurion University of The Negev,IL,Natural Sciences
Ben-Gurion University of The Negev,IL,Social Sciences & Management
Illinois Institute of Technology,US,Natural Sciences
Illinois Institute of Technology,US,Arts & Humanities
Illinois Institute of Technology,US,Computer Science
Illinois Institute of Technology,US,Engineering & Technology
Illinois Institute of Technology,US,Social Sciences & Management
Illinois Institute of Technology,US,Business & Management
Illinois Institute of Technology,US,Life Sciences & Medicine
Università degli Studi di Pavia,IT,Engineering & Technology
Università degli Studi di Pavia,IT,Natural Sciences
Università degli Studi di Pavia,IT,Social Sciences & Management
Hiroshima University,JP,Engineering & Technology
Hiroshima University,JP,Natural Sciences
Hiroshima University,JP,Social Sciences & Management
Beihang University (former BUAA),CN,Natural Sciences
Beihang University (former BUAA),CN,Arts & Humanities
Beihang University (former BUAA),CN,Engineering & Technology
Beihang University (former BUAA),CN,Social Sciences & Management
Beihang University (former BUAA),CN,Business & Management
Beihang University (former BUAA),CN,Life Sciences & Medicine
Ural Federal University - UrFU,RU,Natural Sciences
Ural Federal University - UrFU,RU,Arts & Humanities
Ural Federal University - UrFU,RU,Engineering & Technology
Ural Federal University - UrFU,RU,Social Sciences & Management
Ural Federal University - UrFU,RU,Business & Management
Ural Federal University - UrFU,RU,Life Sciences & Medicine
Vilnius University ,LT,Engineering & Technology
Vilnius University ,LT,Natural Sciences
Vilnius University ,LT,Social Sciences & Management
Kobe University,JP,Engineering & Technology
Kobe University,JP,Natural Sciences
Kobe University,JP,Social Sciences & Management
Universitat Politècnica de València,ES,Natural Sciences
Universitat Politècnica de València,ES,Arts & Humanities
Universitat Politècnica de València,ES,Engineering & Technology
Universitat Politècnica de València,ES,Social Sciences & Management
Universitat Politècnica de València,ES,Business & Management
Universitat Politècnica de València,ES,Life Sciences & Medicine
Universität Konstanz,DE,Natural Sciences
Universität Konstanz,DE,Arts & Humanities
Universität Konstanz,DE,Engineering & Technology
Universität Konstanz,DE,Social Sciences & Management
Universität Konstanz,DE,Business & Management
Universität Konstanz,DE,Life Sciences & Medicine
Universität Leipzig,DE,Engineering & Technology
Universität Leipzig,DE,Natural Sciences
Universität Leipzig,DE,Social Sciences & Management
Missouri University of Science and Technology,US,Natural Sciences
Missouri University of Science and Technology,US,Arts & Humanities
Missouri University of Science and Technology,US,Computer Science
Missouri University of Science and Technology,US,Engineering & Technology
Missouri University of Science and Technology,US,Social Sciences & Management
Missouri University of Science and Technology,US,Business & Management
Missouri University of Science and Technology,US,Life Sciences & Medicine
Bangor University,UK,Engineering & Technology
Bangor University,UK,Natural Sciences
Bangor University,UK,Social Sciences & Management
Hitotsubashi University,JP,Engineering & Technology
Hitotsubashi University,JP,Natural Sciences
Hitotsubashi University,JP,Social Sciences & Management
Leibniz University Hannover,DE,Natural Sciences
Leibniz University Hannover,DE,Arts & Humanities
Leibniz University Hannover,DE,Engineering & Technology
Leibniz University Hannover,DE,Social Sciences & Management
Leibniz University Hannover,DE,Business & Management
Leibniz University Hannover,DE,Life Sciences & Medicine
Satbayev University,KZ,Engineering & Technology
Satbayev University,KZ,Natural Sciences
Satbayev University,KZ,Social Sciences & Management
University of Milano-Bicocca ,IT,Engineering & Technology
University of Milano-Bicocca ,IT,Natural Sciences
University of Milano-Bicocca ,IT,Social Sciences & Management
Universitat de Valencia,ES,Engineering & Technology
Universitat de Valencia,ES,Natural Sciences
Universitat de Valencia,ES,Social Sciences & Management
University of Electronic Science and Technology of China,CN,Natural Sciences
University of Electronic Science and Technology of China,CN,Arts & Humanities
University of Electronic Science and Technology of China,CN,Computer Science
University of Electronic Science and Technology of China,CN,Engineering & Technology
University of Electronic Science and Technology of China,CN,Social Sciences & Management
University of Electronic Science and Technology of China,CN,Business & Management
University of Electronic Science and Technology of China,CN,Life Sciences & Medicine
University of Guelph,CA,Natural Sciences
University of Guelph,CA,Arts & Humanities
University of Guelph,CA,Engineering & Technology
University of Guelph,CA,Social Sciences & Management
University of Guelph,CA,Business & Management
University of Guelph,CA,Life Sciences & Medicine
IPB University (a.k.a. Bogor Agricultural University),ID,Natural Sciences
IPB University (a.k.a. Bogor Agricultural University),ID,Arts & Humanities
IPB University (a.k.a. Bogor Agricultural University),ID,Engineering & Technology
IPB University (a.k.a. Bogor Agricultural University),ID,Social Sciences & Management
IPB University (a.k.a. Bogor Agricultural University),ID,Business & Management
IPB University (a.k.a. Bogor Agricultural University),ID,Life Sciences & Medicine
"University of Rome ""Tor Vergata""",IT,Natural Sciences
"University of Rome ""Tor Vergata""",IT,Arts & Humanities
"University of Rome ""Tor Vergata""",IT,Engineering & Technology
"University of Rome ""Tor Vergata""",IT,Social Sciences & Management
"University of Rome ""Tor Vergata""",IT,Business & Management
"University of Rome ""Tor Vergata""",IT,Life Sciences & Medicine
Dalian University of Technology,CN,Natural Sciences
Dalian University of Technology,CN,Arts & Humanities
Dalian University of Technology,CN,Computer Science
Dalian University of Technology,CN,Engineering & Technology
Dalian University of Technology,CN,Social Sciences & Management
Dalian University of Technology,CN,Business & Management
Dalian University of Technology,CN,Life Sciences & Medicine
University at Buffalo SUNY,US,Engineering & Technology
University at Buffalo SUNY,US,Natural Sciences
University at Buffalo SUNY,US,Social Sciences & Management
University of Iowa,US,Engineering & Technology
University of Iowa,US,Natural Sciences
University of Iowa,US,Social Sciences & Management
Chung-Ang University (CAU),KR,Engineering & Technology
Chung-Ang University (CAU),KR,Natural Sciences
Chung-Ang University (CAU),KR,Social Sciences & Management
Hunan University ,CN,Natural Sciences
Hunan University ,CN,Arts & Humanities
Hunan University ,CN,Engineering & Technology
Hunan University ,CN,Social Sciences & Management
Hunan University ,CN,Business & Management
Hunan University ,CN,Life Sciences & Medicine
Rensselaer Polytechnic Institute,US,Natural Sciences
Rensselaer Polytechnic Institute,US,Arts & Humanities
Rensselaer Polytechnic Institute,US,Computer Science
Rensselaer Polytechnic Institute,US,Engineering & Technology
Rensselaer Polytechnic Institute,US,Social Sciences & Management
Rensselaer Polytechnic Institute,US,Business & Management
Rensselaer Polytechnic Institute,US,Life Sciences & Medicine
Universidad de Sevilla,ES,Engineering & Technology
Universidad de Sevilla,ES,Natural Sciences
Universidad de Sevilla,ES,Social Sciences & Management
Ewha Womans University,KR,Engineering & Technology
Ewha Womans University,KR,Natural Sciences
Ewha Womans University,KR,Social Sciences & Management
Ulster University,UK,Natural Sciences
Ulster University,UK,Arts & Humanities
Ulster University,UK,Engineering & Technology
Ulster University,UK,Social Sciences & Management
Ulster University,UK,Business & Management
Ulster University,UK,Life Sciences & Medicine
University of Delaware,US,Natural Sciences
University of Delaware,US,Arts & Humanities
University of Delaware,US,Engineering & Technology
University of Delaware,US,Social Sciences & Management
University of Delaware,US,Law
University of Delaware,US,Business & Management
University of Delaware,US,Life Sciences & Medicine
University of Jordan,JO,Engineering & Technology
University of Jordan,JO,Natural Sciences
University of Jordan,JO,Social Sciences & Management
Bilkent University,TR,Natural Sciences
Bilkent University,TR,Arts & Humanities
Bilkent University,TR,Engineering & Technology
Bilkent University,TR,Social Sciences & Management
Bilkent University,TR,Business & Management
Bilkent University,TR,Life Sciences & Medicine
Jilin University,CN,Engineering & Technology
Jilin University,CN,Natural Sciences
Jilin University,CN,Social Sciences & Management
University of Portsmouth,UK,Natural Sciences
University of Portsmouth,UK,Arts & Humanities
University of Portsmouth,UK,Engineering & Technology
University of Portsmouth,UK,Social Sciences & Management
University of Portsmouth,UK,Business & Management
University of Portsmouth,UK,Life Sciences & Medicine
Macau University of Science and Technology,MO,Natural Sciences
Macau University of Science and Technology,MO,Arts & Humanities
Macau University of Science and Technology,MO,Computer Science
Macau University of Science and Technology,MO,Engineering & Technology
Macau University of Science and Technology,MO,Social Sciences & Management
Macau University of Science and Technology,MO,Business & Management
Macau University of Science and Technology,MO,Life Sciences & Medicine
National Sun Yat-sen University,TW,Natural Sciences
National Sun Yat-sen University,TW,Arts & Humanities
National Sun Yat-sen University,TW,Engineering & Technology
National Sun Yat-sen University,TW,Social Sciences & Management
National Sun Yat-sen University,TW,Business & Management
National Sun Yat-sen University,TW,Life Sciences & Medicine
Oregon State University,US,Natural Sciences
Oregon State University,US,Arts & Humanities
Oregon State University,US,Engineering & Technology
Oregon State University,US,Social Sciences & Management
Oregon State University,US,Business & Management
Oregon State University,US,Life Sciences & Medicine
Università Cattolica del Sacro Cuore,IT,Engineering & Technology
Università Cattolica del Sacro Cuore,IT,Natural Sciences
Università Cattolica del Sacro Cuore,IT,Social Sciences & Management
Sogang University,KR,Natural Sciences
Sogang University,KR,Arts & Humanities
Sogang University,KR,Engineering & Technology
Sogang University,KR,Social Sciences & Management
Sogang University,KR,Business & Management
Sogang University,KR,Life Sciences & Medicine
University of Bayreuth,DE,Natural Sciences
University of Bayreuth,DE,Arts & Humanities
University of Bayreuth,DE,Engineering & Technology
University of Bayreuth,DE,Social Sciences & Management
University of Bayreuth,DE,Business & Management
University of Bayreuth,DE,Life Sciences & Medicine
East China Normal University,CN,Natural Sciences
East China Normal University,CN,Arts & Humanities
East China Normal University,CN,Engineering & Technology
East China Normal University,CN,Social Sciences & Management
East China Normal University,CN,Business & Management
East China Normal University,CN,Life Sciences & Medicine
SOAS University of London ,UK,Engineering & Technology
SOAS University of London ,UK,Natural Sciences
SOAS University of London ,UK,Social Sciences & Management
Université Paul Sabatier Toulouse III,FR,Engineering & Technology
Université Paul Sabatier Toulouse III,FR,Natural Sciences
Université Paul Sabatier Toulouse III,FR,Social Sciences & Management
Boğaziçi University,TR,Natural Sciences
Boğaziçi University,TR,Arts & Humanities
Boğaziçi University,TR,Engineering & Technology
Boğaziçi University,TR,Social Sciences & Management
Boğaziçi University,TR,Business & Management
Boğaziçi University,TR,Life Sciences & Medicine
Duy Tan University,VN,Natural Sciences
Duy Tan University,VN,Arts & Humanities
Duy Tan University,VN,Engineering & Technology
Duy Tan University,VN,Social Sciences & Management
Duy Tan University,VN,Business & Management
Duy Tan University,VN,Life Sciences & Medicine
Pontificia Universidad Católica Argentina,AR,Engineering & Technology
Pontificia Universidad Católica Argentina,AR,Natural Sciences
Pontificia Universidad Católica Argentina,AR,Social Sciences & Management
Shanghai University,CN,Natural Sciences
Shanghai University,CN,Arts & Humanities
Shanghai University,CN,Engineering & Technology
Shanghai University,CN,Social Sciences & Management
Shanghai University,CN,Business & Management
Shanghai University,CN,Life Sciences & Medicine
The University of Georgia,US,Engineering & Technology
The University of Georgia,US,Natural Sciences
The University of Georgia,US,Social Sciences & Management
Universität Bremen,DE,Natural Sciences
Universität Bremen,DE,Arts & Humanities
Universität Bremen,DE,Engineering & Technology
Universität Bremen,DE,Social Sciences & Management
Universität Bremen,DE,Business & Management
Universität Bremen,DE,Life Sciences & Medicine
Kyungpook National University,KR,Engineering & Technology
Kyungpook National University,KR,Natural Sciences
Kyungpook National University,KR,Social Sciences & Management
Universidad Austral,AR,Engineering & Technology
Universidad Austral,AR,Natural Sciences
Universidad Austral,AR,Social Sciences & Management
University of Texas Dallas,US,Engineering & Technology
University of Texas Dallas,US,Natural Sciences
University of Texas Dallas,US,Social Sciences & Management
Universidad de Zaragoza,ES,Engineering & Technology
Universidad de Zaragoza,ES,Natural Sciences
Universidad de Zaragoza,ES,Social Sciences & Management
University of Hull,UK,Engineering & Technology
University of Hull,UK,Natural Sciences
University of Hull,UK,Social Sciences & Management
Universiti Teknologi Brunei,BN,Engineering & Technology
Universiti Teknologi Brunei,BN,Natural Sciences
Universiti Teknologi Brunei,BN,Social Sciences & Management
MGIMO University,RU,Engineering & Technology
MGIMO University,RU,Natural Sciences
MGIMO University,RU,Social Sciences & Management
Sabanci University,TR,Natural Sciences
Sabanci University,TR,Arts & Humanities
Sabanci University,TR,Engineering & Technology
Sabanci University,TR,Social Sciences & Management
Sabanci University,TR,Business & Management
Sabanci University,TR,Life Sciences & Medicine
University of Madras,IN,Natural Sciences
University of Madras,IN,Arts & Humanities
University of Madras,IN,Engineering & Technology
University of Madras,IN,Social Sciences & Management
University of Madras,IN,Business & Management
University of Madras,IN,Life Sciences & Medicine
Edith Cowan University ,AU,Natural Sciences
Edith Cowan University ,AU,Arts & Humanities
Edith Cowan University ,AU,Engineering & Technology
Edith Cowan University ,AU,Social Sciences & Management
Edith Cowan University ,AU,Business & Management
Edith Cowan University ,AU,Life Sciences & Medicine
Aristotle University of Thessaloniki,GR,Engineering & Technology
Aristotle University of Thessaloniki,GR,Natural Sciences
Aristotle University of Thessaloniki,GR,Social Sciences & Management
Christian-Albrechts-University zu Kiel,DE,Engineering & Technology
Christian-Albrechts-University zu Kiel,DE,Natural Sciences
Christian-Albrechts-University zu Kiel,DE,Social Sciences & Management
Universidad de Palermo (UP),AR,Engineering & Technology
Universidad de Palermo (UP),AR,Natural Sciences
Universidad de Palermo (UP),AR,Social Sciences & Management
University of Genoa,IT,Engineering & Technology
University of Genoa,IT,Natural Sciences
University of Genoa,IT,Social Sciences & Management
China Agricultural University ,CN,Engineering & Technology
China Agricultural University ,CN,Natural Sciences
China Agricultural University ,CN,Social Sciences & Management
Peter the Great St. Petersburg Polytechnic University,RU,Computer Science
Peter the Great St. Petersburg Polytechnic University,RU,Engineering & Technology
University of Crete,GR,Engineering & Technology
University of Crete,GR,Natural Sciences
University of Crete,GR,Social Sciences & Management
University of Salamanca,ES,Engineering & Technology
University of Salamanca,ES,Natural Sciences
University of Salamanca,ES,Social Sciences & Management
Universidad de Alcalá,ES,Engineering & Technology
Universidad de Alcalá,ES,Natural Sciences
Universidad de Alcalá,ES,Social Sciences & Management
Universiti Utara Malaysia (UUM),MY,Engineering & Technology
Universiti Utara Malaysia (UUM),MY,Natural Sciences
Universiti Utara Malaysia (UUM),MY,Social Sciences & Management
Lahore University of Management Sciences (LUMS),PK,Natural Sciences
Lahore University of Management Sciences (LUMS),PK,Arts & Humanities
Lahore University of Management Sciences (LUMS),PK,Engineering & Technology
Lahore University of Management Sciences (LUMS),PK,Social Sciences & Management
Lahore University of Management Sciences (LUMS),PK,Business & Management
Lahore University of Management Sciences (LUMS),PK,Life Sciences & Medicine
Universidad Nacional de La Plata (UNLP),AR,Engineering & Technology
Universidad Nacional de La Plata (UNLP),AR,Natural Sciences
Universidad Nacional de La Plata (UNLP),AR,Social Sciences & Management
ITMO University,RU,Engineering & Technology
ITMO University,RU,Natural Sciences
ITMO University,RU,Social Sciences & Management
University Ulm,DE,Engineering & Technology
University Ulm,DE,Natural Sciences
University Ulm,DE,Social Sciences & Management
Universidad de Costa Rica,CR,Natural Sciences
Universidad de Costa Rica,CR,Arts & Humanities
Universidad de Costa Rica,CR,Engineering & Technology
Universidad de Costa Rica,CR,Social Sciences & Management
Universidad de Costa Rica,CR,Business & Management
Universidad de Costa Rica,CR,Life Sciences & Medicine
Bar-Ilan University,IL,Engineering & Technology
Bar-Ilan University,IL,Natural Sciences
Bar-Ilan University,IL,Social Sciences & Management
City University of New York,US,Engineering & Technology
City University of New York,US,Natural Sciences
City University of New York,US,Social Sciences & Management
Singapore Management University,SG,Business & Management
Singapore Management University,SG,Social Sciences & Management
Lehigh University,US,Natural Sciences
Lehigh University,US,Arts & Humanities
Lehigh University,US,Engineering & Technology
Lehigh University,US,Social Sciences & Management
Lehigh University,US,Business & Management
Lehigh University,US,Life Sciences & Medicine
Northumbria University at Newcastle,UK,Natural Sciences
Northumbria University at Newcastle,UK,Arts & Humanities
Northumbria University at Newcastle,UK,Engineering & Technology
Northumbria University at Newcastle,UK,Social Sciences & Management
Northumbria University at Newcastle,UK,Business & Management
Northumbria University at Newcastle,UK,Life Sciences & Medicine
University of Eastern Finland,FI,Natural Sciences
University of Eastern Finland,FI,Arts & Humanities
University of Eastern Finland,FI,Engineering & Technology
University of Eastern Finland,FI,Social Sciences & Management
University of Eastern Finland,FI,Business & Management
University of Eastern Finland,FI,Life Sciences & Medicine
Ajman University,AE,Natural Sciences
Ajman University,AE,Arts & Humanities
Ajman University,AE,Engineering & Technology
Ajman University,AE,Social Sciences & Management
Ajman University,AE,Business & Management
Ajman University,AE,Life Sciences & Medicine
Canadian University Dubai,AE,Engineering & Technology
Canadian University Dubai,AE,Natural Sciences
Canadian University Dubai,AE,Social Sciences & Management
Hasselt University ,BE,Engineering & Technology
Hasselt University ,BE,Natural Sciences
Hasselt University ,BE,Social Sciences & Management
University of Nebraska - Lincoln,US,Natural Sciences
University of Nebraska - Lincoln,US,Arts & Humanities
University of Nebraska - Lincoln,US,Engineering & Technology
University of Nebraska - Lincoln,US,Social Sciences & Management
University of Nebraska - Lincoln,US,Business & Management
University of Nebraska - Lincoln,US,Life Sciences & Medicine
Universiti Teknologi MARA - UiTM,MY,Engineering & Technology
Universiti Teknologi MARA - UiTM,MY,Natural Sciences
Universiti Teknologi MARA - UiTM,MY,Social Sciences & Management
Florida International University,US,Engineering & Technology
Florida International University,US,Natural Sciences
Florida International University,US,Social Sciences & Management
INTI International University,MY,Engineering & Technology
INTI International University,MY,Natural Sciences
INTI International University,MY,Social Sciences & Management
Politecnico di Bari,IT,Engineering & Technology
Politecnico di Bari,IT,Natural Sciences
Politecnico di Bari,IT,Social Sciences & Management
Renmin (People's) University of China,CN,Engineering & Technology
Renmin (People's) University of China,CN,Natural Sciences
Renmin (People's) University of China,CN,Social Sciences & Management
"University of Chemistry and Technology, Prague",CZ,Computer Science
"University of Chemistry and Technology, Prague",CZ,Engineering & Technology
"University of Chemistry and Technology, Prague",CZ,Natural Sciences
Chongqing University,CN,Natural Sciences
Chongqing University,CN,Arts & Humanities
Chongqing University,CN,Engineering & Technology
Chongqing University,CN,Social Sciences & Management
Chongqing University,CN,Business & Management
Chongqing University,CN,Life Sciences & Medicine
University of Plymouth,UK,Engineering & Technology
University of Plymouth,UK,Natural Sciences
University of Plymouth,UK,Social Sciences & Management
Ateneo de Manila University,PH,Engineering & Technology
Ateneo de Manila University,PH,Natural Sciences
Ateneo de Manila University,PH,Social Sciences & Management
Université de Fribourg,CH,Natural Sciences
Université de Fribourg,CH,Arts & Humanities
Université de Fribourg,CH,Engineering & Technology
Université de Fribourg,CH,Social Sciences & Management
Université de Fribourg,CH,Business & Management
Université de Fribourg,CH,Life Sciences & Medicine
University of South Florida,US,Natural Sciences
University of South Florida,US,Arts & Humanities
University of South Florida,US,Engineering & Technology
University of South Florida,US,Social Sciences & Management
University of South Florida,US,Business & Management
University of South Florida,US,Life Sciences & Medicine
Bond University,AU,Engineering & Technology
Bond University,AU,Natural Sciences
Bond University,AU,Social Sciences & Management
National Chengchi University,TW,Natural Sciences
National Chengchi University,TW,Arts & Humanities
National Chengchi University,TW,Engineering & Technology
National Chengchi University,TW,Social Sciences & Management
National Chengchi University,TW,Business & Management
National Chengchi University,TW,Life Sciences & Medicine
Universidad Adolfo Ibáñez,CL,Engineering & Technology
Universidad Adolfo Ibáñez,CL,Natural Sciences
Universidad Adolfo Ibáñez,CL,Social Sciences & Management
University of Huddersfield,UK,Natural Sciences
University of Huddersfield,UK,Arts & Humanities
University of Huddersfield,UK,Engineering & Technology
University of Huddersfield,UK,Social Sciences & Management
University of Huddersfield,UK,Business & Management
University of Huddersfield,UK,Life Sciences & Medicine
Chiang Mai University,TH,Engineering & Technology
Chiang Mai University,TH,Natural Sciences
Chiang Mai University,TH,Social Sciences & Management
Coventry University,UK,Natural Sciences
Coventry University,UK,Arts & Humanities
Coventry University,UK,Engineering & Technology
Coventry University,UK,Social Sciences & Management
Coventry University,UK,Business & Management
Coventry University,UK,Life Sciences & Medicine
Indian Institute of Technology (BHU) Varanasi,IN,Computer Science
Indian Institute of Technology (BHU) Varanasi,IN,Engineering & Technology
Warsaw University of Technology,PL,Computer Science
Warsaw University of Technology,PL,Engineering & Technology
HUFS - Hankuk (Korea) University of Foreign Studies ,KR,Natural Sciences
HUFS - Hankuk (Korea) University of Foreign Studies ,KR,Arts & Humanities
HUFS - Hankuk (Korea) University of Foreign Studies ,KR,Engineering & Technology
HUFS - Hankuk (Korea) University of Foreign Studies ,KR,Social Sciences & Management
HUFS - Hankuk (Korea) University of Foreign Studies ,KR,Business & Management
HUFS - Hankuk (Korea) University of Foreign Studies ,KR,Life Sciences & Medicine
University of South Carolina,US,Engineering & Technology
University of South Carolina,US,Natural Sciences
University of South Carolina,US,Social Sciences & Management
Lebanese University,LB,Engineering & Technology
Lebanese University,LB,Natural Sciences
Lebanese University,LB,Social Sciences & Management
Taipei Medical University (TMU),TW,Life Sciences & Medicine
University of Tromsø The Arctic University of Norway,NO,Engineering & Technology
University of Tromsø The Arctic University of Norway,NO,Natural Sciences
University of Tromsø The Arctic University of Norway,NO,Social Sciences & Management
Abu Dhabi University,AE,Engineering & Technology
Abu Dhabi University,AE,Natural Sciences
Abu Dhabi University,AE,Social Sciences & Management
University of Klagenfurt,AT,Engineering & Technology
University of Klagenfurt,AT,Natural Sciences
University of Klagenfurt,AT,Social Sciences & Management
Applied Science University - Bahrain,BH,Natural Sciences
Universidad Católica Andres Bello,VE,Engineering & Technology
Universidad Católica Andres Bello,VE,Natural Sciences
Universidad Católica Andres Bello,VE,Social Sciences & Management
Universidad Pontificia Comillas,ES,Engineering & Technology
Universidad Pontificia Comillas,ES,Natural Sciences
Universidad Pontificia Comillas,ES,Social Sciences & Management
National Research Tomsk Polytechnic University,RU,Computer Science
National Research Tomsk Polytechnic University,RU,Engineering & Technology
Sunway University,MY,Natural Sciences
Sunway University,MY,Arts & Humanities
Sunway University,MY,Engineering & Technology
Sunway University,MY,Social Sciences & Management
Sunway University,MY,Business & Management
Sunway University,MY,Life Sciences & Medicine
"University of Missouri, Columbia",US,Engineering & Technology
"University of Missouri, Columbia",US,Natural Sciences
"University of Missouri, Columbia",US,Social Sciences & Management
Central Queensland University (CQUniversity Australia),AU,Natural Sciences
Central Queensland University (CQUniversity Australia),AU,Arts & Humanities
Central Queensland University (CQUniversity Australia),AU,Engineering & Technology
Central Queensland University (CQUniversity Australia),AU,Social Sciences & Management
Central Queensland University (CQUniversity Australia),AU,Business & Management
Central Queensland University (CQUniversity Australia),AU,Life Sciences & Medicine
Manchester Metropolitan University (MMU),UK,Natural Sciences
Manchester Metropolitan University (MMU),UK,Arts & Humanities
Manchester Metropolitan University (MMU),UK,Engineering & Technology
Manchester Metropolitan University (MMU),UK,Social Sciences & Management
Manchester Metropolitan University (MMU),UK,Business & Management
Manchester Metropolitan University (MMU),UK,Life Sciences & Medicine
Prince Mohammad Bin Fahd university,SA,Engineering & Technology
Prince Mohammad Bin Fahd university,SA,Natural Sciences
Prince Mohammad Bin Fahd university,SA,Social Sciences & Management
"Goldsmiths, University of London",UK,Engineering & Technology
"Goldsmiths, University of London",UK,Natural Sciences
"Goldsmiths, University of London",UK,Social Sciences & Management
University of Central Florida,US,Engineering & Technology
University of Central Florida,US,Natural Sciences
University of Central Florida,US,Social Sciences & Management
Imam Abdulrahman Bin Faisal University (IAU) (formerly UNIVERSITY OF DAMMAM),SA,Engineering & Technology
Imam Abdulrahman Bin Faisal University (IAU) (formerly UNIVERSITY OF DAMMAM),SA,Natural Sciences
Imam Abdulrahman Bin Faisal University (IAU) (formerly UNIVERSITY OF DAMMAM),SA,Social Sciences & Management
Nottingham Trent University,UK,Natural Sciences
Nottingham Trent University,UK,Arts & Humanities
Nottingham Trent University,UK,Engineering & Technology
Nottingham Trent University,UK,Social Sciences & Management
Nottingham Trent University,UK,Business & Management
Nottingham Trent University,UK,Life Sciences & Medicine
Pontifícia Universidade Católica do Rio de Janeiro,BR,Natural Sciences
Pontifícia Universidade Católica do Rio de Janeiro,BR,Arts & Humanities
Pontifícia Universidade Católica do Rio de Janeiro,BR,Engineering & Technology
Pontifícia Universidade Católica do Rio de Janeiro,BR,Social Sciences & Management
Pontifícia Universidade Católica do Rio de Janeiro,BR,Business & Management
Pontifícia Universidade Católica do Rio de Janeiro,BR,Life Sciences & Medicine
Shenzhen University,CN,Natural Sciences
Shenzhen University,CN,Arts & Humanities
Shenzhen University,CN,Engineering & Technology
Shenzhen University,CN,Social Sciences & Management
Shenzhen University,CN,Business & Management
Shenzhen University,CN,Life Sciences & Medicine
Università Vita-Salute San Raffaele,IT,Engineering & Technology
Università Vita-Salute San Raffaele,IT,Natural Sciences
Università Vita-Salute San Raffaele,IT,Social Sciences & Management
Nanjing University of Science and Technology,CN,Computer Science
Nanjing University of Science and Technology,CN,Engineering & Technology
Nanjing University of Science and Technology,CN,Natural Sciences
Thammasat University,TH,Engineering & Technology
Thammasat University,TH,Natural Sciences
Thammasat University,TH,Social Sciences & Management
Tulane University,US,Engineering & Technology
Tulane University,US,Natural Sciences
Tulane University,US,Social Sciences & Management
Universität des Saarlandes,DE,Engineering & Technology
Universität des Saarlandes,DE,Natural Sciences
Universität des Saarlandes,DE,Social Sciences & Management
Abo Akademi University,FI,Natural Sciences
Abo Akademi University,FI,Arts & Humanities
Abo Akademi University,FI,Engineering & Technology
Abo Akademi University,FI,Social Sciences & Management
Abo Akademi University,FI,Business & Management
Abo Akademi University,FI,Life Sciences & Medicine
American University in Dubai,AE,Engineering & Technology
American University in Dubai,AE,Natural Sciences
American University in Dubai,AE,Social Sciences & Management
Charles Darwin University ,AU,Natural Sciences
Charles Darwin University ,AU,Arts & Humanities
Charles Darwin University ,AU,Engineering & Technology
Charles Darwin University ,AU,Social Sciences & Management
Charles Darwin University ,AU,Business & Management
Charles Darwin University ,AU,Life Sciences & Medicine
Drexel University,US,Engineering & Technology
Drexel University,US,Natural Sciences
Drexel University,US,Social Sciences & Management
Jawaharlal Nehru University,IN,Natural Sciences
Jawaharlal Nehru University,IN,Arts & Humanities
Jawaharlal Nehru University,IN,Engineering & Technology
Jawaharlal Nehru University,IN,Social Sciences & Management
Jawaharlal Nehru University,IN,Business & Management
Jawaharlal Nehru University,IN,Life Sciences & Medicine
"Kingston University, London",UK,Natural Sciences
"Kingston University, London",UK,Arts & Humanities
"Kingston University, London",UK,Engineering & Technology
"Kingston University, London",UK,Social Sciences & Management
"Kingston University, London",UK,Business & Management
"Kingston University, London",UK,Life Sciences & Medicine
Umm Al-Qura University ,SA,Engineering & Technology
Umm Al-Qura University ,SA,Natural Sciences
Umm Al-Qura University ,SA,Social Sciences & Management
Universidad de Concepción,CL,Engineering & Technology
Universidad de Concepción,CL,Natural Sciences
Universidad de Concepción,CL,Social Sciences & Management
University of Szeged,HU,Engineering & Technology
University of Szeged,HU,Natural Sciences
University of Szeged,HU,Social Sciences & Management
Al Ain University,AE,Engineering & Technology
Al Ain University,AE,Natural Sciences
Al Ain University,AE,Social Sciences & Management
Auezov South Kazakhstan University (SKU),KZ,Engineering & Technology
Auezov South Kazakhstan University (SKU),KZ,Natural Sciences
Auezov South Kazakhstan University (SKU),KZ,Social Sciences & Management
Brno University of Technology,CZ,Computer Science
Brno University of Technology,CZ,Engineering & Technology
Martin-Luther-Universität Halle-Wittenberg,DE,Engineering & Technology
Martin-Luther-Universität Halle-Wittenberg,DE,Natural Sciences
Martin-Luther-Universität Halle-Wittenberg,DE,Social Sciences & Management
National Central University,TW,Natural Sciences
National Central University,TW,Arts & Humanities
National Central University,TW,Engineering & Technology
National Central University,TW,Social Sciences & Management
National Central University,TW,Business & Management
National Central University,TW,Life Sciences & Medicine
Pusan National University,KR,Engineering & Technology
Pusan National University,KR,Natural Sciences
Pusan National University,KR,Social Sciences & Management
Tokyo Medical and Dental University (TMDU),JP,Life Sciences & Medicine
University of Minho,PT,Engineering & Technology
University of Minho,PT,Natural Sciences
University of Minho,PT,Social Sciences & Management
Asia Pacific University of Technology and Innovation (APU),MY,Computer Science
Asia Pacific University of Technology and Innovation (APU),MY,Engineering & Technology
Chang Gung University,TW,Engineering & Technology
Chang Gung University,TW,Natural Sciences
Chang Gung University,TW,Social Sciences & Management
Institut Teknologi Sepuluh Nopember (ITS Surabaya),ID,Engineering & Technology
Institut Teknologi Sepuluh Nopember (ITS Surabaya),ID,Natural Sciences
Institut Teknologi Sepuluh Nopember (ITS Surabaya),ID,Social Sciences & Management
Management and Science University,MY,Natural Sciences
Management and Science University,MY,Business & Management
Management and Science University,MY,Social Sciences & Management
Northwestern Polytechnical University,CN,Natural Sciences
Northwestern Polytechnical University,CN,Arts & Humanities
Northwestern Polytechnical University,CN,Computer Science
Northwestern Polytechnical University,CN,Engineering & Technology
Northwestern Polytechnical University,CN,Social Sciences & Management
Northwestern Polytechnical University,CN,Business & Management
Northwestern Polytechnical University,CN,Life Sciences & Medicine
Stevens Institute of Technology,US,Natural Sciences
Stevens Institute of Technology,US,Arts & Humanities
Stevens Institute of Technology,US,Computer Science
Stevens Institute of Technology,US,Engineering & Technology
Stevens Institute of Technology,US,Social Sciences & Management
Stevens Institute of Technology,US,Business & Management
Stevens Institute of Technology,US,Life Sciences & Medicine
Universitat Ramon Llull,ES,Natural Sciences
Universitat Ramon Llull,ES,Arts & Humanities
Universitat Ramon Llull,ES,Engineering & Technology
Universitat Ramon Llull,ES,Social Sciences & Management
Universitat Ramon Llull,ES,Business & Management
Universitat Ramon Llull,ES,Life Sciences & Medicine
University of Kwazulu-Natal,ZA,Engineering & Technology
University of Kwazulu-Natal,ZA,Natural Sciences
University of Kwazulu-Natal,ZA,Social Sciences & Management
University of Ljubljana,SI,Engineering & Technology
University of Ljubljana,SI,Natural Sciences
University of Ljubljana,SI,Social Sciences & Management
University of the Basque Country,ES,Natural Sciences
University of the Basque Country,ES,Arts & Humanities
University of the Basque Country,ES,Engineering & Technology
University of the Basque Country,ES,Social Sciences & Management
University of the Basque Country,ES,Business & Management
University of the Basque Country,ES,Life Sciences & Medicine
Zhengzhou University,CN,Engineering & Technology
Zhengzhou University,CN,Natural Sciences
Zhengzhou University,CN,Social Sciences & Management
Ajou University ,KR,Engineering & Technology
Ajou University ,KR,Natural Sciences
Ajou University ,KR,Social Sciences & Management
Boston College,US,Natural Sciences
Boston College,US,Arts & Humanities
Boston College,US,Engineering & Technology
Boston College,US,Social Sciences & Management
Boston College,US,Business & Management
Boston College,US,Life Sciences & Medicine
Jinan University (China),CN,Engineering & Technology
Jinan University (China),CN,Natural Sciences
Jinan University (China),CN,Social Sciences & Management
Palacký University Olomouc,CZ,Engineering & Technology
Palacký University Olomouc,CZ,Natural Sciences
Palacký University Olomouc,CZ,Social Sciences & Management
Ritsumeikan University,JP,Natural Sciences
Ritsumeikan University,JP,Arts & Humanities
Ritsumeikan University,JP,Engineering & Technology
Ritsumeikan University,JP,Social Sciences & Management
Ritsumeikan University,JP,Business & Management
Ritsumeikan University,JP,Life Sciences & Medicine
Saint Joseph University of Beirut (USJ) ,LB,Engineering & Technology
Saint Joseph University of Beirut (USJ) ,LB,Natural Sciences
Saint Joseph University of Beirut (USJ) ,LB,Social Sciences & Management
Universidad Central de Venezuela,VE,Engineering & Technology
Universidad Central de Venezuela,VE,Natural Sciences
Universidad Central de Venezuela,VE,Social Sciences & Management
Université de Lille,FR,Engineering & Technology
Université de Lille,FR,Natural Sciences
Université de Lille,FR,Social Sciences & Management
University of New Mexico,US,Engineering & Technology
University of New Mexico,US,Natural Sciences
University of New Mexico,US,Social Sciences & Management
Far Eastern Federal University,RU,Natural Sciences
Far Eastern Federal University,RU,Arts & Humanities
Far Eastern Federal University,RU,Engineering & Technology
Far Eastern Federal University,RU,Social Sciences & Management
Far Eastern Federal University,RU,Business & Management
Far Eastern Federal University,RU,Life Sciences & Medicine
Free University of Bozen-Bolzano,IT,Engineering & Technology
Free University of Bozen-Bolzano,IT,Natural Sciences
Free University of Bozen-Bolzano,IT,Social Sciences & Management
Kazakh National Agrarian University KazNAU,KZ,Engineering & Technology
Kazakh National Agrarian University KazNAU,KZ,Natural Sciences
Kazakh National Agrarian University KazNAU,KZ,Social Sciences & Management
"Lingnan University, Hong Kong",HK,Engineering & Technology
"Lingnan University, Hong Kong",HK,Natural Sciences
"Lingnan University, Hong Kong",HK,Social Sciences & Management
Memorial University of Newfoundland,CA,Engineering & Technology
Memorial University of Newfoundland,CA,Natural Sciences
Memorial University of Newfoundland,CA,Social Sciences & Management
New Jersey Institute of Technology (NJIT),US,Natural Sciences
New Jersey Institute of Technology (NJIT),US,Arts & Humanities
New Jersey Institute of Technology (NJIT),US,Computer Science
New Jersey Institute of Technology (NJIT),US,Engineering & Technology
New Jersey Institute of Technology (NJIT),US,Social Sciences & Management
New Jersey Institute of Technology (NJIT),US,Business & Management
New Jersey Institute of Technology (NJIT),US,Life Sciences & Medicine
Pakistan Institute of Engineering and Applied Sciences (PIEAS),PK,Computer Science
Pakistan Institute of Engineering and Applied Sciences (PIEAS),PK,Engineering & Technology
Pakistan Institute of Engineering and Applied Sciences (PIEAS),PK,Natural Sciences
The New School,US,Engineering & Technology
The New School,US,Natural Sciences
The New School,US,Social Sciences & Management
Universidad de La Habana,CU,Natural Sciences
Universidad de La Habana,CU,Arts & Humanities
Universidad de La Habana,CU,Engineering & Technology
Universidad de La Habana,CU,Social Sciences & Management
Universidad de La Habana,CU,Business & Management
Universidad de La Habana,CU,Life Sciences & Medicine
University of Bradford,UK,Natural Sciences
University of Bradford,UK,Arts & Humanities
University of Bradford,UK,Engineering & Technology
University of Bradford,UK,Social Sciences & Management
University of Bradford,UK,Business & Management
University of Bradford,UK,Life Sciences & Medicine
University of Houston,US,Natural Sciences
University of Houston,US,Arts & Humanities
University of Houston,US,Engineering & Technology
University of Houston,US,Social Sciences & Management
University of Houston,US,Business & Management
University of Houston,US,Life Sciences & Medicine
University of Modena and Reggio Emilia,IT,Engineering & Technology
University of Modena and Reggio Emilia,IT,Natural Sciences
University of Modena and Reggio Emilia,IT,Social Sciences & Management
University of Oklahoma,US,Engineering & Technology
University of Oklahoma,US,Natural Sciences
University of Oklahoma,US,Social Sciences & Management
University of Windsor,CA,Natural Sciences
University of Windsor,CA,Arts & Humanities
University of Windsor,CA,Engineering & Technology
University of Windsor,CA,Social Sciences & Management
University of Windsor,CA,Business & Management
University of Windsor,CA,Life Sciences & Medicine
COMSATS University Islamabad,PK,Natural Sciences
COMSATS University Islamabad,PK,Arts & Humanities
COMSATS University Islamabad,PK,Engineering & Technology
COMSATS University Islamabad,PK,Social Sciences & Management
COMSATS University Islamabad,PK,Business & Management
COMSATS University Islamabad,PK,Life Sciences & Medicine
Instituto Tecnológico Autónomo de México (ITAM),MX,Engineering & Technology
Instituto Tecnológico Autónomo de México (ITAM),MX,Natural Sciences
Instituto Tecnológico Autónomo de México (ITAM),MX,Social Sciences & Management
Southern Cross University ,AU,Natural Sciences
Southern Cross University ,AU,Arts & Humanities
Southern Cross University ,AU,Engineering & Technology
Southern Cross University ,AU,Social Sciences & Management
Southern Cross University ,AU,Business & Management
Southern Cross University ,AU,Life Sciences & Medicine
Tallinn University of Technology (TalTech),EE,Computer Science
Tallinn University of Technology (TalTech),EE,Engineering & Technology
Universidad de Montevideo (UM),UY,Engineering & Technology
Universidad de Montevideo (UM),UY,Natural Sciences
Universidad de Montevideo (UM),UY,Social Sciences & Management
University of Haifa,IL,Engineering & Technology
University of Haifa,IL,Natural Sciences
University of Haifa,IL,Social Sciences & Management
University of Hohenheim,DE,Engineering & Technology
University of Hohenheim,DE,Natural Sciences
University of Hohenheim,DE,Social Sciences & Management
Aberystwyth University,UK,Natural Sciences
Aberystwyth University,UK,Arts & Humanities
Aberystwyth University,UK,Engineering & Technology
Aberystwyth University,UK,Social Sciences & Management
Aberystwyth University,UK,Business & Management
Aberystwyth University,UK,Life Sciences & Medicine
Brandeis University,US,Natural Sciences
Brandeis University,US,Arts & Humanities
Brandeis University,US,Engineering & Technology
Brandeis University,US,Social Sciences & Management
Brandeis University,US,Business & Management
Brandeis University,US,Life Sciences & Medicine
Ca' Foscari University of Venice ,IT,Engineering & Technology
Ca' Foscari University of Venice ,IT,Natural Sciences
Ca' Foscari University of Venice ,IT,Social Sciences & Management
Holy Spirit University of Kaslik ,LB,Engineering & Technology
Holy Spirit University of Kaslik ,LB,Natural Sciences
Holy Spirit University of Kaslik ,LB,Social Sciences & Management
Karl-Franzens-Universitaet Graz,AT,Natural Sciences
Karl-Franzens-Universitaet Graz,AT,Arts & Humanities
Karl-Franzens-Universitaet Graz,AT,Engineering & Technology
Karl-Franzens-Universitaet Graz,AT,Social Sciences & Management
Karl-Franzens-Universitaet Graz,AT,Business & Management
Karl-Franzens-Universitaet Graz,AT,Life Sciences & Medicine
Lebanese American University,LB,Engineering & Technology
Lebanese American University,LB,Natural Sciences
Lebanese American University,LB,Social Sciences & Management
Middlesex University,UK,Natural Sciences
Middlesex University,UK,Arts & Humanities
Middlesex University,UK,Engineering & Technology
Middlesex University,UK,Social Sciences & Management
Middlesex University,UK,Business & Management
Middlesex University,UK,Life Sciences & Medicine
National Chung Hsing University,TW,Natural Sciences
National Chung Hsing University,TW,Arts & Humanities
National Chung Hsing University,TW,Engineering & Technology
National Chung Hsing University,TW,Social Sciences & Management
National Chung Hsing University,TW,Business & Management
National Chung Hsing University,TW,Life Sciences & Medicine
Princess Nourah bint Abdulrahman University,SA,Natural Sciences
Princess Nourah bint Abdulrahman University,SA,Arts & Humanities
Princess Nourah bint Abdulrahman University,SA,Engineering & Technology
Princess Nourah bint Abdulrahman University,SA,Social Sciences & Management
Princess Nourah bint Abdulrahman University,SA,Business & Management
Princess Nourah bint Abdulrahman University,SA,Life Sciences & Medicine
Tokyo University of Science,JP,Natural Sciences
Universidad Panamericana (UP),MX,Engineering & Technology
Universidad Panamericana (UP),MX,Natural Sciences
Universidad Panamericana (UP),MX,Social Sciences & Management
Università degli Studi di Perugia,IT,Engineering & Technology
Università degli Studi di Perugia,IT,Natural Sciences
Università degli Studi di Perugia,IT,Social Sciences & Management
Universitas Padjadjaran,ID,Engineering & Technology
Universitas Padjadjaran,ID,Natural Sciences
Universitas Padjadjaran,ID,Social Sciences & Management
Universitat Rovira i Virgili,ES,Engineering & Technology
Universitat Rovira i Virgili,ES,Natural Sciences
Universitat Rovira i Virgili,ES,Social Sciences & Management
American University of the Middle East,KW,Engineering & Technology
American University of the Middle East,KW,Natural Sciences
American University of the Middle East,KW,Social Sciences & Management
Carleton University,CA,Natural Sciences
Carleton University,CA,Arts & Humanities
Carleton University,CA,Engineering & Technology
Carleton University,CA,Social Sciences & Management
Carleton University,CA,Business & Management
Carleton University,CA,Life Sciences & Medicine
Dongguk University ,KR,Engineering & Technology
Dongguk University ,KR,Natural Sciences
Dongguk University ,KR,Social Sciences & Management
University of Debrecen,HU,Engineering & Technology
University of Debrecen,HU,Natural Sciences
University of Debrecen,HU,Social Sciences & Management
University of Greenwich,UK,Natural Sciences
University of Greenwich,UK,Arts & Humanities
University of Greenwich,UK,Engineering & Technology
University of Greenwich,UK,Social Sciences & Management
University of Greenwich,UK,Business & Management
University of Greenwich,UK,Life Sciences & Medicine
University of Manitoba,CA,Engineering & Technology
University of Manitoba,CA,Natural Sciences
University of Manitoba,CA,Social Sciences & Management
Abai Kazakh National Pedagogical University,KZ,Engineering & Technology
Abai Kazakh National Pedagogical University,KZ,Natural Sciences
Abai Kazakh National Pedagogical University,KZ,Social Sciences & Management
Colegio de México,MX,Engineering & Technology
Colegio de México,MX,Natural Sciences
Colegio de México,MX,Social Sciences & Management
De La Salle University,PH,Natural Sciences
De La Salle University,PH,Arts & Humanities
De La Salle University,PH,Engineering & Technology
De La Salle University,PH,Social Sciences & Management
De La Salle University,PH,Business & Management
De La Salle University,PH,Life Sciences & Medicine
East China University of Science and Technology,CN,Natural Sciences
East China University of Science and Technology,CN,Arts & Humanities
East China University of Science and Technology,CN,Computer Science
East China University of Science and Technology,CN,Engineering & Technology
East China University of Science and Technology,CN,Social Sciences & Management
East China University of Science and Technology,CN,Business & Management
East China University of Science and Technology,CN,Life Sciences & Medicine
Paris Lodron University of Salzburg,AT,Natural Sciences
Paris Lodron University of Salzburg,AT,Arts & Humanities
Paris Lodron University of Salzburg,AT,Engineering & Technology
Paris Lodron University of Salzburg,AT,Social Sciences & Management
Paris Lodron University of Salzburg,AT,Business & Management
Paris Lodron University of Salzburg,AT,Life Sciences & Medicine
Pontificia Universidad Católica de Valparaíso,CL,Natural Sciences
Pontificia Universidad Católica de Valparaíso,CL,Arts & Humanities
Pontificia Universidad Católica de Valparaíso,CL,Engineering & Technology
Pontificia Universidad Católica de Valparaíso,CL,Social Sciences & Management
Pontificia Universidad Católica de Valparaíso,CL,Business & Management
Pontificia Universidad Católica de Valparaíso,CL,Life Sciences & Medicine
Shiraz University,IR,Natural Sciences
Shiraz University,IR,Arts & Humanities
Shiraz University,IR,Engineering & Technology
Shiraz University,IR,Social Sciences & Management
Shiraz University,IR,Business & Management
Shiraz University,IR,Life Sciences & Medicine
Soochow University,CN,Natural Sciences
Soochow University,CN,Arts & Humanities
Soochow University,CN,Engineering & Technology
Soochow University,CN,Social Sciences & Management
Soochow University,CN,Business & Management
Soochow University,CN,Life Sciences & Medicine
Taras Shevchenko National University of Kyiv,UA,Natural Sciences
Taras Shevchenko National University of Kyiv,UA,Arts & Humanities
Taras Shevchenko National University of Kyiv,UA,Engineering & Technology
Taras Shevchenko National University of Kyiv,UA,Social Sciences & Management
Taras Shevchenko National University of Kyiv,UA,Business & Management
Taras Shevchenko National University of Kyiv,UA,Life Sciences & Medicine
The National University of Science and Technology MISIS,RU,Computer Science
The National University of Science and Technology MISIS,RU,Engineering & Technology
The National University of Science and Technology MISIS,RU,Natural Sciences
University of Kentucky,US,Engineering & Technology
University of Kentucky,US,Natural Sciences
University of Kentucky,US,Social Sciences & Management
Indian Institute of Technology Hyderabad,IN,Natural Sciences
Indian Institute of Technology Hyderabad,IN,Arts & Humanities
Indian Institute of Technology Hyderabad,IN,Computer Science
Indian Institute of Technology Hyderabad,IN,Engineering & Technology
Indian Institute of Technology Hyderabad,IN,Social Sciences & Management
Indian Institute of Technology Hyderabad,IN,Business & Management
Indian Institute of Technology Hyderabad,IN,Life Sciences & Medicine
Inha University,KR,Engineering & Technology
Inha University,KR,Natural Sciences
Inha University,KR,Social Sciences & Management
Universidad Iberoamericana IBERO,MX,Engineering & Technology
Universidad Iberoamericana IBERO,MX,Natural Sciences
Universidad Iberoamericana IBERO,MX,Social Sciences & Management
Universidade Federal de Minas Gerais      ,BR,Engineering & Technology
Universidade Federal de Minas Gerais      ,BR,Natural Sciences
Universidade Federal de Minas Gerais      ,BR,Social Sciences & Management
Universidade Federal do Rio Grande Do Sul ,BR,Engineering & Technology
Universidade Federal do Rio Grande Do Sul ,BR,Natural Sciences
Universidade Federal do Rio Grande Do Sul ,BR,Social Sciences & Management
University of Cincinnati,US,Engineering & Technology
University of Cincinnati,US,Natural Sciences
University of Cincinnati,US,Social Sciences & Management
University of Dhaka,BD,Engineering & Technology
University of Dhaka,BD,Natural Sciences
University of Dhaka,BD,Social Sciences & Management
University of Mons ,BE,Natural Sciences
University of Mons ,BE,Arts & Humanities
University of Mons ,BE,Engineering & Technology
University of Mons ,BE,Social Sciences & Management
University of Mons ,BE,Business & Management
University of Mons ,BE,Life Sciences & Medicine
University of Trieste,IT,Engineering & Technology
University of Trieste,IT,Natural Sciences
University of Trieste,IT,Social Sciences & Management
V. N. Karazin Kharkiv National University,UA,Engineering & Technology
V. N. Karazin Kharkiv National University,UA,Natural Sciences
V. N. Karazin Kharkiv National University,UA,Social Sciences & Management
Altai State University,RU,Engineering & Technology
Altai State University,RU,Natural Sciences
Altai State University,RU,Social Sciences & Management
Chiba University,JP,Engineering & Technology
Chiba University,JP,Natural Sciences
Chiba University,JP,Social Sciences & Management
Czech University of Life Sciences in Prague,CZ,Natural Sciences
Eötvös Loránd University,HU,Natural Sciences
Eötvös Loránd University,HU,Arts & Humanities
Eötvös Loránd University,HU,Engineering & Technology
Eötvös Loránd University,HU,Social Sciences & Management
Eötvös Loránd University,HU,Business & Management
Eötvös Loránd University,HU,Life Sciences & Medicine
Universidad de Antioquia,CO,Engineering & Technology
Universidad de Antioquia,CO,Natural Sciences
Universidad de Antioquia,CO,Social Sciences & Management
Universidade de Santiago de Compostela,ES,Natural Sciences
Universidade de Santiago de Compostela,ES,Arts & Humanities
Universidade de Santiago de Compostela,ES,Engineering & Technology
Universidade de Santiago de Compostela,ES,Social Sciences & Management
Universidade de Santiago de Compostela,ES,Business & Management
Universidade de Santiago de Compostela,ES,Life Sciences & Medicine
Wake Forest University,US,Engineering & Technology
Wake Forest University,US,Natural Sciences
Wake Forest University,US,Social Sciences & Management
Zayed University,AE,Natural Sciences
Zayed University,AE,Arts & Humanities
Zayed University,AE,Engineering & Technology
Zayed University,AE,Social Sciences & Management
Zayed University,AE,Business & Management
Zayed University,AE,Life Sciences & Medicine
Beirut Arab University ,LB,Engineering & Technology
Beirut Arab University ,LB,Natural Sciences
Beirut Arab University ,LB,Social Sciences & Management
China University of Petroleum,CN,Natural Sciences
China University of Petroleum,CN,Arts & Humanities
China University of Petroleum,CN,Engineering & Technology
China University of Petroleum,CN,Social Sciences & Management
China University of Petroleum,CN,Business & Management
China University of Petroleum,CN,Life Sciences & Medicine
International Islamic University Malaysia (IIUM),MY,Engineering & Technology
International Islamic University Malaysia (IIUM),MY,Natural Sciences
International Islamic University Malaysia (IIUM),MY,Social Sciences & Management
Istanbul University,TR,Engineering & Technology
Istanbul University,TR,Natural Sciences
Istanbul University,TR,Social Sciences & Management
Savitribai Phule Pune University,IN,Natural Sciences
Savitribai Phule Pune University,IN,Arts & Humanities
Savitribai Phule Pune University,IN,Engineering & Technology
Savitribai Phule Pune University,IN,Social Sciences & Management
Savitribai Phule Pune University,IN,Business & Management
Savitribai Phule Pune University,IN,Life Sciences & Medicine
Universidad del Rosario,CO,Engineering & Technology
Universidad del Rosario,CO,Natural Sciences
Universidad del Rosario,CO,Social Sciences & Management
Université de Rennes 1 (University of Rennes),FR,Engineering & Technology
Université de Rennes 1 (University of Rennes),FR,Natural Sciences
Université de Rennes 1 (University of Rennes),FR,Social Sciences & Management
"University of Maryland, Baltimore County",US,Engineering & Technology
"University of Maryland, Baltimore County",US,Natural Sciences
"University of Maryland, Baltimore County",US,Social Sciences & Management
University of New Brunswick,CA,Natural Sciences
University of New Brunswick,CA,Arts & Humanities
University of New Brunswick,CA,Engineering & Technology
University of New Brunswick,CA,Social Sciences & Management
University of New Brunswick,CA,Business & Management
University of New Brunswick,CA,Life Sciences & Medicine
University of Westminster,UK,Natural Sciences
University of Westminster,UK,Arts & Humanities
University of Westminster,UK,Engineering & Technology
University of Westminster,UK,Social Sciences & Management
University of Westminster,UK,Business & Management
University of Westminster,UK,Life Sciences & Medicine
Victoria University ,AU,Natural Sciences
Victoria University ,AU,Arts & Humanities
Victoria University ,AU,Engineering & Technology
Victoria University ,AU,Social Sciences & Management
Victoria University ,AU,Business & Management
Victoria University ,AU,Life Sciences & Medicine
Ain Shams University ,EG,Engineering & Technology
Ain Shams University ,EG,Natural Sciences
Ain Shams University ,EG,Social Sciences & Management
Beijing University of Chemical Technology,CN,Natural Sciences
Beijing University of Chemical Technology,CN,Arts & Humanities
Beijing University of Chemical Technology,CN,Computer Science
Beijing University of Chemical Technology,CN,Engineering & Technology
Beijing University of Chemical Technology,CN,Social Sciences & Management
Beijing University of Chemical Technology,CN,Business & Management
Beijing University of Chemical Technology,CN,Life Sciences & Medicine
Jeonbuk National University,KR,Engineering & Technology
Jeonbuk National University,KR,Natural Sciences
Jeonbuk National University,KR,Social Sciences & Management
Temple University,US,Engineering & Technology
Temple University,US,Natural Sciences
Temple University,US,Social Sciences & Management
Ton Duc Thang University,VN,Engineering & Technology
Ton Duc Thang University,VN,Natural Sciences
Ton Duc Thang University,VN,Social Sciences & Management
Universita' Politecnica delle Marche,IT,Engineering & Technology
Universita' Politecnica delle Marche,IT,Natural Sciences
Universita' Politecnica delle Marche,IT,Social Sciences & Management
Université Côte d\'Azur,FR,Engineering & Technology
Université Côte d\'Azur,FR,Natural Sciences
Université Côte d\'Azur,FR,Social Sciences & Management
Université de Lorraine,FR,Engineering & Technology
Université de Lorraine,FR,Natural Sciences
Université de Lorraine,FR,Social Sciences & Management
University of Belgrade,RS,Engineering & Technology
University of Belgrade,RS,Natural Sciences
University of Belgrade,RS,Social Sciences & Management
"University of Colorado, Denver ",US,Engineering & Technology
"University of Colorado, Denver ",US,Natural Sciences
"University of Colorado, Denver ",US,Social Sciences & Management
University of Oregon,US,Natural Sciences
University of Oregon,US,Arts & Humanities
University of Oregon,US,Engineering & Technology
University of Oregon,US,Social Sciences & Management
University of Oregon,US,Business & Management
University of Oregon,US,Life Sciences & Medicine
"Adam Mickiewicz University, Poznań",PL,Natural Sciences
"Adam Mickiewicz University, Poznań",PL,Arts & Humanities
"Adam Mickiewicz University, Poznań",PL,Engineering & Technology
"Adam Mickiewicz University, Poznań",PL,Social Sciences & Management
"Adam Mickiewicz University, Poznań",PL,Business & Management
"Adam Mickiewicz University, Poznań",PL,Life Sciences & Medicine
Alfaisal University,SA,Engineering & Technology
Alfaisal University,SA,Natural Sciences
Alfaisal University,SA,Social Sciences & Management
Bournemouth University,UK,Natural Sciences
Bournemouth University,UK,Arts & Humanities
Bournemouth University,UK,Engineering & Technology
Bournemouth University,UK,Social Sciences & Management
Bournemouth University,UK,Business & Management
Bournemouth University,UK,Life Sciences & Medicine
Indian Institute of Technology Bhubaneswar,IN,Computer Science
Indian Institute of Technology Bhubaneswar,IN,Engineering & Technology
Jordan University of Science & Technology,JO,Natural Sciences
Jordan University of Science & Technology,JO,Arts & Humanities
Jordan University of Science & Technology,JO,Computer Science
Jordan University of Science & Technology,JO,Engineering & Technology
Jordan University of Science & Technology,JO,Social Sciences & Management
Jordan University of Science & Technology,JO,Business & Management
Jordan University of Science & Technology,JO,Life Sciences & Medicine
"National Technical University of Ukraine ""Igor Sikorsky Kyiv Polytechnic Institute""",UA,Computer Science
"National Technical University of Ukraine ""Igor Sikorsky Kyiv Polytechnic Institute""",UA,Engineering & Technology
Universidad EAFIT,CO,Engineering & Technology
Universidad EAFIT,CO,Natural Sciences
Universidad EAFIT,CO,Social Sciences & Management
Universidade Federal de São Paulo,BR,Engineering & Technology
Universidade Federal de São Paulo,BR,Natural Sciences
Universidade Federal de São Paulo,BR,Social Sciences & Management
University of Siena,IT,Engineering & Technology
University of Siena,IT,Natural Sciences
University of Siena,IT,Social Sciences & Management
Budapest University of Technology and Economics,HU,Computer Science
Budapest University of Technology and Economics,HU,Engineering & Technology
Budapest University of Technology and Economics,HU,Business & Management
Budapest University of Technology and Economics,HU,Social Sciences & Management
Instituto Politécnico Nacional (IPN),MX,Engineering & Technology
Instituto Politécnico Nacional (IPN),MX,Natural Sciences
Instituto Politécnico Nacional (IPN),MX,Social Sciences & Management
Jadavpur University,IN,Natural Sciences
Jadavpur University,IN,Arts & Humanities
Jadavpur University,IN,Engineering & Technology
Jadavpur University,IN,Social Sciences & Management
Jadavpur University,IN,Business & Management
Jadavpur University,IN,Life Sciences & Medicine
"Sofia University ""St. Kliment Ohridski""",BG,Natural Sciences
"Sofia University ""St. Kliment Ohridski""",BG,Arts & Humanities
"Sofia University ""St. Kliment Ohridski""",BG,Engineering & Technology
"Sofia University ""St. Kliment Ohridski""",BG,Social Sciences & Management
"Sofia University ""St. Kliment Ohridski""",BG,Business & Management
"Sofia University ""St. Kliment Ohridski""",BG,Life Sciences & Medicine
Swarthmore College,US,Natural Sciences
Swarthmore College,US,Arts & Humanities
Swarthmore College,US,Engineering & Technology
Swarthmore College,US,Social Sciences & Management
Swarthmore College,US,Business & Management
Swarthmore College,US,Life Sciences & Medicine
Universität Regensburg,DE,Engineering & Technology
Universität Regensburg,DE,Natural Sciences
Universität Regensburg,DE,Social Sciences & Management
"University of Agriculture, Faisalabad ",PK,Natural Sciences
"University of Agriculture, Faisalabad ",PK,Arts & Humanities
"University of Agriculture, Faisalabad ",PK,Engineering & Technology
"University of Agriculture, Faisalabad ",PK,Social Sciences & Management
"University of Agriculture, Faisalabad ",PK,Business & Management
"University of Agriculture, Faisalabad ",PK,Life Sciences & Medicine
University of Bari,IT,Engineering & Technology
University of Bari,IT,Natural Sciences
University of Bari,IT,Social Sciences & Management
University of the Punjab,PK,Natural Sciences
University of the Punjab,PK,Arts & Humanities
University of the Punjab,PK,Engineering & Technology
University of the Punjab,PK,Social Sciences & Management
University of the Punjab,PK,Business & Management
University of the Punjab,PK,Life Sciences & Medicine
University of the West of England,UK,Natural Sciences
University of the West of England,UK,Arts & Humanities
University of the West of England,UK,Engineering & Technology
University of the West of England,UK,Social Sciences & Management
University of the West of England,UK,Business & Management
University of the West of England,UK,Life Sciences & Medicine
Ahlia University,BH,Engineering & Technology
Ahlia University,BH,Natural Sciences
Ahlia University,BH,Social Sciences & Management
ISCTE - Instituto Universitario de Lisboa,PT,Engineering & Technology
ISCTE - Instituto Universitario de Lisboa,PT,Natural Sciences
ISCTE - Instituto Universitario de Lisboa,PT,Social Sciences & Management
Kasetsart University,TH,Natural Sciences
Kasetsart University,TH,Arts & Humanities
Kasetsart University,TH,Engineering & Technology
Kasetsart University,TH,Social Sciences & Management
Kasetsart University,TH,Business & Management
Kasetsart University,TH,Life Sciences & Medicine
Liverpool John Moores University,UK,Natural Sciences
Liverpool John Moores University,UK,Arts & Humanities
Liverpool John Moores University,UK,Engineering & Technology
Liverpool John Moores University,UK,Social Sciences & Management
Liverpool John Moores University,UK,Business & Management
Liverpool John Moores University,UK,Life Sciences & Medicine
Riga Technical University,LV,Natural Sciences
Riga Technical University,LV,Arts & Humanities
Riga Technical University,LV,Computer Science
Riga Technical University,LV,Engineering & Technology
Riga Technical University,LV,Social Sciences & Management
Riga Technical University,LV,Business & Management
Riga Technical University,LV,Life Sciences & Medicine
Technische Universität Braunschweig,DE,Natural Sciences
Technische Universität Braunschweig,DE,Arts & Humanities
Technische Universität Braunschweig,DE,Computer Science
Technische Universität Braunschweig,DE,Engineering & Technology
Technische Universität Braunschweig,DE,Social Sciences & Management
Technische Universität Braunschweig,DE,Business & Management
Technische Universität Braunschweig,DE,Life Sciences & Medicine
Universidad Externado de Colombia ,CO,Engineering & Technology
Universidad Externado de Colombia ,CO,Natural Sciences
Universidad Externado de Colombia ,CO,Social Sciences & Management
Université du Québec,CA,Engineering & Technology
Université du Québec,CA,Natural Sciences
Université du Québec,CA,Social Sciences & Management
University of Mumbai,IN,Engineering & Technology
University of Mumbai,IN,Natural Sciences
University of Mumbai,IN,Social Sciences & Management
University of Ulsan ,KR,Engineering & Technology
University of Ulsan ,KR,Natural Sciences
University of Ulsan ,KR,Social Sciences & Management
University of Zagreb,HR,Engineering & Technology
University of Zagreb,HR,Natural Sciences
University of Zagreb,HR,Social Sciences & Management
Wayne State University,US,Engineering & Technology
Wayne State University,US,Natural Sciences
Wayne State University,US,Social Sciences & Management
Hacettepe University ,TR,Engineering & Technology
Hacettepe University ,TR,Natural Sciences
Hacettepe University ,TR,Social Sciences & Management
King Khalid University,SA,Engineering & Technology
King Khalid University,SA,Natural Sciences
King Khalid University,SA,Social Sciences & Management
Philipps-Universität Marburg ,DE,Engineering & Technology
Philipps-Universität Marburg ,DE,Natural Sciences
Philipps-Universität Marburg ,DE,Social Sciences & Management
Universidad de Belgrano,AR,Engineering & Technology
Universidad de Belgrano,AR,Natural Sciences
Universidad de Belgrano,AR,Social Sciences & Management
Universität Rostock,DE,Engineering & Technology
Universität Rostock,DE,Natural Sciences
Universität Rostock,DE,Social Sciences & Management
Universiti Tenaga Nasional (UNITEN),MY,Engineering & Technology
Universiti Tenaga Nasional (UNITEN),MY,Natural Sciences
Universiti Tenaga Nasional (UNITEN),MY,Social Sciences & Management
Virginia Commonwealth University,US,Engineering & Technology
Virginia Commonwealth University,US,Natural Sciences
Virginia Commonwealth University,US,Social Sciences & Management
Chandigarh University,IN,Engineering & Technology
Chandigarh University,IN,Natural Sciences
Chandigarh University,IN,Social Sciences & Management
Comenius University Bratislava,SK,Engineering & Technology
Comenius University Bratislava,SK,Natural Sciences
Comenius University Bratislava,SK,Social Sciences & Management
Rutgers University–Newark,US,Natural Sciences
Rutgers University–Newark,US,Arts & Humanities
Rutgers University–Newark,US,Engineering & Technology
Rutgers University–Newark,US,Social Sciences & Management
Rutgers University–Newark,US,Business & Management
Rutgers University–Newark,US,Life Sciences & Medicine
Sechenov University,RU,Engineering & Technology
Sechenov University,RU,Natural Sciences
Sechenov University,RU,Social Sciences & Management
Shoolini University of Biotechnology and Management Sciences,IN,Natural Sciences
Shoolini University of Biotechnology and Management Sciences,IN,Arts & Humanities
Shoolini University of Biotechnology and Management Sciences,IN,Computer Science
Shoolini University of Biotechnology and Management Sciences,IN,Engineering & Technology
Shoolini University of Biotechnology and Management Sciences,IN,Social Sciences & Management
Shoolini University of Biotechnology and Management Sciences,IN,Business & Management
Shoolini University of Biotechnology and Management Sciences,IN,Life Sciences & Medicine
Universidad Anáhuac México,MX,Engineering & Technology
Universidad Anáhuac México,MX,Natural Sciences
Universidad Anáhuac México,MX,Social Sciences & Management
Universidad ORT Uruguay,UY,Engineering & Technology
Universidad ORT Uruguay,UY,Natural Sciences
Universidad ORT Uruguay,UY,Social Sciences & Management
Universität Duisburg-Essen,DE,Engineering & Technology
Universität Duisburg-Essen,DE,Natural Sciences
Universität Duisburg-Essen,DE,Social Sciences & Management
Université de Nantes,FR,Natural Sciences
Université de Nantes,FR,Arts & Humanities
Université de Nantes,FR,Engineering & Technology
Université de Nantes,FR,Social Sciences & Management
Université de Nantes,FR,Business & Management
Université de Nantes,FR,Life Sciences & Medicine
University at Albany SUNY,US,Natural Sciences
University at Albany SUNY,US,Arts & Humanities
University at Albany SUNY,US,Engineering & Technology
University at Albany SUNY,US,Social Sciences & Management
University at Albany SUNY,US,Business & Management
University at Albany SUNY,US,Life Sciences & Medicine
University of Brighton,UK,Natural Sciences
University of Brighton,UK,Arts & Humanities
University of Brighton,UK,Engineering & Technology
University of Brighton,UK,Social Sciences & Management
University of Brighton,UK,Business & Management
University of Brighton,UK,Life Sciences & Medicine
University of Northern British Columbia,CA,Natural Sciences
University of Northern British Columbia,CA,Arts & Humanities
University of Northern British Columbia,CA,Engineering & Technology
University of Northern British Columbia,CA,Social Sciences & Management
University of Northern British Columbia,CA,Business & Management
University of Northern British Columbia,CA,Life Sciences & Medicine
China University of Mining and Technology,CN,Natural Sciences
China University of Mining and Technology,CN,Arts & Humanities
China University of Mining and Technology,CN,Computer Science
China University of Mining and Technology,CN,Engineering & Technology
China University of Mining and Technology,CN,Social Sciences & Management
China University of Mining and Technology,CN,Business & Management
China University of Mining and Technology,CN,Life Sciences & Medicine
Keele University ,UK,Engineering & Technology
Keele University ,UK,Natural Sciences
Keele University ,UK,Social Sciences & Management
Khoja Akhmet Yassawi International Kazakh-Turkish University,KZ,Engineering & Technology
Khoja Akhmet Yassawi International Kazakh-Turkish University,KZ,Natural Sciences
Khoja Akhmet Yassawi International Kazakh-Turkish University,KZ,Social Sciences & Management
Nanjing Agricultural University,CN,Natural Sciences
Nanjing Agricultural University,CN,Arts & Humanities
Nanjing Agricultural University,CN,Engineering & Technology
Nanjing Agricultural University,CN,Social Sciences & Management
Nanjing Agricultural University,CN,Business & Management
Nanjing Agricultural University,CN,Life Sciences & Medicine
National Institute of Technology Tiruchirappalli,IN,Computer Science
National Institute of Technology Tiruchirappalli,IN,Engineering & Technology
Syracuse University,US,Natural Sciences
Syracuse University,US,Arts & Humanities
Syracuse University,US,Engineering & Technology
Syracuse University,US,Social Sciences & Management
Syracuse University,US,Business & Management
Syracuse University,US,Life Sciences & Medicine
The Catholic University of Korea ,KR,Engineering & Technology
The Catholic University of Korea ,KR,Natural Sciences
The Catholic University of Korea ,KR,Social Sciences & Management
Universiti Malaysia Pahang,MY,Engineering & Technology
Universiti Malaysia Pahang,MY,Natural Sciences
Universiti Malaysia Pahang,MY,Social Sciences & Management
University of Alaska Fairbanks,US,Natural Sciences
University of Alaska Fairbanks,US,Arts & Humanities
University of Alaska Fairbanks,US,Engineering & Technology
University of Alaska Fairbanks,US,Social Sciences & Management
University of Alaska Fairbanks,US,Business & Management
University of Alaska Fairbanks,US,Life Sciences & Medicine
American University,US,Natural Sciences
American University,US,Arts & Humanities
American University,US,Engineering & Technology
American University,US,Social Sciences & Management
American University,US,Business & Management
American University,US,Life Sciences & Medicine
Clarkson University,US,Natural Sciences
Clarkson University,US,Arts & Humanities
Clarkson University,US,Engineering & Technology
Clarkson University,US,Social Sciences & Management
Clarkson University,US,Business & Management
Clarkson University,US,Life Sciences & Medicine
Diponegoro University,ID,Engineering & Technology
Diponegoro University,ID,Natural Sciences
Diponegoro University,ID,Social Sciences & Management
Instituto Tecnológico de Buenos Aires (ITBA),AR,Engineering & Technology
Instituto Tecnológico de Buenos Aires (ITBA),AR,Natural Sciences
Instituto Tecnológico de Buenos Aires (ITBA),AR,Social Sciences & Management
Lanzhou University,CN,Natural Sciences
Lanzhou University,CN,Arts & Humanities
Lanzhou University,CN,Engineering & Technology
Lanzhou University,CN,Social Sciences & Management
Lanzhou University,CN,Business & Management
Lanzhou University,CN,Life Sciences & Medicine
Plekhanov Russian University of Economics,RU,Business & Management
Plekhanov Russian University of Economics,RU,Social Sciences & Management
Universidad de La Sabana,CO,Engineering & Technology
Universidad de La Sabana,CO,Natural Sciences
Universidad de La Sabana,CO,Social Sciences & Management
University of Brescia,IT,Engineering & Technology
University of Brescia,IT,Natural Sciences
University of Brescia,IT,Social Sciences & Management
University of Engineering & Technology (UET) Lahore,PK,Computer Science
University of Engineering & Technology (UET) Lahore,PK,Engineering & Technology
University of Patras,GR,Engineering & Technology
University of Patras,GR,Natural Sciences
University of Patras,GR,Social Sciences & Management
Al-Ahliyya Amman University,JO,Engineering & Technology
Al-Ahliyya Amman University,JO,Natural Sciences
Al-Ahliyya Amman University,JO,Social Sciences & Management
Almaty Technological University,KZ,Computer Science
Almaty Technological University,KZ,Engineering & Technology
Auburn University,US,Natural Sciences
Auburn University,US,Arts & Humanities
Auburn University,US,Engineering & Technology
Auburn University,US,Social Sciences & Management
Auburn University,US,Business & Management
Auburn University,US,Life Sciences & Medicine
Australian Catholic University,AU,Natural Sciences
Australian Catholic University,AU,Arts & Humanities
Australian Catholic University,AU,Engineering & Technology
Australian Catholic University,AU,Social Sciences & Management
Australian Catholic University,AU,Business & Management
Australian Catholic University,AU,Life Sciences & Medicine
Babes-Bolyai University,RO,Natural Sciences
Babes-Bolyai University,RO,Arts & Humanities
Babes-Bolyai University,RO,Engineering & Technology
Babes-Bolyai University,RO,Social Sciences & Management
Babes-Bolyai University,RO,Business & Management
Babes-Bolyai University,RO,Life Sciences & Medicine
Bangladesh University of Engineering and Technology,BD,Computer Science
Bangladesh University of Engineering and Technology,BD,Engineering & Technology
Beijing University of Technology,CN,Natural Sciences
Beijing University of Technology,CN,Arts & Humanities
Beijing University of Technology,CN,Computer Science
Beijing University of Technology,CN,Engineering & Technology
Beijing University of Technology,CN,Social Sciences & Management
Beijing University of Technology,CN,Business & Management
Beijing University of Technology,CN,Life Sciences & Medicine
Belarusian National Technical University (BNTU),BY,Computer Science
Belarusian National Technical University (BNTU),BY,Engineering & Technology
Charles Sturt University ,AU,Natural Sciences
Charles Sturt University ,AU,Arts & Humanities
Charles Sturt University ,AU,Engineering & Technology
Charles Sturt University ,AU,Social Sciences & Management
Charles Sturt University ,AU,Business & Management
Charles Sturt University ,AU,Life Sciences & Medicine
China University of Geosciences,CN,Natural Sciences
Clark University,US,Natural Sciences
Clark University,US,Arts & Humanities
Clark University,US,Engineering & Technology
Clark University,US,Social Sciences & Management
Clark University,US,Business & Management
Clark University,US,Life Sciences & Medicine
De Montfort University,UK,Natural Sciences
De Montfort University,UK,Arts & Humanities
De Montfort University,UK,Engineering & Technology
De Montfort University,UK,Social Sciences & Management
De Montfort University,UK,Business & Management
De Montfort University,UK,Life Sciences & Medicine
Edinburgh Napier University,UK,Natural Sciences
Edinburgh Napier University,UK,Arts & Humanities
Edinburgh Napier University,UK,Engineering & Technology
Edinburgh Napier University,UK,Social Sciences & Management
Edinburgh Napier University,UK,Business & Management
Edinburgh Napier University,UK,Life Sciences & Medicine
Immanuel Kant Baltic Federal University,RU,Natural Sciences
Immanuel Kant Baltic Federal University,RU,Arts & Humanities
Immanuel Kant Baltic Federal University,RU,Engineering & Technology
Immanuel Kant Baltic Federal University,RU,Social Sciences & Management
Immanuel Kant Baltic Federal University,RU,Business & Management
Immanuel Kant Baltic Federal University,RU,Life Sciences & Medicine
Ivane Javakhishvili Tbilisi State University,GE,Engineering & Technology
Ivane Javakhishvili Tbilisi State University,GE,Natural Sciences
Ivane Javakhishvili Tbilisi State University,GE,Social Sciences & Management
Jouf University,SA,Engineering & Technology
Jouf University,SA,Natural Sciences
Jouf University,SA,Social Sciences & Management
Kaunas University of Technology,LT,Computer Science
Kaunas University of Technology,LT,Engineering & Technology
Konkuk University ,KR,Engineering & Technology
Konkuk University ,KR,Natural Sciences
Konkuk University ,KR,Social Sciences & Management
Louisiana State University,US,Natural Sciences
Louisiana State University,US,Arts & Humanities
Louisiana State University,US,Engineering & Technology
Louisiana State University,US,Social Sciences & Management
Louisiana State University,US,Business & Management
Louisiana State University,US,Life Sciences & Medicine
Maynooth University,IE,Engineering & Technology
Maynooth University,IE,Natural Sciences
Maynooth University,IE,Social Sciences & Management
Nagasaki University,JP,Engineering & Technology
Nagasaki University,JP,Natural Sciences
Nagasaki University,JP,Social Sciences & Management
Nanjing University of Aeronautics and Astronautics,CN,Engineering & Technology
Nanjing University of Aeronautics and Astronautics,CN,Natural Sciences
Nanjing University of Aeronautics and Astronautics,CN,Social Sciences & Management
North-West University,ZA,Natural Sciences
North-West University,ZA,Arts & Humanities
North-West University,ZA,Engineering & Technology
North-West University,ZA,Social Sciences & Management
North-West University,ZA,Business & Management
North-West University,ZA,Life Sciences & Medicine
Poznan University of Life Sciences,PL,Natural Sciences
Ritsumeikan Asia Pacific University,JP,Engineering & Technology
Ritsumeikan Asia Pacific University,JP,Natural Sciences
Ritsumeikan Asia Pacific University,JP,Social Sciences & Management
Texas Tech University,US,Computer Science
Texas Tech University,US,Engineering & Technology
Tokyo University of Agriculture and Technology ,JP,Computer Science
Tokyo University of Agriculture and Technology ,JP,Engineering & Technology
Universidad de la República (Udelar),UY,Engineering & Technology
Universidad de la República (Udelar),UY,Natural Sciences
Universidad de la República (Udelar),UY,Social Sciences & Management
Universidad de San Andrés - UdeSA,AR,Engineering & Technology
Universidad de San Andrés - UdeSA,AR,Natural Sciences
Universidad de San Andrés - UdeSA,AR,Social Sciences & Management
Universidad Pontificia Bolivariana ,CO,Engineering & Technology
Universidad Pontificia Bolivariana ,CO,Natural Sciences
Universidad Pontificia Bolivariana ,CO,Social Sciences & Management
Universidad San Francisco de Quito (USFQ),EC,Engineering & Technology
Universidad San Francisco de Quito (USFQ),EC,Natural Sciences
Universidad San Francisco de Quito (USFQ),EC,Social Sciences & Management
Universidad Técnica Federico Santa María (USM),CL,Engineering & Technology
Universidad Técnica Federico Santa María (USM),CL,Natural Sciences
Universidad Técnica Federico Santa María (USM),CL,Social Sciences & Management
Universidade de Brasília,BR,Engineering & Technology
Universidade de Brasília,BR,Natural Sciences
Universidade de Brasília,BR,Social Sciences & Management
Universidade Federal de Santa Catarina ,BR,Engineering & Technology
Universidade Federal de Santa Catarina ,BR,Natural Sciences
Universidade Federal de Santa Catarina ,BR,Social Sciences & Management
Universitas Brawijaya ,ID,Engineering & Technology
Universitas Brawijaya ,ID,Natural Sciences
Universitas Brawijaya ,ID,Social Sciences & Management
Université de Sherbrooke,CA,Engineering & Technology
Université de Sherbrooke,CA,Natural Sciences
Université de Sherbrooke,CA,Social Sciences & Management
Universiti Tunku Abdul Rahman (UTAR),MY,Engineering & Technology
Universiti Tunku Abdul Rahman (UTAR),MY,Natural Sciences
Universiti Tunku Abdul Rahman (UTAR),MY,Social Sciences & Management
University Duesseldorf,DE,Engineering & Technology
University Duesseldorf,DE,Natural Sciences
University Duesseldorf,DE,Social Sciences & Management
University of Alicante,ES,Engineering & Technology
University of Alicante,ES,Natural Sciences
University of Alicante,ES,Social Sciences & Management
University of Balamand,LB,Natural Sciences
University of Balamand,LB,Arts & Humanities
University of Balamand,LB,Engineering & Technology
University of Balamand,LB,Social Sciences & Management
University of Balamand,LB,Business & Management
University of Balamand,LB,Life Sciences & Medicine
University of Calcutta,IN,Natural Sciences
University of Calcutta,IN,Arts & Humanities
University of Calcutta,IN,Engineering & Technology
University of Calcutta,IN,Social Sciences & Management
University of Calcutta,IN,Business & Management
University of Calcutta,IN,Life Sciences & Medicine
University of Dubai,AE,Engineering & Technology
University of Dubai,AE,Natural Sciences
University of Dubai,AE,Social Sciences & Management
University of Hyderabad,IN,Engineering & Technology
University of Hyderabad,IN,Natural Sciences
University of Hyderabad,IN,Social Sciences & Management
University of Latvia,LV,Engineering & Technology
University of Latvia,LV,Natural Sciences
University of Latvia,LV,Social Sciences & Management
University of Massachusetts Boston,US,Engineering & Technology
University of Massachusetts Boston,US,Natural Sciences
University of Massachusetts Boston,US,Social Sciences & Management
University of Pecs,HU,Engineering & Technology
University of Pecs,HU,Natural Sciences
University of Pecs,HU,Social Sciences & Management
University of Salerno,IT,Engineering & Technology
University of Salerno,IT,Natural Sciences
University of Salerno,IT,Social Sciences & Management
University of Santo Tomas,PH,Engineering & Technology
University of Santo Tomas,PH,Natural Sciences
University of Santo Tomas,PH,Social Sciences & Management
Verona University,IT,Engineering & Technology
Verona University,IT,Natural Sciences
Verona University,IT,Social Sciences & Management
Vilnius Gediminas Technical University,LT,Computer Science
Vilnius Gediminas Technical University,LT,Engineering & Technology
Vytautas Magnus University,LT,Engineering & Technology
Vytautas Magnus University,LT,Natural Sciences
Vytautas Magnus University,LT,Social Sciences & Management
Yokohama City University,JP,Engineering & Technology
Yokohama City University,JP,Natural Sciences
Yokohama City University,JP,Social Sciences & Management
Karaganda State Technical University,KZ,Computer Science
Karaganda State Technical University,KZ,Engineering & Technology
Addis Ababa University,ET,Natural Sciences
Addis Ababa University,ET,Arts & Humanities
Addis Ababa University,ET,Engineering & Technology
Addis Ababa University,ET,Social Sciences & Management
Addis Ababa University,ET,Business & Management
Addis Ababa University,ET,Life Sciences & Medicine
Beijing University of Posts and Telecommunications,CN,Natural Sciences
Beijing University of Posts and Telecommunications,CN,Arts & Humanities
Beijing University of Posts and Telecommunications,CN,Engineering & Technology
Beijing University of Posts and Telecommunications,CN,Social Sciences & Management
Beijing University of Posts and Telecommunications,CN,Business & Management
Beijing University of Posts and Telecommunications,CN,Life Sciences & Medicine
Catania University,IT,Engineering & Technology
Catania University,IT,Natural Sciences
Catania University,IT,Social Sciences & Management
Chonnam National University,KR,Engineering & Technology
Chonnam National University,KR,Natural Sciences
Chonnam National University,KR,Social Sciences & Management
Chungnam National University,KR,Engineering & Technology
Chungnam National University,KR,Natural Sciences
Chungnam National University,KR,Social Sciences & Management
Clemson University,US,Natural Sciences
Clemson University,US,Arts & Humanities
Clemson University,US,Engineering & Technology
Clemson University,US,Social Sciences & Management
Clemson University,US,Business & Management
Clemson University,US,Life Sciences & Medicine
CY Cergy Paris University,FR,Engineering & Technology
CY Cergy Paris University,FR,Natural Sciences
CY Cergy Paris University,FR,Social Sciences & Management
Gdańsk University of Technology,PL,Computer Science
Gdańsk University of Technology,PL,Engineering & Technology
Georgia State University,US,Natural Sciences
Georgia State University,US,Arts & Humanities
Georgia State University,US,Engineering & Technology
Georgia State University,US,Social Sciences & Management
Georgia State University,US,Business & Management
Georgia State University,US,Life Sciences & Medicine
Gulf University for Science and Technology,KW,Computer Science
Gulf University for Science and Technology,KW,Engineering & Technology
Gulf University for Science and Technology,KW,Natural Sciences
Huazhong Agricultural University,CN,Natural Sciences
Huazhong Agricultural University,CN,Arts & Humanities
Huazhong Agricultural University,CN,Engineering & Technology
Huazhong Agricultural University,CN,Social Sciences & Management
Huazhong Agricultural University,CN,Business & Management
Huazhong Agricultural University,CN,Life Sciences & Medicine
Kanazawa University,JP,Engineering & Technology
Kanazawa University,JP,Natural Sciences
Kanazawa University,JP,Social Sciences & Management
Kansas State University ,US,Natural Sciences
Kansas State University ,US,Arts & Humanities
Kansas State University ,US,Engineering & Technology
Kansas State University ,US,Social Sciences & Management
Kansas State University ,US,Business & Management
Kansas State University ,US,Life Sciences & Medicine
Karaganda Buketov University,KZ,Engineering & Technology
Karaganda Buketov University,KZ,Natural Sciences
Karaganda Buketov University,KZ,Social Sciences & Management
King Faisal University,SA,Engineering & Technology
King Faisal University,SA,Natural Sciences
King Faisal University,SA,Social Sciences & Management
Kuwait University,KW,Engineering & Technology
Kuwait University,KW,Natural Sciences
Kuwait University,KW,Social Sciences & Management
Kyrgyz-Turkish Manas University,KG,Natural Sciences
Kyrgyz-Turkish Manas University,KG,Arts & Humanities
Kyrgyz-Turkish Manas University,KG,Engineering & Technology
Kyrgyz-Turkish Manas University,KG,Social Sciences & Management
Kyrgyz-Turkish Manas University,KG,Business & Management
Kyrgyz-Turkish Manas University,KG,Life Sciences & Medicine
London South Bank University,UK,Natural Sciences
London South Bank University,UK,Arts & Humanities
London South Bank University,UK,Engineering & Technology
London South Bank University,UK,Social Sciences & Management
London South Bank University,UK,Business & Management
London South Bank University,UK,Life Sciences & Medicine
Michigan Technological University,US,Natural Sciences
Michigan Technological University,US,Arts & Humanities
Michigan Technological University,US,Computer Science
Michigan Technological University,US,Engineering & Technology
Michigan Technological University,US,Social Sciences & Management
Michigan Technological University,US,Business & Management
Michigan Technological University,US,Life Sciences & Medicine
National Research Saratov State University,RU,Natural Sciences
National Research Saratov State University,RU,Arts & Humanities
National Research Saratov State University,RU,Engineering & Technology
National Research Saratov State University,RU,Social Sciences & Management
National Research Saratov State University,RU,Business & Management
National Research Saratov State University,RU,Life Sciences & Medicine
Niigata University,JP,Engineering & Technology
Niigata University,JP,Natural Sciences
Niigata University,JP,Social Sciences & Management
North South University,BD,Natural Sciences
North South University,BD,Arts & Humanities
North South University,BD,Engineering & Technology
North South University,BD,Social Sciences & Management
North South University,BD,Business & Management
North South University,BD,Life Sciences & Medicine
Oklahoma State University ,US,Engineering & Technology
Oklahoma State University ,US,Natural Sciences
Oklahoma State University ,US,Social Sciences & Management
Pavol Jozef Šafárik University in Košice,SK,Engineering & Technology
Pavol Jozef Šafárik University in Košice,SK,Natural Sciences
Pavol Jozef Šafárik University in Košice,SK,Social Sciences & Management
"Queen Margaret University , Edinburgh",UK,Engineering & Technology
"Queen Margaret University , Edinburgh",UK,Natural Sciences
"Queen Margaret University , Edinburgh",UK,Social Sciences & Management
Ryerson University,CA,Natural Sciences
Ryerson University,CA,Arts & Humanities
Ryerson University,CA,Engineering & Technology
Ryerson University,CA,Social Sciences & Management
Ryerson University,CA,Business & Management
Ryerson University,CA,Life Sciences & Medicine
Southern Federal University,RU,Natural Sciences
Southern Federal University,RU,Arts & Humanities
Southern Federal University,RU,Engineering & Technology
Southern Federal University,RU,Social Sciences & Management
Southern Federal University,RU,Business & Management
Southern Federal University,RU,Life Sciences & Medicine
Technological University Dublin,IE,Natural Sciences
Technological University Dublin,IE,Arts & Humanities
Technological University Dublin,IE,Computer Science
Technological University Dublin,IE,Engineering & Technology
Technological University Dublin,IE,Social Sciences & Management
Technological University Dublin,IE,Business & Management
Technological University Dublin,IE,Life Sciences & Medicine
TU Dortmund University,DE,Natural Sciences
TU Dortmund University,DE,Arts & Humanities
TU Dortmund University,DE,Engineering & Technology
TU Dortmund University,DE,Social Sciences & Management
TU Dortmund University,DE,Business & Management
TU Dortmund University,DE,Life Sciences & Medicine
Universidad Católica del Uruguay (UCU),UY,Engineering & Technology
Universidad Católica del Uruguay (UCU),UY,Natural Sciences
Universidad Católica del Uruguay (UCU),UY,Social Sciences & Management
"Universidad Central ""Marta Abreu"" de Las Villas",CU,Engineering & Technology
"Universidad Central ""Marta Abreu"" de Las Villas",CU,Natural Sciences
"Universidad Central ""Marta Abreu"" de Las Villas",CU,Social Sciences & Management
Universidad de Guadalajara (UDG),MX,Engineering & Technology
Universidad de Guadalajara (UDG),MX,Natural Sciences
Universidad de Guadalajara (UDG),MX,Social Sciences & Management
Universidad Torcuato Di Tella,AR,Engineering & Technology
Universidad Torcuato Di Tella,AR,Natural Sciences
Universidad Torcuato Di Tella,AR,Social Sciences & Management
Universita' degli Studi di Ferrara,IT,Engineering & Technology
Universita' degli Studi di Ferrara,IT,Natural Sciences
Universita' degli Studi di Ferrara,IT,Social Sciences & Management
University of Bucharest,RO,Engineering & Technology
University of Bucharest,RO,Natural Sciences
University of Bucharest,RO,Social Sciences & Management
University of East London,UK,Natural Sciences
University of East London,UK,Arts & Humanities
University of East London,UK,Engineering & Technology
University of East London,UK,Social Sciences & Management
University of East London,UK,Business & Management
University of East London,UK,Life Sciences & Medicine
University of Hertfordshire,UK,Natural Sciences
University of Hertfordshire,UK,Arts & Humanities
University of Hertfordshire,UK,Engineering & Technology
University of Hertfordshire,UK,Social Sciences & Management
University of Hertfordshire,UK,Business & Management
University of Hertfordshire,UK,Life Sciences & Medicine
University of Lincoln,UK,Natural Sciences
University of Lincoln,UK,Arts & Humanities
University of Lincoln,UK,Engineering & Technology
University of Lincoln,UK,Social Sciences & Management
University of Lincoln,UK,Business & Management
University of Lincoln,UK,Life Sciences & Medicine
University of Malta,MT,Engineering & Technology
University of Malta,MT,Natural Sciences
University of Malta,MT,Social Sciences & Management
University of Maribor,SI,Engineering & Technology
University of Maribor,SI,Natural Sciences
University of Maribor,SI,Social Sciences & Management
University of Messina (UniME),IT,Engineering & Technology
University of Messina (UniME),IT,Natural Sciences
University of Messina (UniME),IT,Social Sciences & Management
University of Palermo,IT,Natural Sciences
University of Palermo,IT,Arts & Humanities
University of Palermo,IT,Engineering & Technology
University of Palermo,IT,Social Sciences & Management
University of Palermo,IT,Business & Management
University of Palermo,IT,Life Sciences & Medicine
University of Parma,IT,Engineering & Technology
University of Parma,IT,Natural Sciences
University of Parma,IT,Social Sciences & Management
University of Salford,UK,Natural Sciences
University of Salford,UK,Arts & Humanities
University of Salford,UK,Engineering & Technology
University of Salford,UK,Social Sciences & Management
University of Salford,UK,Business & Management
University of Salford,UK,Life Sciences & Medicine
University of South Africa,ZA,Natural Sciences
University of South Africa,ZA,Arts & Humanities
University of South Africa,ZA,Engineering & Technology
University of South Africa,ZA,Social Sciences & Management
University of South Africa,ZA,Business & Management
University of South Africa,ZA,Life Sciences & Medicine
University Paris 2 Panthéon-Assas,FR,Engineering & Technology
University Paris 2 Panthéon-Assas,FR,Natural Sciences
University Paris 2 Panthéon-Assas,FR,Social Sciences & Management
Vellore Institute of Technology (VIT),IN,Computer Science
Vellore Institute of Technology (VIT),IN,Engineering & Technology
Wesleyan University,US,Engineering & Technology
Wesleyan University,US,Natural Sciences
Wesleyan University,US,Social Sciences & Management
Worcester Polytechnic Institute,US,Natural Sciences
Worcester Polytechnic Institute,US,Arts & Humanities
Worcester Polytechnic Institute,US,Computer Science
Worcester Polytechnic Institute,US,Engineering & Technology
Worcester Polytechnic Institute,US,Social Sciences & Management
Worcester Polytechnic Institute,US,Business & Management
Worcester Polytechnic Institute,US,Life Sciences & Medicine
Wuhan University of Technology,CN,Computer Science
Wuhan University of Technology,CN,Engineering & Technology
AGH University of Science and Technology,PL,Natural Sciences
AGH University of Science and Technology,PL,Arts & Humanities
AGH University of Science and Technology,PL,Computer Science
AGH University of Science and Technology,PL,Engineering & Technology
AGH University of Science and Technology,PL,Social Sciences & Management
AGH University of Science and Technology,PL,Business & Management
AGH University of Science and Technology,PL,Life Sciences & Medicine
Alexandria University ,EG,Engineering & Technology
Alexandria University ,EG,Natural Sciences
Alexandria University ,EG,Social Sciences & Management
Ankara Üniversitesi,TR,Engineering & Technology
Ankara Üniversitesi,TR,Natural Sciences
Ankara Üniversitesi,TR,Social Sciences & Management
Asia University Taiwan,TW,Engineering & Technology
Asia University Taiwan,TW,Natural Sciences
Asia University Taiwan,TW,Social Sciences & Management
Athens University of Economics and Business,GR,Business & Management
Athens University of Economics and Business,GR,Social Sciences & Management
Beijing Jiaotong University,CN,Natural Sciences
Beijing Jiaotong University,CN,Arts & Humanities
Beijing Jiaotong University,CN,Engineering & Technology
Beijing Jiaotong University,CN,Social Sciences & Management
Beijing Jiaotong University,CN,Business & Management
Beijing Jiaotong University,CN,Life Sciences & Medicine
College of William and Mary,US,Natural Sciences
College of William and Mary,US,Arts & Humanities
College of William and Mary,US,Engineering & Technology
College of William and Mary,US,Social Sciences & Management
College of William and Mary,US,Business & Management
College of William and Mary,US,Life Sciences & Medicine
D. Serikbayev East Kazakhstan state technical university,KZ,Computer Science
D. Serikbayev East Kazakhstan state technical university,KZ,Engineering & Technology
Donghua University,CN,Engineering & Technology
Donghua University,CN,Natural Sciences
Donghua University,CN,Social Sciences & Management
Hallym University ,KR,Engineering & Technology
Hallym University ,KR,Natural Sciences
Hallym University ,KR,Social Sciences & Management
Kumamoto University,JP,Engineering & Technology
Kumamoto University,JP,Natural Sciences
Kumamoto University,JP,Social Sciences & Management
London Metropolitan University,UK,Natural Sciences
London Metropolitan University,UK,Arts & Humanities
London Metropolitan University,UK,Engineering & Technology
London Metropolitan University,UK,Social Sciences & Management
London Metropolitan University,UK,Business & Management
London Metropolitan University,UK,Life Sciences & Medicine
Loyola University Chicago,US,Engineering & Technology
Loyola University Chicago,US,Natural Sciences
Loyola University Chicago,US,Social Sciences & Management
Mendel University in Brno,CZ,Engineering & Technology
Mendel University in Brno,CZ,Natural Sciences
Mendel University in Brno,CZ,Social Sciences & Management
National Chung Cheng University,TW,Natural Sciences
National Chung Cheng University,TW,Arts & Humanities
National Chung Cheng University,TW,Engineering & Technology
National Chung Cheng University,TW,Social Sciences & Management
National Chung Cheng University,TW,Business & Management
National Chung Cheng University,TW,Life Sciences & Medicine
"National Technical University ""Kharkiv Polytechnic Institute""",UA,Natural Sciences
"National Technical University ""Kharkiv Polytechnic Institute""",UA,Arts & Humanities
"National Technical University ""Kharkiv Polytechnic Institute""",UA,Computer Science
"National Technical University ""Kharkiv Polytechnic Institute""",UA,Engineering & Technology
"National Technical University ""Kharkiv Polytechnic Institute""",UA,Social Sciences & Management
"National Technical University ""Kharkiv Polytechnic Institute""",UA,Business & Management
"National Technical University ""Kharkiv Polytechnic Institute""",UA,Life Sciences & Medicine
Nicolaus Copernicus University ,PL,Engineering & Technology
Nicolaus Copernicus University ,PL,Natural Sciences
Nicolaus Copernicus University ,PL,Social Sciences & Management
Northern Borders University,SA,Engineering & Technology
Northern Borders University,SA,Natural Sciences
Northern Borders University,SA,Social Sciences & Management
Notre Dame University-Louaize NDU,LB,Natural Sciences
Notre Dame University-Louaize NDU,LB,Arts & Humanities
Notre Dame University-Louaize NDU,LB,Engineering & Technology
Notre Dame University-Louaize NDU,LB,Social Sciences & Management
Notre Dame University-Louaize NDU,LB,Business & Management
Notre Dame University-Louaize NDU,LB,Life Sciences & Medicine
Ocean University of China,CN,Engineering & Technology
Ocean University of China,CN,Natural Sciences
Ocean University of China,CN,Social Sciences & Management
Okayama University,JP,Engineering & Technology
Okayama University,JP,Natural Sciences
Okayama University,JP,Social Sciences & Management
Pontificia Universidad Católica del Ecuador (PUCE),EC,Engineering & Technology
Pontificia Universidad Católica del Ecuador (PUCE),EC,Natural Sciences
Pontificia Universidad Católica del Ecuador (PUCE),EC,Social Sciences & Management
Prince of Songkla University,TH,Engineering & Technology
Prince of Songkla University,TH,Natural Sciences
Prince of Songkla University,TH,Social Sciences & Management
Princess Sumaya University for Technology,JO,Computer Science
Princess Sumaya University for Technology,JO,Engineering & Technology
Qassim University,SA,Engineering & Technology
Qassim University,SA,Natural Sciences
Qassim University,SA,Social Sciences & Management
Rhodes University ,ZA,Natural Sciences
Rhodes University ,ZA,Arts & Humanities
Rhodes University ,ZA,Engineering & Technology
Rhodes University ,ZA,Social Sciences & Management
Rhodes University ,ZA,Business & Management
Rhodes University ,ZA,Life Sciences & Medicine
Riga Stradins University,LV,Engineering & Technology
Riga Stradins University,LV,Natural Sciences
Riga Stradins University,LV,Social Sciences & Management
Robert Gordon University,UK,Natural Sciences
Robert Gordon University,UK,Arts & Humanities
Robert Gordon University,UK,Engineering & Technology
Robert Gordon University,UK,Social Sciences & Management
Robert Gordon University,UK,Business & Management
Robert Gordon University,UK,Life Sciences & Medicine
S.D. Asfendiyarov Kazakh National Medical University,KZ,Life Sciences & Medicine
Samara National Research University (Samara University),RU,Natural Sciences
Samara National Research University (Samara University),RU,Arts & Humanities
Samara National Research University (Samara University),RU,Engineering & Technology
Samara National Research University (Samara University),RU,Social Sciences & Management
Samara National Research University (Samara University),RU,Business & Management
Samara National Research University (Samara University),RU,Life Sciences & Medicine
Sophia University ,JP,Natural Sciences
Sophia University ,JP,Arts & Humanities
Sophia University ,JP,Engineering & Technology
Sophia University ,JP,Social Sciences & Management
Sophia University ,JP,Business & Management
Sophia University ,JP,Life Sciences & Medicine
St. Louis University,US,Natural Sciences
St. Louis University,US,Arts & Humanities
St. Louis University,US,Engineering & Technology
St. Louis University,US,Social Sciences & Management
St. Louis University,US,Business & Management
St. Louis University,US,Life Sciences & Medicine
Sungshin Women's University,KR,Engineering & Technology
Sungshin Women's University,KR,Natural Sciences
Sungshin Women's University,KR,Social Sciences & Management
Universidad Autónoma Metropolitana (UAM),MX,Engineering & Technology
Universidad Autónoma Metropolitana (UAM),MX,Natural Sciences
Universidad Autónoma Metropolitana (UAM),MX,Social Sciences & Management
Universidad ICESI,CO,Engineering & Technology
Universidad ICESI,CO,Natural Sciences
Universidad ICESI,CO,Social Sciences & Management
Universidad Nacional Mayor de San Marcos,PE,Life Sciences & Medicine
Universidade Católica Portuguesa - UCP,PT,Engineering & Technology
Universidade Católica Portuguesa - UCP,PT,Natural Sciences
Universidade Católica Portuguesa - UCP,PT,Social Sciences & Management
Universidade de Vigo,ES,Natural Sciences
Universidade de Vigo,ES,Arts & Humanities
Universidade de Vigo,ES,Engineering & Technology
Universidade de Vigo,ES,Social Sciences & Management
Universidade de Vigo,ES,Business & Management
Universidade de Vigo,ES,Life Sciences & Medicine
Università degli studi Roma Tre,IT,Natural Sciences
Università degli studi Roma Tre,IT,Arts & Humanities
Università degli studi Roma Tre,IT,Engineering & Technology
Università degli studi Roma Tre,IT,Social Sciences & Management
Università degli studi Roma Tre,IT,Business & Management
Università degli studi Roma Tre,IT,Life Sciences & Medicine
"University of Alabama, Birmingham",US,Engineering & Technology
"University of Alabama, Birmingham",US,Natural Sciences
"University of Alabama, Birmingham",US,Social Sciences & Management
University of Central Lancashire,UK,Natural Sciences
University of Central Lancashire,UK,Arts & Humanities
University of Central Lancashire,UK,Engineering & Technology
University of Central Lancashire,UK,Social Sciences & Management
University of Central Lancashire,UK,Business & Management
University of Central Lancashire,UK,Life Sciences & Medicine
University of Denver,US,Natural Sciences
University of Denver,US,Arts & Humanities
University of Denver,US,Engineering & Technology
University of Denver,US,Social Sciences & Management
University of Denver,US,Business & Management
University of Denver,US,Life Sciences & Medicine
University of Murcia,ES,Engineering & Technology
University of Murcia,ES,Natural Sciences
University of Murcia,ES,Social Sciences & Management
University of Petroleum and Energy Studies (UPES),IN,Engineering & Technology
University of Petroleum and Energy Studies (UPES),IN,Natural Sciences
University of Petroleum and Energy Studies (UPES),IN,Social Sciences & Management
University of Vermont,US,Engineering & Technology
University of Vermont,US,Natural Sciences
University of Vermont,US,Social Sciences & Management
University of Wroclaw,PL,Natural Sciences
University of Wroclaw,PL,Arts & Humanities
University of Wroclaw,PL,Engineering & Technology
University of Wroclaw,PL,Social Sciences & Management
University of Wroclaw,PL,Law
University of Wroclaw,PL,Business & Management
University of Wroclaw,PL,Life Sciences & Medicine
West Virginia University,US,Engineering & Technology
West Virginia University,US,Natural Sciences
West Virginia University,US,Social Sciences & Management
Wroclaw University of Science and Technology (WRUST),PL,Computer Science
Wroclaw University of Science and Technology (WRUST),PL,Engineering & Technology
Wroclaw University of Science and Technology (WRUST),PL,Law
Wroclaw University of Science and Technology (WRUST),PL,Natural Sciences
Bielefeld University,DE,Natural Sciences
Bielefeld University,DE,Arts & Humanities
Bielefeld University,DE,Engineering & Technology
Bielefeld University,DE,Social Sciences & Management
Bielefeld University,DE,Business & Management
Bielefeld University,DE,Life Sciences & Medicine
"Birla Institute of Technology and Science, Pilani",IN,Natural Sciences
"Birla Institute of Technology and Science, Pilani",IN,Arts & Humanities
"Birla Institute of Technology and Science, Pilani",IN,Computer Science
"Birla Institute of Technology and Science, Pilani",IN,Engineering & Technology
"Birla Institute of Technology and Science, Pilani",IN,Social Sciences & Management
"Birla Institute of Technology and Science, Pilani",IN,Business & Management
"Birla Institute of Technology and Science, Pilani",IN,Life Sciences & Medicine
George Mason University,US,Natural Sciences
George Mason University,US,Arts & Humanities
George Mason University,US,Engineering & Technology
George Mason University,US,Social Sciences & Management
George Mason University,US,Business & Management
George Mason University,US,Life Sciences & Medicine
Gifu University,JP,Engineering & Technology
Gifu University,JP,Natural Sciences
Gifu University,JP,Social Sciences & Management
Gunma University,JP,Engineering & Technology
Gunma University,JP,Natural Sciences
Gunma University,JP,Social Sciences & Management
Indiana University–Purdue University Indianapolis,US,Engineering & Technology
Indiana University–Purdue University Indianapolis,US,Natural Sciences
Indiana University–Purdue University Indianapolis,US,Social Sciences & Management
Islamic University of Madinah,SA,Engineering & Technology
Islamic University of Madinah,SA,Natural Sciences
Islamic University of Madinah,SA,Social Sciences & Management
Jamia Millia Islamia,IN,Natural Sciences
Jamia Millia Islamia,IN,Arts & Humanities
Jamia Millia Islamia,IN,Engineering & Technology
Jamia Millia Islamia,IN,Social Sciences & Management
Jamia Millia Islamia,IN,Business & Management
Jamia Millia Islamia,IN,Life Sciences & Medicine
Khon Kaen University,TH,Engineering & Technology
Khon Kaen University,TH,Natural Sciences
Khon Kaen University,TH,Social Sciences & Management
King Mongkut's University of Technology Thonburi ,TH,Natural Sciences
King Mongkut's University of Technology Thonburi ,TH,Arts & Humanities
King Mongkut's University of Technology Thonburi ,TH,Computer Science
King Mongkut's University of Technology Thonburi ,TH,Engineering & Technology
King Mongkut's University of Technology Thonburi ,TH,Social Sciences & Management
King Mongkut's University of Technology Thonburi ,TH,Business & Management
King Mongkut's University of Technology Thonburi ,TH,Life Sciences & Medicine
Lviv Polytechnic National University,UA,Natural Sciences
Lviv Polytechnic National University,UA,Arts & Humanities
Lviv Polytechnic National University,UA,Computer Science
Lviv Polytechnic National University,UA,Engineering & Technology
Lviv Polytechnic National University,UA,Social Sciences & Management
Lviv Polytechnic National University,UA,Business & Management
Lviv Polytechnic National University,UA,Life Sciences & Medicine
Makerere University,UG,Engineering & Technology
Makerere University,UG,Natural Sciences
Makerere University,UG,Social Sciences & Management
"Manipal Academy of Higher Education, Manipal, Karnataka, India",IN,Engineering & Technology
"Manipal Academy of Higher Education, Manipal, Karnataka, India",IN,Natural Sciences
"Manipal Academy of Higher Education, Manipal, Karnataka, India",IN,Social Sciences & Management
NJSC KIMEP University,KZ,Engineering & Technology
NJSC KIMEP University,KZ,Natural Sciences
NJSC KIMEP University,KZ,Social Sciences & Management
Northwest Agriculture and Forestry University,CN,Natural Sciences
Northwest Agriculture and Forestry University,CN,Arts & Humanities
Northwest Agriculture and Forestry University,CN,Engineering & Technology
Northwest Agriculture and Forestry University,CN,Social Sciences & Management
Northwest Agriculture and Forestry University,CN,Business & Management
Northwest Agriculture and Forestry University,CN,Life Sciences & Medicine
O.P. Jindal Global University,IN,Engineering & Technology
O.P. Jindal Global University,IN,Natural Sciences
O.P. Jindal Global University,IN,Social Sciences & Management
Saint Petersburg Electrotechnical University ETU-LETI,RU,Computer Science
Saint Petersburg Electrotechnical University ETU-LETI,RU,Engineering & Technology
Shahid Beheshti University (SBU),IR,Engineering & Technology
Shahid Beheshti University (SBU),IR,Natural Sciences
Shahid Beheshti University (SBU),IR,Social Sciences & Management
South Ural State University (National Research University),RU,Natural Sciences
South Ural State University (National Research University),RU,Arts & Humanities
South Ural State University (National Research University),RU,Engineering & Technology
South Ural State University (National Research University),RU,Social Sciences & Management
South Ural State University (National Research University),RU,Business & Management
South Ural State University (National Research University),RU,Life Sciences & Medicine
Sumy State University,UA,Engineering & Technology
Sumy State University,UA,Natural Sciences
Sumy State University,UA,Social Sciences & Management
Tecnológico de Costa Rica -TEC,CR,Natural Sciences
Tecnológico de Costa Rica -TEC,CR,Arts & Humanities
Tecnológico de Costa Rica -TEC,CR,Engineering & Technology
Tecnológico de Costa Rica -TEC,CR,Social Sciences & Management
Tecnológico de Costa Rica -TEC,CR,Business & Management
Tecnológico de Costa Rica -TEC,CR,Life Sciences & Medicine
Thapar Institute of Engineering & Technology,IN,Computer Science
Thapar Institute of Engineering & Technology,IN,Engineering & Technology
The University of Alabama,US,Natural Sciences
The University of Alabama,US,Arts & Humanities
The University of Alabama,US,Engineering & Technology
The University of Alabama,US,Social Sciences & Management
The University of Alabama,US,Business & Management
The University of Alabama,US,Life Sciences & Medicine
Tokyo Metropolitan University,JP,Natural Sciences
Tokyo Metropolitan University,JP,Arts & Humanities
Tokyo Metropolitan University,JP,Engineering & Technology
Tokyo Metropolitan University,JP,Social Sciences & Management
Tokyo Metropolitan University,JP,Business & Management
Tokyo Metropolitan University,JP,Life Sciences & Medicine
Universidad de Castilla-La Mancha,ES,Engineering & Technology
Universidad de Castilla-La Mancha,ES,Natural Sciences
Universidad de Castilla-La Mancha,ES,Social Sciences & Management
Universidad de las Américas Puebla (UDLAP),MX,Engineering & Technology
Universidad de las Américas Puebla (UDLAP),MX,Natural Sciences
Universidad de las Américas Puebla (UDLAP),MX,Social Sciences & Management
Universidad de los Andes - Chile,CL,Engineering & Technology
Universidad de los Andes - Chile,CL,Natural Sciences
Universidad de los Andes - Chile,CL,Social Sciences & Management
Universidad de Valladolid,ES,Natural Sciences
Universidad de Valladolid,ES,Arts & Humanities
Universidad de Valladolid,ES,Engineering & Technology
Universidad de Valladolid,ES,Social Sciences & Management
Universidad de Valladolid,ES,Business & Management
Universidad de Valladolid,ES,Life Sciences & Medicine
Universidad Diego Portales (UDP),CL,Engineering & Technology
Universidad Diego Portales (UDP),CL,Natural Sciences
Universidad Diego Portales (UDP),CL,Social Sciences & Management
Universidad Nacional de Córdoba - UNC,AR,Engineering & Technology
Universidad Nacional de Córdoba - UNC,AR,Natural Sciences
Universidad Nacional de Córdoba - UNC,AR,Social Sciences & Management
Universidad Nacional de Ingeniería Peru,PE,Engineering & Technology
Universidad Nacional de Ingeniería Peru,PE,Natural Sciences
Universidad Nacional de Ingeniería Peru,PE,Social Sciences & Management
Universidad Nacional de Rosario (UNR),AR,Engineering & Technology
Universidad Nacional de Rosario (UNR),AR,Natural Sciences
Universidad Nacional de Rosario (UNR),AR,Social Sciences & Management
Universidad Peruana Cayetano Heredia (UPCH),PE,Engineering & Technology
Universidad Peruana Cayetano Heredia (UPCH),PE,Natural Sciences
Universidad Peruana Cayetano Heredia (UPCH),PE,Social Sciences & Management
Universidad Rey Juan Carlos,ES,Natural Sciences
Universidad Rey Juan Carlos,ES,Arts & Humanities
Universidad Rey Juan Carlos,ES,Engineering & Technology
Universidad Rey Juan Carlos,ES,Social Sciences & Management
Universidad Rey Juan Carlos,ES,Business & Management
Universidad Rey Juan Carlos,ES,Life Sciences & Medicine
Universidad Simón Bolívar (USB),VE,Engineering & Technology
Universidad Simón Bolívar (USB),VE,Natural Sciences
Universidad Simón Bolívar (USB),VE,Social Sciences & Management
Universidad Tecnológica de Panamá (UTP),PA,Engineering & Technology
Universidad Tecnológica de Panamá (UTP),PA,Natural Sciences
Universidad Tecnológica de Panamá (UTP),PA,Social Sciences & Management
Université de Tunis El Manar,TN,Engineering & Technology
Université de Tunis El Manar,TN,Natural Sciences
Université de Tunis El Manar,TN,Social Sciences & Management
Université Toulouse 1 Capitole,FR,Engineering & Technology
Université Toulouse 1 Capitole,FR,Natural Sciences
Université Toulouse 1 Capitole,FR,Social Sciences & Management
Universiti Pendidikan Sultan Idris (UPSI),MY,Engineering & Technology
Universiti Pendidikan Sultan Idris (UPSI),MY,Natural Sciences
Universiti Pendidikan Sultan Idris (UPSI),MY,Social Sciences & Management
University of Baghdad,IQ,Engineering & Technology
University of Baghdad,IQ,Natural Sciences
University of Baghdad,IQ,Social Sciences & Management
University of Bahrain,BH,Natural Sciences
University of Bahrain,BH,Arts & Humanities
University of Bahrain,BH,Engineering & Technology
University of Bahrain,BH,Social Sciences & Management
University of Bahrain,BH,Business & Management
University of Bahrain,BH,Life Sciences & Medicine
University of Calabria,IT,Natural Sciences
University of Calabria,IT,Arts & Humanities
University of Calabria,IT,Engineering & Technology
University of Calabria,IT,Social Sciences & Management
University of Calabria,IT,Business & Management
University of Calabria,IT,Life Sciences & Medicine
UNIVERSITY OF GDANSK,PL,Engineering & Technology
UNIVERSITY OF GDANSK,PL,Natural Sciences
UNIVERSITY OF GDANSK,PL,Social Sciences & Management
University of Ghana,GH,Engineering & Technology
University of Ghana,GH,Natural Sciences
University of Ghana,GH,Social Sciences & Management
University of Lodz,PL,Natural Sciences
University of Lodz,PL,Arts & Humanities
University of Lodz,PL,Engineering & Technology
University of Lodz,PL,Social Sciences & Management
University of Lodz,PL,Business & Management
University of Lodz,PL,Life Sciences & Medicine
University of New England Australia,AU,Natural Sciences
University of New England Australia,AU,Arts & Humanities
University of New England Australia,AU,Engineering & Technology
University of New England Australia,AU,Social Sciences & Management
University of New England Australia,AU,Business & Management
University of New England Australia,AU,Life Sciences & Medicine
University of Peshawar,PK,Engineering & Technology
University of Peshawar,PK,Natural Sciences
University of Peshawar,PK,Social Sciences & Management
University of Seoul ,KR,Natural Sciences
University of Seoul ,KR,Arts & Humanities
University of Seoul ,KR,Engineering & Technology
University of Seoul ,KR,Social Sciences & Management
University of Seoul ,KR,Business & Management
University of Seoul ,KR,Life Sciences & Medicine
University of the Western Cape,ZA,Natural Sciences
University of the Western Cape,ZA,Arts & Humanities
University of the Western Cape,ZA,Engineering & Technology
University of the Western Cape,ZA,Social Sciences & Management
University of the Western Cape,ZA,Business & Management
University of the Western Cape,ZA,Life Sciences & Medicine
Viet Nam National University Ho Chi Minh City (VNU-HCM),VN,Natural Sciences
Viet Nam National University Ho Chi Minh City (VNU-HCM),VN,Arts & Humanities
Viet Nam National University Ho Chi Minh City (VNU-HCM),VN,Engineering & Technology
Viet Nam National University Ho Chi Minh City (VNU-HCM),VN,Social Sciences & Management
Viet Nam National University Ho Chi Minh City (VNU-HCM),VN,Business & Management
Viet Nam National University Ho Chi Minh City (VNU-HCM),VN,Life Sciences & Medicine
"Vietnam National University, Hanoi ",VN,Engineering & Technology
"Vietnam National University, Hanoi ",VN,Natural Sciences
"Vietnam National University, Hanoi ",VN,Social Sciences & Management
Yeungnam University ,KR,Engineering & Technology
Yeungnam University ,KR,Natural Sciences
Yeungnam University ,KR,Social Sciences & Management
Yildiz Technical University,TR,Natural Sciences
Yildiz Technical University,TR,Arts & Humanities
Yildiz Technical University,TR,Computer Science
Yildiz Technical University,TR,Engineering & Technology
Yildiz Technical University,TR,Social Sciences & Management
Yildiz Technical University,TR,Business & Management
Yildiz Technical University,TR,Life Sciences & Medicine
Yokohama National University,JP,Natural Sciences
Yokohama National University,JP,Arts & Humanities
Yokohama National University,JP,Engineering & Technology
Yokohama National University,JP,Social Sciences & Management
Yokohama National University,JP,Business & Management
Yokohama National University,JP,Life Sciences & Medicine
Università del Salento,IT,Natural Sciences
Università del Salento,IT,Arts & Humanities
Università del Salento,IT,Engineering & Technology
Università del Salento,IT,Social Sciences & Management
Università del Salento,IT,Business & Management
Università del Salento,IT,Life Sciences & Medicine
University of Ioannina,GR,Engineering & Technology
University of Ioannina,GR,Natural Sciences
University of Ioannina,GR,Social Sciences & Management
Vancouver Island University,CA,Engineering & Technology
Vancouver Island University,CA,Natural Sciences
Vancouver Island University,CA,Social Sciences & Management
Al Quds University The Arab University in Jerusalem,PS,Engineering & Technology
Al Quds University The Arab University in Jerusalem,PS,Natural Sciences
Al Quds University The Arab University in Jerusalem,PS,Social Sciences & Management
Aligarh Muslim University,IN,Natural Sciences
Aligarh Muslim University,IN,Arts & Humanities
Aligarh Muslim University,IN,Engineering & Technology
Aligarh Muslim University,IN,Social Sciences & Management
Aligarh Muslim University,IN,Business & Management
Aligarh Muslim University,IN,Life Sciences & Medicine
Amity University,IN,Natural Sciences
Amity University,IN,Arts & Humanities
Amity University,IN,Engineering & Technology
Amity University,IN,Social Sciences & Management
Amity University,IN,Business & Management
Amity University,IN,Life Sciences & Medicine
Amrita Vishwa Vidyapeetham,IN,Engineering & Technology
Amrita Vishwa Vidyapeetham,IN,Natural Sciences
Amrita Vishwa Vidyapeetham,IN,Social Sciences & Management
An-Najah National University,PS,Engineering & Technology
An-Najah National University,PS,Natural Sciences
An-Najah National University,PS,Social Sciences & Management
"Arab Academy for Science, Technology and Maritime Transport",EG,Computer Science
"Arab Academy for Science, Technology and Maritime Transport",EG,Engineering & Technology
"Arab Academy for Science, Technology and Maritime Transport",EG,Natural Sciences
Assiut University ,EG,Engineering & Technology
Assiut University ,EG,Natural Sciences
Assiut University ,EG,Social Sciences & Management
Azerbaijan State University of Economics,AZ,Business & Management
Azerbaijan State University of Economics,AZ,Social Sciences & Management
Baku State University,AZ,Engineering & Technology
Baku State University,AZ,Natural Sciences
Baku State University,AZ,Social Sciences & Management
Banaras Hindu University,IN,Engineering & Technology
Banaras Hindu University,IN,Natural Sciences
Banaras Hindu University,IN,Social Sciences & Management
Baylor University,US,Natural Sciences
Baylor University,US,Arts & Humanities
Baylor University,US,Engineering & Technology
Baylor University,US,Social Sciences & Management
Baylor University,US,Business & Management
Baylor University,US,Life Sciences & Medicine
Beijing Foreign Studies University,CN,Engineering & Technology
Beijing Foreign Studies University,CN,Natural Sciences
Beijing Foreign Studies University,CN,Social Sciences & Management
Beijing University of Chinese Medicine,CN,Life Sciences & Medicine
Bina Nusantara University (BINUS),ID,Natural Sciences
Bina Nusantara University (BINUS),ID,Arts & Humanities
Bina Nusantara University (BINUS),ID,Engineering & Technology
Bina Nusantara University (BINUS),ID,Social Sciences & Management
Bina Nusantara University (BINUS),ID,Business & Management
Bina Nusantara University (BINUS),ID,Life Sciences & Medicine
Binghamton University SUNY,US,Natural Sciences
Binghamton University SUNY,US,Arts & Humanities
Binghamton University SUNY,US,Engineering & Technology
Binghamton University SUNY,US,Social Sciences & Management
Binghamton University SUNY,US,Business & Management
Binghamton University SUNY,US,Life Sciences & Medicine
Birmingham City University ,UK,Natural Sciences
Birmingham City University ,UK,Arts & Humanities
Birmingham City University ,UK,Engineering & Technology
Birmingham City University ,UK,Social Sciences & Management
Birmingham City University ,UK,Business & Management
Birmingham City University ,UK,Life Sciences & Medicine
BRAC University,BD,Engineering & Technology
BRAC University,BD,Natural Sciences
BRAC University,BD,Social Sciences & Management
Brigham Young University,US,Natural Sciences
Brigham Young University,US,Arts & Humanities
Brigham Young University,US,Engineering & Technology
Brigham Young University,US,Social Sciences & Management
Brigham Young University,US,Business & Management
Brigham Young University,US,Life Sciences & Medicine
Canterbury Christ Church University,UK,Natural Sciences
Canterbury Christ Church University,UK,Arts & Humanities
Canterbury Christ Church University,UK,Engineering & Technology
Canterbury Christ Church University,UK,Social Sciences & Management
Canterbury Christ Church University,UK,Business & Management
Canterbury Christ Church University,UK,Life Sciences & Medicine
Chang Jung Christian University,TW,Natural Sciences
Chang Jung Christian University,TW,Arts & Humanities
Chang Jung Christian University,TW,Engineering & Technology
Chang Jung Christian University,TW,Social Sciences & Management
Chang Jung Christian University,TW,Business & Management
Chang Jung Christian University,TW,Life Sciences & Medicine
Chung Yuan Christian University,TW,Natural Sciences
Chung Yuan Christian University,TW,Arts & Humanities
Chung Yuan Christian University,TW,Engineering & Technology
Chung Yuan Christian University,TW,Social Sciences & Management
Chung Yuan Christian University,TW,Business & Management
Chung Yuan Christian University,TW,Life Sciences & Medicine
Chungbuk National University,KR,Engineering & Technology
Chungbuk National University,KR,Natural Sciences
Chungbuk National University,KR,Social Sciences & Management
Corvinus University of Budapest,HU,Engineering & Technology
Corvinus University of Budapest,HU,Natural Sciences
Corvinus University of Budapest,HU,Social Sciences & Management
Cracow University of Technology (Politechnika Krakowska),PL,Computer Science
Cracow University of Technology (Politechnika Krakowska),PL,Engineering & Technology
Dankook University ,KR,Engineering & Technology
Dankook University ,KR,Natural Sciences
Dankook University ,KR,Social Sciences & Management
Doshisha University,JP,Natural Sciences
Doshisha University,JP,Arts & Humanities
Doshisha University,JP,Engineering & Technology
Doshisha University,JP,Social Sciences & Management
Doshisha University,JP,Business & Management
Doshisha University,JP,Life Sciences & Medicine
EGE UNIVERSITY,TR,Engineering & Technology
EGE UNIVERSITY,TR,Natural Sciences
EGE UNIVERSITY,TR,Social Sciences & Management
Escuela Politécnica Nacional,EC,Engineering & Technology
Escuela Politécnica Nacional,EC,Natural Sciences
Escuela Politécnica Nacional,EC,Social Sciences & Management
Escuela Superior Politécnica del Litoral (ESPOL),EC,Engineering & Technology
Escuela Superior Politécnica del Litoral (ESPOL),EC,Natural Sciences
Escuela Superior Politécnica del Litoral (ESPOL),EC,Social Sciences & Management
Ferdowsi University of Mashhad,IR,Natural Sciences
Ferdowsi University of Mashhad,IR,Arts & Humanities
Ferdowsi University of Mashhad,IR,Engineering & Technology
Ferdowsi University of Mashhad,IR,Social Sciences & Management
Ferdowsi University of Mashhad,IR,Business & Management
Ferdowsi University of Mashhad,IR,Life Sciences & Medicine
Financial University under the Government of the Russian Federation,RU,Engineering & Technology
Financial University under the Government of the Russian Federation,RU,Natural Sciences
Financial University under the Government of the Russian Federation,RU,Social Sciences & Management
Fordham University ,US,Natural Sciences
Fordham University ,US,Arts & Humanities
Fordham University ,US,Engineering & Technology
Fordham University ,US,Social Sciences & Management
Fordham University ,US,Business & Management
Fordham University ,US,Life Sciences & Medicine
Fundación CEU San Pablo,ES,Natural Sciences
Fundación CEU San Pablo,ES,Arts & Humanities
Fundación CEU San Pablo,ES,Engineering & Technology
Fundación CEU San Pablo,ES,Social Sciences & Management
Fundación CEU San Pablo,ES,Business & Management
Fundación CEU San Pablo,ES,Life Sciences & Medicine
Future University in Egypt,EG,Engineering & Technology
Future University in Egypt,EG,Natural Sciences
Future University in Egypt,EG,Social Sciences & Management
Gazi Üniversitesi,TR,Engineering & Technology
Gazi Üniversitesi,TR,Natural Sciences
Gazi Üniversitesi,TR,Social Sciences & Management
German Jordanian University,JO,Engineering & Technology
German Jordanian University,JO,Natural Sciences
German Jordanian University,JO,Social Sciences & Management
Glasgow Caledonian University,UK,Engineering & Technology
Glasgow Caledonian University,UK,Natural Sciences
Glasgow Caledonian University,UK,Social Sciences & Management
Harbin Engineering University,CN,Computer Science
Harbin Engineering University,CN,Engineering & Technology
Harper Adams University,UK,Natural Sciences
Harper Adams University,UK,Arts & Humanities
Harper Adams University,UK,Engineering & Technology
Harper Adams University,UK,Social Sciences & Management
Harper Adams University,UK,Business & Management
Harper Adams University,UK,Life Sciences & Medicine
Howard University,US,Engineering & Technology
Howard University,US,Natural Sciences
Howard University,US,Social Sciences & Management
Hungarian University of Agriculture and Life Sciences,HU,Natural Sciences
Imam Mohammad Ibn Saud Islamic University – IMSIU,SA,Engineering & Technology
Imam Mohammad Ibn Saud Islamic University – IMSIU,SA,Natural Sciences
Imam Mohammad Ibn Saud Islamic University – IMSIU,SA,Social Sciences & Management
Instituto Tecnológico de Santo Domingo (INTEC),DO,Engineering & Technology
Instituto Tecnológico de Santo Domingo (INTEC),DO,Natural Sciences
Instituto Tecnológico de Santo Domingo (INTEC),DO,Social Sciences & Management
International Christian University,JP,Engineering & Technology
International Christian University,JP,Natural Sciences
International Christian University,JP,Social Sciences & Management
"ITESO, Universidad Jesuita de Guadalajara",MX,Engineering & Technology
"ITESO, Universidad Jesuita de Guadalajara",MX,Natural Sciences
"ITESO, Universidad Jesuita de Guadalajara",MX,Social Sciences & Management
Jiangnan University,CN,Engineering & Technology
Jiangnan University,CN,Natural Sciences
Jiangnan University,CN,Social Sciences & Management
Kagoshima University,JP,Engineering & Technology
Kagoshima University,JP,Natural Sciences
Kagoshima University,JP,Social Sciences & Management
Kangwon National University ,KR,Engineering & Technology
Kangwon National University ,KR,Natural Sciences
Kangwon National University ,KR,Social Sciences & Management
Kazakh Ablai Khan University of International Relations and World Languages,KZ,Engineering & Technology
Kazakh Ablai Khan University of International Relations and World Languages,KZ,Natural Sciences
Kazakh Ablai Khan University of International Relations and World Languages,KZ,Social Sciences & Management
Kazakh-British Technical University,KZ,Computer Science
Kazakh-British Technical University,KZ,Engineering & Technology
Kazan National Research Technological University,RU,Computer Science
Kazan National Research Technological University,RU,Engineering & Technology
Kent State University,US,Natural Sciences
Kent State University,US,Arts & Humanities
Kent State University,US,Engineering & Technology
Kent State University,US,Social Sciences & Management
Kent State University,US,Business & Management
Kent State University,US,Life Sciences & Medicine
Kookmin University ,KR,Natural Sciences
Kookmin University ,KR,Arts & Humanities
Kookmin University ,KR,Engineering & Technology
Kookmin University ,KR,Social Sciences & Management
Kookmin University ,KR,Business & Management
Kookmin University ,KR,Life Sciences & Medicine
Kyoto Institute of Technology,JP,Computer Science
Kyoto Institute of Technology,JP,Engineering & Technology
Kyushu Institute of Technology ,JP,Computer Science
Kyushu Institute of Technology ,JP,Engineering & Technology
Leeds Beckett University,UK,Natural Sciences
Leeds Beckett University,UK,Arts & Humanities
Leeds Beckett University,UK,Engineering & Technology
Leeds Beckett University,UK,Social Sciences & Management
Leeds Beckett University,UK,Business & Management
Leeds Beckett University,UK,Life Sciences & Medicine
Lobachevsky University,RU,Engineering & Technology
Lobachevsky University,RU,Natural Sciences
Lobachevsky University,RU,Social Sciences & Management
Lodz University of Technology,PL,Natural Sciences
Lodz University of Technology,PL,Arts & Humanities
Lodz University of Technology,PL,Computer Science
Lodz University of Technology,PL,Engineering & Technology
Lodz University of Technology,PL,Social Sciences & Management
Lodz University of Technology,PL,Business & Management
Lodz University of Technology,PL,Life Sciences & Medicine
Mansoura University,EG,Engineering & Technology
Mansoura University,EG,Natural Sciences
Mansoura University,EG,Social Sciences & Management
Meiji University,JP,Natural Sciences
Meiji University,JP,Arts & Humanities
Meiji University,JP,Engineering & Technology
Meiji University,JP,Social Sciences & Management
Meiji University,JP,Business & Management
Meiji University,JP,Life Sciences & Medicine
Mississippi State University,US,Natural Sciences
Mississippi State University,US,Arts & Humanities
Mississippi State University,US,Engineering & Technology
Mississippi State University,US,Social Sciences & Management
Mississippi State University,US,Business & Management
Mississippi State University,US,Life Sciences & Medicine
Multimedia University (MMU),MY,Engineering & Technology
Multimedia University (MMU),MY,Natural Sciences
Multimedia University (MMU),MY,Social Sciences & Management
Mustansiriyah University,IQ,Engineering & Technology
Mustansiriyah University,IQ,Natural Sciences
Mustansiriyah University,IQ,Social Sciences & Management
Mutah University,JO,Engineering & Technology
Mutah University,JO,Natural Sciences
Mutah University,JO,Social Sciences & Management
Mykolas Romeris University,LT,Engineering & Technology
Mykolas Romeris University,LT,Natural Sciences
Mykolas Romeris University,LT,Social Sciences & Management
Nanjing Normal University,CN,Engineering & Technology
Nanjing Normal University,CN,Natural Sciences
Nanjing Normal University,CN,Social Sciences & Management
National University of Kyiv-Mohyla Academy (NaUKMA),UA,Engineering & Technology
National University of Kyiv-Mohyla Academy (NaUKMA),UA,Natural Sciences
National University of Kyiv-Mohyla Academy (NaUKMA),UA,Social Sciences & Management
Northern Arizona University,US,Natural Sciences
Northern Arizona University,US,Arts & Humanities
Northern Arizona University,US,Engineering & Technology
Northern Arizona University,US,Social Sciences & Management
Northern Arizona University,US,Business & Management
Northern Arizona University,US,Life Sciences & Medicine
Northwest University (China),CN,Natural Sciences
Northwest University (China),CN,Arts & Humanities
Northwest University (China),CN,Engineering & Technology
Northwest University (China),CN,Social Sciences & Management
Northwest University (China),CN,Business & Management
Northwest University (China),CN,Life Sciences & Medicine
Novosibirsk State Technical University,RU,Computer Science
Novosibirsk State Technical University,RU,Engineering & Technology
Odessa I.I. Mechnikov National University,UA,Engineering & Technology
Odessa I.I. Mechnikov National University,UA,Natural Sciences
Odessa I.I. Mechnikov National University,UA,Social Sciences & Management
Ohio University,US,Engineering & Technology
Ohio University,US,Natural Sciences
Ohio University,US,Social Sciences & Management
Panjab University,IN,Natural Sciences
Panjab University,IN,Arts & Humanities
Panjab University,IN,Engineering & Technology
Panjab University,IN,Social Sciences & Management
Panjab University,IN,Business & Management
Panjab University,IN,Life Sciences & Medicine
Paul Valéry University Montpellier,FR,Engineering & Technology
Paul Valéry University Montpellier,FR,Natural Sciences
Paul Valéry University Montpellier,FR,Social Sciences & Management
Pontifícia Universidade Católica de São Paulo,BR,Engineering & Technology
Pontifícia Universidade Católica de São Paulo,BR,Natural Sciences
Pontifícia Universidade Católica de São Paulo,BR,Social Sciences & Management
Poznań University of Technology,PL,Computer Science
Poznań University of Technology,PL,Engineering & Technology
Rochester Institute of Technology (RIT),US,Natural Sciences
Rochester Institute of Technology (RIT),US,Arts & Humanities
Rochester Institute of Technology (RIT),US,Computer Science
Rochester Institute of Technology (RIT),US,Engineering & Technology
Rochester Institute of Technology (RIT),US,Social Sciences & Management
Rochester Institute of Technology (RIT),US,Business & Management
Rochester Institute of Technology (RIT),US,Life Sciences & Medicine
Russian Presidential Academy of National Economy and Public Administration,RU,Engineering & Technology
Russian Presidential Academy of National Economy and Public Administration,RU,Natural Sciences
Russian Presidential Academy of National Economy and Public Administration,RU,Social Sciences & Management
Saint-Petersburg Mining University,RU,Engineering & Technology
Saint-Petersburg Mining University,RU,Natural Sciences
Saint-Petersburg Mining University,RU,Social Sciences & Management
San Diego State University,US,Natural Sciences
San Diego State University,US,Arts & Humanities
San Diego State University,US,Engineering & Technology
San Diego State University,US,Social Sciences & Management
San Diego State University,US,Business & Management
San Diego State University,US,Life Sciences & Medicine
Sathyabama Institute of Science and Technology (deemed to be university),IN,Natural Sciences
Sathyabama Institute of Science and Technology (deemed to be university),IN,Arts & Humanities
Sathyabama Institute of Science and Technology (deemed to be university),IN,Computer Science
Sathyabama Institute of Science and Technology (deemed to be university),IN,Engineering & Technology
Sathyabama Institute of Science and Technology (deemed to be university),IN,Social Sciences & Management
Sathyabama Institute of Science and Technology (deemed to be university),IN,Business & Management
Sathyabama Institute of Science and Technology (deemed to be university),IN,Life Sciences & Medicine
Seoul National University of Science and Technology,KR,Computer Science
Seoul National University of Science and Technology,KR,Engineering & Technology
Seoul National University of Science and Technology,KR,Natural Sciences
Shanghai International Studies University,CN,Engineering & Technology
Shanghai International Studies University,CN,Natural Sciences
Shanghai International Studies University,CN,Social Sciences & Management
Sheffield Hallam University,UK,Natural Sciences
Sheffield Hallam University,UK,Arts & Humanities
Sheffield Hallam University,UK,Engineering & Technology
Sheffield Hallam University,UK,Social Sciences & Management
Sheffield Hallam University,UK,Business & Management
Sheffield Hallam University,UK,Life Sciences & Medicine
Shinshu University ,JP,Engineering & Technology
Shinshu University ,JP,Natural Sciences
Shinshu University ,JP,Social Sciences & Management
"Siberian Federal University, SibFU",RU,Natural Sciences
"Siberian Federal University, SibFU",RU,Arts & Humanities
"Siberian Federal University, SibFU",RU,Engineering & Technology
"Siberian Federal University, SibFU",RU,Social Sciences & Management
"Siberian Federal University, SibFU",RU,Business & Management
"Siberian Federal University, SibFU",RU,Life Sciences & Medicine
Silesian University of Technology,PL,Computer Science
Silesian University of Technology,PL,Engineering & Technology
Slovak University of Technology in Bratislava,SK,Computer Science
Slovak University of Technology in Bratislava,SK,Engineering & Technology
Soonchunhyang University,KR,Engineering & Technology
Soonchunhyang University,KR,Natural Sciences
Soonchunhyang University,KR,Social Sciences & Management
Southern Methodist University,US,Natural Sciences
Southern Methodist University,US,Arts & Humanities
Southern Methodist University,US,Engineering & Technology
Southern Methodist University,US,Social Sciences & Management
Southern Methodist University,US,Business & Management
Southern Methodist University,US,Life Sciences & Medicine
Southwest University,CN,Natural Sciences
Southwest University,CN,Arts & Humanities
Southwest University,CN,Engineering & Technology
Southwest University,CN,Social Sciences & Management
Southwest University,CN,Business & Management
Southwest University,CN,Life Sciences & Medicine
Széchenyi István University,HU,Engineering & Technology
Széchenyi István University,HU,Natural Sciences
Széchenyi István University,HU,Social Sciences & Management
Taibah University,SA,Engineering & Technology
Taibah University,SA,Natural Sciences
Taibah University,SA,Social Sciences & Management
Tallinn University ,EE,Engineering & Technology
Tallinn University ,EE,Natural Sciences
Tallinn University ,EE,Social Sciences & Management
Technical University of Kosice,SK,Computer Science
Technical University of Kosice,SK,Engineering & Technology
Technical University of Liberec,CZ,Computer Science
Technical University of Liberec,CZ,Engineering & Technology
Telkom University,ID,Engineering & Technology
Telkom University,ID,Natural Sciences
Telkom University,ID,Social Sciences & Management
The University of Lahore,PK,Engineering & Technology
The University of Lahore,PK,Natural Sciences
The University of Lahore,PK,Social Sciences & Management
The University of Northampton,UK,Natural Sciences
The University of Northampton,UK,Arts & Humanities
The University of Northampton,UK,Engineering & Technology
The University of Northampton,UK,Social Sciences & Management
The University of Northampton,UK,Business & Management
The University of Northampton,UK,Life Sciences & Medicine
The University of Texas at Arlington,US,Natural Sciences
The University of Texas at Arlington,US,Arts & Humanities
The University of Texas at Arlington,US,Engineering & Technology
The University of Texas at Arlington,US,Social Sciences & Management
The University of Texas at Arlington,US,Business & Management
The University of Texas at Arlington,US,Life Sciences & Medicine
Tokai University,JP,Engineering & Technology
Tokai University,JP,Natural Sciences
Tokai University,JP,Social Sciences & Management
Tokushima University,JP,Engineering & Technology
Tokushima University,JP,Natural Sciences
Tokushima University,JP,Social Sciences & Management
Tomas Bata University in Zlin,CZ,Natural Sciences
Tomas Bata University in Zlin,CZ,Arts & Humanities
Tomas Bata University in Zlin,CZ,Engineering & Technology
Tomas Bata University in Zlin,CZ,Social Sciences & Management
Tomas Bata University in Zlin,CZ,Business & Management
Tomas Bata University in Zlin,CZ,Life Sciences & Medicine
Ufa State Aviation Technical University ,RU,Computer Science
Ufa State Aviation Technical University ,RU,Engineering & Technology
Universidad Andrés Bello,CL,Engineering & Technology
Universidad Andrés Bello,CL,Natural Sciences
Universidad Andrés Bello,CL,Social Sciences & Management
Universidad Austral de Chile,CL,Engineering & Technology
Universidad Austral de Chile,CL,Natural Sciences
Universidad Austral de Chile,CL,Social Sciences & Management
Universidad Autónoma Chapingo,MX,Engineering & Technology
Universidad Autónoma Chapingo,MX,Natural Sciences
Universidad Autónoma Chapingo,MX,Social Sciences & Management
Universidad Autónoma de Guadalajara (UAG),MX,Engineering & Technology
Universidad Autónoma de Guadalajara (UAG),MX,Natural Sciences
Universidad Autónoma de Guadalajara (UAG),MX,Social Sciences & Management
Universidad Autónoma de Nuevo León,MX,Engineering & Technology
Universidad Autónoma de Nuevo León,MX,Natural Sciences
Universidad Autónoma de Nuevo León,MX,Social Sciences & Management
Universidad Autónoma del Estado de Hidalgo (UAEH),MX,Engineering & Technology
Universidad Autónoma del Estado de Hidalgo (UAEH),MX,Natural Sciences
Universidad Autónoma del Estado de Hidalgo (UAEH),MX,Social Sciences & Management
Universidad Autónoma del Estado de México (UAEMex),MX,Engineering & Technology
Universidad Autónoma del Estado de México (UAEMex),MX,Natural Sciences
Universidad Autónoma del Estado de México (UAEMex),MX,Social Sciences & Management
Universidad de Córdoba - España,ES,Natural Sciences
Universidad de Córdoba - España,ES,Arts & Humanities
Universidad de Córdoba - España,ES,Engineering & Technology
Universidad de Córdoba - España,ES,Social Sciences & Management
Universidad de Córdoba - España,ES,Business & Management
Universidad de Córdoba - España,ES,Life Sciences & Medicine
Universidad de León,ES,Engineering & Technology
Universidad de León,ES,Natural Sciences
Universidad de León,ES,Social Sciences & Management
Universidad de Lima,PE,Engineering & Technology
Universidad de Lima,PE,Natural Sciences
Universidad de Lima,PE,Social Sciences & Management
Universidad de Los Andes - (ULA) Mérida,VE,Engineering & Technology
Universidad de Los Andes - (ULA) Mérida,VE,Natural Sciences
Universidad de Los Andes - (ULA) Mérida,VE,Social Sciences & Management
Universidad de Monterrey (UDEM),MX,Engineering & Technology
Universidad de Monterrey (UDEM),MX,Natural Sciences
Universidad de Monterrey (UDEM),MX,Social Sciences & Management
Universidad de Oriente Santiago de Cuba,CU,Engineering & Technology
Universidad de Oriente Santiago de Cuba,CU,Natural Sciences
Universidad de Oriente Santiago de Cuba,CU,Social Sciences & Management
Universidad de Oviedo,ES,Natural Sciences
Universidad de Oviedo,ES,Arts & Humanities
Universidad de Oviedo,ES,Engineering & Technology
Universidad de Oviedo,ES,Social Sciences & Management
Universidad de Oviedo,ES,Business & Management
Universidad de Oviedo,ES,Life Sciences & Medicine
Universidad de Puerto Rico,PR,Engineering & Technology
Universidad de Puerto Rico,PR,Natural Sciences
Universidad de Puerto Rico,PR,Social Sciences & Management
Universidad de Talca,CL,Engineering & Technology
Universidad de Talca,CL,Natural Sciences
Universidad de Talca,CL,Social Sciences & Management
Universidad del Norte ,CO,Engineering & Technology
Universidad del Norte ,CO,Natural Sciences
Universidad del Norte ,CO,Social Sciences & Management
Universidad del Pacífico,PE,Engineering & Technology
Universidad del Pacífico,PE,Natural Sciences
Universidad del Pacífico,PE,Social Sciences & Management
Universidad del Valle,CO,Engineering & Technology
Universidad del Valle,CO,Natural Sciences
Universidad del Valle,CO,Social Sciences & Management
Universidad Industrial de Santander - UIS,CO,Engineering & Technology
Universidad Industrial de Santander - UIS,CO,Natural Sciences
Universidad Industrial de Santander - UIS,CO,Social Sciences & Management
Universidad La Salle (ULSA),MX,Engineering & Technology
Universidad La Salle (ULSA),MX,Natural Sciences
Universidad La Salle (ULSA),MX,Social Sciences & Management
Universidad Metropolitana,VE,Engineering & Technology
Universidad Metropolitana,VE,Natural Sciences
Universidad Metropolitana,VE,Social Sciences & Management
Universidad Nacional de Cuyo,AR,Engineering & Technology
Universidad Nacional de Cuyo,AR,Natural Sciences
Universidad Nacional de Cuyo,AR,Social Sciences & Management
Universidad Nacional de la Asunción,PY,Engineering & Technology
Universidad Nacional de la Asunción,PY,Natural Sciences
Universidad Nacional de la Asunción,PY,Social Sciences & Management
Universidad Nacional de San Luis,AR,Engineering & Technology
Universidad Nacional de San Luis,AR,Natural Sciences
Universidad Nacional de San Luis,AR,Social Sciences & Management
Universidad Nacional del Centro de la Provincia de Buenos Aires (UNICEN),AR,Engineering & Technology
Universidad Nacional del Centro de la Provincia de Buenos Aires (UNICEN),AR,Natural Sciences
Universidad Nacional del Centro de la Provincia de Buenos Aires (UNICEN),AR,Social Sciences & Management
"Universidad Nacional, Costa Rica",CR,Engineering & Technology
"Universidad Nacional, Costa Rica",CR,Natural Sciences
"Universidad Nacional, Costa Rica",CR,Social Sciences & Management
Universidad Peruana de Ciencias Aplicadas,PE,Engineering & Technology
Universidad Peruana de Ciencias Aplicadas,PE,Natural Sciences
Universidad Peruana de Ciencias Aplicadas,PE,Social Sciences & Management
Universidad Tecnológica Nacional (UTN),AR,Engineering & Technology
Universidad Tecnológica Nacional (UTN),AR,Natural Sciences
Universidad Tecnológica Nacional (UTN),AR,Social Sciences & Management
Universidade da Coruña ,ES,Natural Sciences
Universidade da Coruña ,ES,Arts & Humanities
Universidade da Coruña ,ES,Engineering & Technology
Universidade da Coruña ,ES,Social Sciences & Management
Universidade da Coruña ,ES,Business & Management
Universidade da Coruña ,ES,Life Sciences & Medicine
Universidade Federal de Pernambuco (UFPE) ,BR,Engineering & Technology
Universidade Federal de Pernambuco (UFPE) ,BR,Natural Sciences
Universidade Federal de Pernambuco (UFPE) ,BR,Social Sciences & Management
Universidade Federal de São Carlos (UFSCar),BR,Engineering & Technology
Universidade Federal de São Carlos (UFSCar),BR,Natural Sciences
Universidade Federal de São Carlos (UFSCar),BR,Social Sciences & Management
Universidade Federal do Paraná - UFPR,BR,Engineering & Technology
Universidade Federal do Paraná - UFPR,BR,Natural Sciences
Universidade Federal do Paraná - UFPR,BR,Social Sciences & Management
"Universita' degli Studi ""G. d'Annunzio"" Chieti Pescara",IT,Engineering & Technology
"Universita' degli Studi ""G. d'Annunzio"" Chieti Pescara",IT,Natural Sciences
"Universita' degli Studi ""G. d'Annunzio"" Chieti Pescara",IT,Social Sciences & Management
Università degli Studi della Tuscia (University of Tuscia),IT,Natural Sciences
Università degli Studi della Tuscia (University of Tuscia),IT,Arts & Humanities
Università degli Studi della Tuscia (University of Tuscia),IT,Engineering & Technology
Università degli Studi della Tuscia (University of Tuscia),IT,Social Sciences & Management
Università degli Studi della Tuscia (University of Tuscia),IT,Business & Management
Università degli Studi della Tuscia (University of Tuscia),IT,Life Sciences & Medicine
Università degli Studi di Udine,IT,Natural Sciences
Università degli Studi di Udine,IT,Arts & Humanities
Università degli Studi di Udine,IT,Engineering & Technology
Università degli Studi di Udine,IT,Social Sciences & Management
Università degli Studi di Udine,IT,Business & Management
Università degli Studi di Udine,IT,Life Sciences & Medicine
Universitas Hasanuddin,ID,Engineering & Technology
Universitas Hasanuddin,ID,Natural Sciences
Universitas Hasanuddin,ID,Social Sciences & Management
Universitas Sebelas Maret,ID,Engineering & Technology
Universitas Sebelas Maret,ID,Natural Sciences
Universitas Sebelas Maret,ID,Social Sciences & Management
Universitat de Lleida,ES,Natural Sciences
Universitat de Lleida,ES,Arts & Humanities
Universitat de Lleida,ES,Engineering & Technology
Universitat de Lleida,ES,Social Sciences & Management
Universitat de Lleida,ES,Business & Management
Universitat de Lleida,ES,Life Sciences & Medicine
Universität Siegen,DE,Natural Sciences
Universität Siegen,DE,Arts & Humanities
Universität Siegen,DE,Engineering & Technology
Universität Siegen,DE,Social Sciences & Management
Universität Siegen,DE,Business & Management
Universität Siegen,DE,Life Sciences & Medicine
Université de Caen Normandie,FR,Engineering & Technology
Université de Caen Normandie,FR,Natural Sciences
Université de Caen Normandie,FR,Social Sciences & Management
Université de Poitiers,FR,Natural Sciences
Université de Poitiers,FR,Arts & Humanities
Université de Poitiers,FR,Engineering & Technology
Université de Poitiers,FR,Social Sciences & Management
Université de Poitiers,FR,Business & Management
Université de Poitiers,FR,Life Sciences & Medicine
Université de Sfax,TN,Natural Sciences
Université de Sfax,TN,Arts & Humanities
Université de Sfax,TN,Engineering & Technology
Université de Sfax,TN,Social Sciences & Management
Université de Sfax,TN,Business & Management
Université de Sfax,TN,Life Sciences & Medicine
Université de Sousse,TN,Engineering & Technology
Université de Sousse,TN,Natural Sciences
Université de Sousse,TN,Social Sciences & Management
Université de Toulouse II-Le Mirail,FR,Engineering & Technology
Université de Toulouse II-Le Mirail,FR,Natural Sciences
Université de Toulouse II-Le Mirail,FR,Social Sciences & Management
Université Lumière Lyon 2,FR,Engineering & Technology
Université Lumière Lyon 2,FR,Natural Sciences
Université Lumière Lyon 2,FR,Social Sciences & Management
Universiti Kuala Lumpur (UniKL),MY,Engineering & Technology
Universiti Kuala Lumpur (UniKL),MY,Natural Sciences
Universiti Kuala Lumpur (UniKL),MY,Social Sciences & Management
Universiti Malaysia Perlis,MY,Engineering & Technology
Universiti Malaysia Perlis,MY,Natural Sciences
Universiti Malaysia Perlis,MY,Social Sciences & Management
Universiti Malaysia Sabah (UMS),MY,Engineering & Technology
Universiti Malaysia Sabah (UMS),MY,Natural Sciences
Universiti Malaysia Sabah (UMS),MY,Social Sciences & Management
Universiti Malaysia Sarawak (UNIMAS),MY,Engineering & Technology
Universiti Malaysia Sarawak (UNIMAS),MY,Natural Sciences
Universiti Malaysia Sarawak (UNIMAS),MY,Social Sciences & Management
Universiti Malaysia Terengganu (UMT),MY,Engineering & Technology
Universiti Malaysia Terengganu (UMT),MY,Natural Sciences
Universiti Malaysia Terengganu (UMT),MY,Social Sciences & Management
Universiti Tun Hussein Onn University of Malaysia (UTHM),MY,Natural Sciences
Universiti Tun Hussein Onn University of Malaysia (UTHM),MY,Arts & Humanities
Universiti Tun Hussein Onn University of Malaysia (UTHM),MY,Engineering & Technology
Universiti Tun Hussein Onn University of Malaysia (UTHM),MY,Social Sciences & Management
Universiti Tun Hussein Onn University of Malaysia (UTHM),MY,Business & Management
Universiti Tun Hussein Onn University of Malaysia (UTHM),MY,Life Sciences & Medicine
University of Arkansas Fayetteville ,US,Engineering & Technology
University of Arkansas Fayetteville ,US,Natural Sciences
University of Arkansas Fayetteville ,US,Social Sciences & Management
University of Colombo,LK,Natural Sciences
University of Colombo,LK,Arts & Humanities
University of Colombo,LK,Engineering & Technology
University of Colombo,LK,Social Sciences & Management
University of Colombo,LK,Business & Management
University of Colombo,LK,Life Sciences & Medicine
University of Derby,UK,Natural Sciences
University of Derby,UK,Arts & Humanities
University of Derby,UK,Engineering & Technology
University of Derby,UK,Social Sciences & Management
University of Derby,UK,Business & Management
University of Derby,UK,Life Sciences & Medicine
University of Deusto,ES,Engineering & Technology
University of Deusto,ES,Natural Sciences
University of Deusto,ES,Social Sciences & Management
University of Hradec Kralove,CZ,Engineering & Technology
University of Hradec Kralove,CZ,Natural Sciences
University of Hradec Kralove,CZ,Social Sciences & Management
University of Idaho,US,Natural Sciences
University of Idaho,US,Arts & Humanities
University of Idaho,US,Engineering & Technology
University of Idaho,US,Social Sciences & Management
University of Idaho,US,Business & Management
University of Idaho,US,Life Sciences & Medicine
University of Karachi,PK,Natural Sciences
University of Karachi,PK,Arts & Humanities
University of Karachi,PK,Engineering & Technology
University of Karachi,PK,Social Sciences & Management
University of Karachi,PK,Business & Management
University of Karachi,PK,Life Sciences & Medicine
University of Louisville,US,Engineering & Technology
University of Louisville,US,Natural Sciences
University of Louisville,US,Social Sciences & Management
University of Mississippi,US,Natural Sciences
University of Mississippi,US,Arts & Humanities
University of Mississippi,US,Engineering & Technology
University of Mississippi,US,Social Sciences & Management
University of Mississippi,US,Business & Management
University of Mississippi,US,Life Sciences & Medicine
"University of Missouri, Kansas City",US,Natural Sciences
"University of Missouri, Kansas City",US,Arts & Humanities
"University of Missouri, Kansas City",US,Engineering & Technology
"University of Missouri, Kansas City",US,Social Sciences & Management
"University of Missouri, Kansas City",US,Business & Management
"University of Missouri, Kansas City",US,Life Sciences & Medicine
University of Nairobi,KE,Engineering & Technology
University of Nairobi,KE,Natural Sciences
University of Nairobi,KE,Social Sciences & Management
University of Naples Parthenope,IT,Engineering & Technology
University of Naples Parthenope,IT,Natural Sciences
University of Naples Parthenope,IT,Social Sciences & Management
University of New Hampshire,US,Natural Sciences
University of New Hampshire,US,Arts & Humanities
University of New Hampshire,US,Engineering & Technology
University of New Hampshire,US,Social Sciences & Management
University of New Hampshire,US,Business & Management
University of New Hampshire,US,Life Sciences & Medicine
University of North Carolina at Charlotte,US,Natural Sciences
University of North Carolina at Charlotte,US,Arts & Humanities
University of North Carolina at Charlotte,US,Engineering & Technology
University of North Carolina at Charlotte,US,Social Sciences & Management
University of North Carolina at Charlotte,US,Business & Management
University of North Carolina at Charlotte,US,Life Sciences & Medicine
University of North Texas,US,Engineering & Technology
University of North Texas,US,Natural Sciences
University of North Texas,US,Social Sciences & Management
University of Novi Sad,RS,Engineering & Technology
University of Novi Sad,RS,Natural Sciences
University of Novi Sad,RS,Social Sciences & Management
University of Pardubice,CZ,Engineering & Technology
University of Pardubice,CZ,Natural Sciences
University of Pardubice,CZ,Social Sciences & Management
University of Primorska,SI,Natural Sciences
University of Primorska,SI,Arts & Humanities
University of Primorska,SI,Engineering & Technology
University of Primorska,SI,Social Sciences & Management
University of Primorska,SI,Business & Management
University of Primorska,SI,Life Sciences & Medicine
University of Regina,CA,Natural Sciences
University of Regina,CA,Arts & Humanities
University of Regina,CA,Engineering & Technology
University of Regina,CA,Social Sciences & Management
University of Regina,CA,Business & Management
University of Regina,CA,Life Sciences & Medicine
University of Rhode Island ,US,Natural Sciences
University of Rhode Island ,US,Arts & Humanities
University of Rhode Island ,US,Engineering & Technology
University of Rhode Island ,US,Social Sciences & Management
University of Rhode Island ,US,Business & Management
University of Rhode Island ,US,Life Sciences & Medicine
University of San Francisco,US,Natural Sciences
University of San Francisco,US,Arts & Humanities
University of San Francisco,US,Engineering & Technology
University of San Francisco,US,Social Sciences & Management
University of San Francisco,US,Business & Management
University of San Francisco,US,Life Sciences & Medicine
University of South Bohemia,CZ,Engineering & Technology
University of South Bohemia,CZ,Natural Sciences
University of South Bohemia,CZ,Social Sciences & Management
University of Texas at San Antonio,US,Engineering & Technology
University of Texas at San Antonio,US,Natural Sciences
University of Texas at San Antonio,US,Social Sciences & Management
University of Texas El Paso ,US,Engineering & Technology
University of Texas El Paso ,US,Natural Sciences
University of Texas El Paso ,US,Social Sciences & Management
University of the Free State,ZA,Engineering & Technology
University of the Free State,ZA,Natural Sciences
University of the Free State,ZA,Social Sciences & Management
University of the Sunshine Coast ,AU,Natural Sciences
University of the Sunshine Coast ,AU,Arts & Humanities
University of the Sunshine Coast ,AU,Engineering & Technology
University of the Sunshine Coast ,AU,Social Sciences & Management
University of the Sunshine Coast ,AU,Business & Management
University of the Sunshine Coast ,AU,Life Sciences & Medicine
University of Toledo,US,Engineering & Technology
University of Toledo,US,Natural Sciences
University of Toledo,US,Social Sciences & Management
University of Tulsa,US,Natural Sciences
University of Tulsa,US,Arts & Humanities
University of Tulsa,US,Engineering & Technology
University of Tulsa,US,Social Sciences & Management
University of Tulsa,US,Business & Management
University of Tulsa,US,Life Sciences & Medicine
University of Tyumen,RU,Engineering & Technology
University of Tyumen,RU,Natural Sciences
University of Tyumen,RU,Social Sciences & Management
University of Wisconsin Milwaukee ,US,Engineering & Technology
University of Wisconsin Milwaukee ,US,Natural Sciences
University of Wisconsin Milwaukee ,US,Social Sciences & Management
University of Wolverhampton,UK,Natural Sciences
University of Wolverhampton,UK,Arts & Humanities
University of Wolverhampton,UK,Engineering & Technology
University of Wolverhampton,UK,Social Sciences & Management
University of Wolverhampton,UK,Business & Management
University of Wolverhampton,UK,Life Sciences & Medicine
University of Wyoming,US,Natural Sciences
University of Wyoming,US,Arts & Humanities
University of Wyoming,US,Engineering & Technology
University of Wyoming,US,Social Sciences & Management
University of Wyoming,US,Business & Management
University of Wyoming,US,Life Sciences & Medicine
University of Žilina,SK,Engineering & Technology
University of Žilina,SK,Natural Sciences
University of Žilina,SK,Social Sciences & Management
Utah State University ,US,Natural Sciences
Utah State University ,US,Arts & Humanities
Utah State University ,US,Engineering & Technology
Utah State University ,US,Social Sciences & Management
Utah State University ,US,Business & Management
Utah State University ,US,Life Sciences & Medicine
VSB - Technical University of Ostrava,CZ,Computer Science
VSB - Technical University of Ostrava,CZ,Engineering & Technology
Warsaw University of Life Sciences – SGGW (WULS-SGGW),PL,Natural Sciences
Western Michigan University,US,Engineering & Technology
Western Michigan University,US,Natural Sciences
Western Michigan University,US,Social Sciences & Management
Xi'an Jiaotong Liverpool University,CN,Natural Sciences
Xi'an Jiaotong Liverpool University,CN,Arts & Humanities
Xi'an Jiaotong Liverpool University,CN,Engineering & Technology
Xi'an Jiaotong Liverpool University,CN,Social Sciences & Management
Xi'an Jiaotong Liverpool University,CN,Business & Management
Xi'an Jiaotong Liverpool University,CN,Life Sciences & Medicine
Yamaguchi University ,JP,Engineering & Technology
Yamaguchi University ,JP,Natural Sciences
Yamaguchi University ,JP,Social Sciences & Management
Yarmouk University,JO,Engineering & Technology
Yarmouk University,JO,Natural Sciences
Yarmouk University,JO,Social Sciences & Management
Yerevan State University,AM,Natural Sciences
Yerevan State University,AM,Arts & Humanities
Yerevan State University,AM,Engineering & Technology
Yerevan State University,AM,Social Sciences & Management
Yerevan State University,AM,Business & Management
Yerevan State University,AM,Life Sciences & Medicine
Lucian Blaga University of Sibiu,RO,Engineering & Technology
Lucian Blaga University of Sibiu,RO,Natural Sciences
Lucian Blaga University of Sibiu,RO,Social Sciences & Management
 Don State Technical University,RU,Natural Sciences
 Don State Technical University,RU,Arts & Humanities
 Don State Technical University,RU,Computer Science
 Don State Technical University,RU,Engineering & Technology
 Don State Technical University,RU,Social Sciences & Management
 Don State Technical University,RU,Business & Management
 Don State Technical University,RU,Life Sciences & Medicine
Al-Azhar University,EG,Natural Sciences
Al-Azhar University,EG,Arts & Humanities
Al-Azhar University,EG,Engineering & Technology
Al-Azhar University,EG,Social Sciences & Management
Al-Azhar University,EG,Business & Management
Al-Azhar University,EG,Life Sciences & Medicine
Alexandru Ioan Cuza University,RO,Engineering & Technology
Alexandru Ioan Cuza University,RO,Natural Sciences
Alexandru Ioan Cuza University,RO,Social Sciences & Management
Anadolu University,TR,Engineering & Technology
Anadolu University,TR,Natural Sciences
Anadolu University,TR,Social Sciences & Management
Aoyama Gakuin University,JP,Engineering & Technology
Aoyama Gakuin University,JP,Natural Sciences
Aoyama Gakuin University,JP,Social Sciences & Management
Atma Jaya Catholic University Jakarta,ID,Engineering & Technology
Atma Jaya Catholic University Jakarta,ID,Natural Sciences
Atma Jaya Catholic University Jakarta,ID,Social Sciences & Management
Azerbaijan State Oil and Industry University,AZ,Engineering & Technology
Azerbaijan State Oil and Industry University,AZ,Natural Sciences
Azerbaijan State Oil and Industry University,AZ,Social Sciences & Management
Bahauddin Zakariya University ,PK,Natural Sciences
Bahauddin Zakariya University ,PK,Arts & Humanities
Bahauddin Zakariya University ,PK,Engineering & Technology
Bahauddin Zakariya University ,PK,Social Sciences & Management
Bahauddin Zakariya University ,PK,Business & Management
Bahauddin Zakariya University ,PK,Life Sciences & Medicine
Belarusian State University of Informatics and Radioelectronics,BY,Engineering & Technology
Belarusian State University of Informatics and Radioelectronics,BY,Natural Sciences
Belarusian State University of Informatics and Radioelectronics,BY,Social Sciences & Management
Benemérita Universidad Autónoma de Puebla,MX,Engineering & Technology
Benemérita Universidad Autónoma de Puebla,MX,Natural Sciences
Benemérita Universidad Autónoma de Puebla,MX,Social Sciences & Management
Birzeit university,PS,Engineering & Technology
Birzeit university,PS,Natural Sciences
Birzeit university,PS,Social Sciences & Management
British University in Egypt,EG,Natural Sciences
British University in Egypt,EG,Arts & Humanities
British University in Egypt,EG,Engineering & Technology
British University in Egypt,EG,Social Sciences & Management
British University in Egypt,EG,Business & Management
British University in Egypt,EG,Life Sciences & Medicine
Brock University,CA,Natural Sciences
Brock University,CA,Arts & Humanities
Brock University,CA,Engineering & Technology
Brock University,CA,Social Sciences & Management
Brock University,CA,Business & Management
Brock University,CA,Life Sciences & Medicine
California Polytechnic State University,US,Natural Sciences
California Polytechnic State University,US,Arts & Humanities
California Polytechnic State University,US,Computer Science
California Polytechnic State University,US,Engineering & Technology
California Polytechnic State University,US,Social Sciences & Management
California Polytechnic State University,US,Business & Management
California Polytechnic State University,US,Life Sciences & Medicine
Católica de Córdoba,AR,Engineering & Technology
Católica de Córdoba,AR,Natural Sciences
Católica de Córdoba,AR,Social Sciences & Management
Central Michigan University,US,Engineering & Technology
Central Michigan University,US,Natural Sciences
Central Michigan University,US,Social Sciences & Management
Chaoyang University of Technology,TW,Computer Science
Chaoyang University of Technology,TW,Engineering & Technology
China University of Political Science and Law,CN,Natural Sciences
China University of Political Science and Law,CN,Law
Chitkara University,IN,Natural Sciences
Chitkara University,IN,Arts & Humanities
Chitkara University,IN,Engineering & Technology
Chitkara University,IN,Social Sciences & Management
Chitkara University,IN,Business & Management
Chitkara University,IN,Life Sciences & Medicine
Chittagong University of Engineering and Technology,BD,Computer Science
Chittagong University of Engineering and Technology,BD,Engineering & Technology
Cleveland State University,US,Natural Sciences
Cleveland State University,US,Arts & Humanities
Cleveland State University,US,Engineering & Technology
Cleveland State University,US,Social Sciences & Management
Cleveland State University,US,Business & Management
Cleveland State University,US,Life Sciences & Medicine
CUNY The City College of New York,US,Engineering & Technology
CUNY The City College of New York,US,Natural Sciences
CUNY The City College of New York,US,Social Sciences & Management
Daffodil International University,BD,Engineering & Technology
Daffodil International University,BD,Natural Sciences
Daffodil International University,BD,Social Sciences & Management
Damascus University,SY,Engineering & Technology
Damascus University,SY,Natural Sciences
Damascus University,SY,Social Sciences & Management
Dokuz Eylül Üniversitesi,TR,Engineering & Technology
Dokuz Eylül Üniversitesi,TR,Natural Sciences
Dokuz Eylül Üniversitesi,TR,Social Sciences & Management
East West University,BD,Engineering & Technology
East West University,BD,Natural Sciences
East West University,BD,Social Sciences & Management
Erciyes Üniversitesi,TR,Engineering & Technology
Erciyes Üniversitesi,TR,Natural Sciences
Erciyes Üniversitesi,TR,Social Sciences & Management
Feng Chia University,TW,Engineering & Technology
Feng Chia University,TW,Natural Sciences
Feng Chia University,TW,Social Sciences & Management
Florida Atlantic University - Boca Raton,US,Engineering & Technology
Florida Atlantic University - Boca Raton,US,Natural Sciences
Florida Atlantic University - Boca Raton,US,Social Sciences & Management
Fu Jen Catholic University,TW,Engineering & Technology
Fu Jen Catholic University,TW,Natural Sciences
Fu Jen Catholic University,TW,Social Sciences & Management
Fundación Universidad De Bogotá-Jorge Tadeo Lozano,CO,Engineering & Technology
Fundación Universidad De Bogotá-Jorge Tadeo Lozano,CO,Natural Sciences
Fundación Universidad De Bogotá-Jorge Tadeo Lozano,CO,Social Sciences & Management
Gebze Yüksek Teknoloji Enstitüsü (GYTE),TR,Natural Sciences
Gebze Yüksek Teknoloji Enstitüsü (GYTE),TR,Arts & Humanities
Gebze Yüksek Teknoloji Enstitüsü (GYTE),TR,Engineering & Technology
Gebze Yüksek Teknoloji Enstitüsü (GYTE),TR,Social Sciences & Management
Gebze Yüksek Teknoloji Enstitüsü (GYTE),TR,Business & Management
Gebze Yüksek Teknoloji Enstitüsü (GYTE),TR,Life Sciences & Medicine
German University in Cairo,EG,Engineering & Technology
German University in Cairo,EG,Natural Sciences
German University in Cairo,EG,Social Sciences & Management
Hanoi University of Science and Technology,VN,Computer Science
Hanoi University of Science and Technology,VN,Engineering & Technology
Hanoi University of Science and Technology,VN,Natural Sciences
Helwan University ,EG,Natural Sciences
Helwan University ,EG,Arts & Humanities
Helwan University ,EG,Engineering & Technology
Helwan University ,EG,Social Sciences & Management
Helwan University ,EG,Business & Management
Helwan University ,EG,Life Sciences & Medicine
Hohai University,CN,Engineering & Technology
Hohai University,CN,Natural Sciences
Hohai University,CN,Social Sciences & Management
Hongik University ,KR,Engineering & Technology
Hongik University ,KR,Natural Sciences
Hongik University ,KR,Social Sciences & Management
Indiana State University,US,Natural Sciences
Indiana State University,US,Arts & Humanities
Indiana State University,US,Engineering & Technology
Indiana State University,US,Social Sciences & Management
Indiana State University,US,Business & Management
Indiana State University,US,Life Sciences & Medicine
International Islamic University Islamabad (IIU),PK,Engineering & Technology
International Islamic University Islamabad (IIU),PK,Natural Sciences
International Islamic University Islamabad (IIU),PK,Social Sciences & Management
Istanbul Aydin University  ,TR,Engineering & Technology
Istanbul Aydin University  ,TR,Natural Sciences
Istanbul Aydin University  ,TR,Social Sciences & Management
Istanbul Bilgi Üniversitesi,TR,Engineering & Technology
Istanbul Bilgi Üniversitesi,TR,Natural Sciences
Istanbul Bilgi Üniversitesi,TR,Social Sciences & Management
Ivan Franko National University of Lviv,UA,Natural Sciences
Ivan Franko National University of Lviv,UA,Arts & Humanities
Ivan Franko National University of Lviv,UA,Engineering & Technology
Ivan Franko National University of Lviv,UA,Social Sciences & Management
Ivan Franko National University of Lviv,UA,Business & Management
Ivan Franko National University of Lviv,UA,Life Sciences & Medicine
Izmir Institute of Technology (IZTECH),TR,Natural Sciences
Izmir Institute of Technology (IZTECH),TR,Arts & Humanities
Izmir Institute of Technology (IZTECH),TR,Computer Science
Izmir Institute of Technology (IZTECH),TR,Engineering & Technology
Izmir Institute of Technology (IZTECH),TR,Social Sciences & Management
Izmir Institute of Technology (IZTECH),TR,Business & Management
Izmir Institute of Technology (IZTECH),TR,Life Sciences & Medicine
Jahangirnagar University,BD,Engineering & Technology
Jahangirnagar University,BD,Natural Sciences
Jahangirnagar University,BD,Social Sciences & Management
Jamia Hamdard,IN,Natural Sciences
Jamia Hamdard,IN,Arts & Humanities
Jamia Hamdard,IN,Engineering & Technology
Jamia Hamdard,IN,Social Sciences & Management
Jamia Hamdard,IN,Business & Management
Jamia Hamdard,IN,Life Sciences & Medicine
Jeju National University ,KR,Engineering & Technology
Jeju National University ,KR,Natural Sciences
Jeju National University ,KR,Social Sciences & Management
Kenyatta University,KE,Engineering & Technology
Kenyatta University,KE,Natural Sciences
Kenyatta University,KE,Social Sciences & Management
Kharkiv National University of Radio Electronics ,UA,Engineering & Technology
Kharkiv National University of Radio Electronics ,UA,Natural Sciences
Kharkiv National University of Radio Electronics ,UA,Social Sciences & Management
Khulna University of Engineering and Technology,BD,Computer Science
Khulna University of Engineering and Technology,BD,Engineering & Technology
Kindai University (Kinki University),JP,Engineering & Technology
Kindai University (Kinki University),JP,Natural Sciences
Kindai University (Kinki University),JP,Social Sciences & Management
King Mongkut\'s Institute of Technology Ladkrabang,TH,Computer Science
King Mongkut\'s Institute of Technology Ladkrabang,TH,Engineering & Technology
King Mongkut's University of Technology North Bangkok,TH,Computer Science
King Mongkut's University of Technology North Bangkok,TH,Engineering & Technology
Korkyt Ata Kyzylorda University,KZ,Engineering & Technology
Korkyt Ata Kyzylorda University,KZ,Natural Sciences
Korkyt Ata Kyzylorda University,KZ,Social Sciences & Management
Kwansei Gakuin University,JP,Natural Sciences
Kwansei Gakuin University,JP,Arts & Humanities
Kwansei Gakuin University,JP,Engineering & Technology
Kwansei Gakuin University,JP,Social Sciences & Management
Kwansei Gakuin University,JP,Business & Management
Kwansei Gakuin University,JP,Life Sciences & Medicine
M.Kh. Dulaty Taraz Regional University,KZ,Engineering & Technology
M.Kh. Dulaty Taraz Regional University,KZ,Natural Sciences
M.Kh. Dulaty Taraz Regional University,KZ,Social Sciences & Management
Marmara University,TR,Engineering & Technology
Marmara University,TR,Natural Sciences
Marmara University,TR,Social Sciences & Management
Marquette University,US,Natural Sciences
Marquette University,US,Arts & Humanities
Marquette University,US,Engineering & Technology
Marquette University,US,Social Sciences & Management
Marquette University,US,Business & Management
Marquette University,US,Life Sciences & Medicine
Mendeleev University of Chemical Technology,RU,Computer Science
Mendeleev University of Chemical Technology,RU,Engineering & Technology
Miami University,US,Natural Sciences
Miami University,US,Arts & Humanities
Miami University,US,Engineering & Technology
Miami University,US,Social Sciences & Management
Miami University,US,Business & Management
Miami University,US,Life Sciences & Medicine
Moscow Pedagogical State University,RU,Engineering & Technology
Moscow Pedagogical State University,RU,Natural Sciences
Moscow Pedagogical State University,RU,Social Sciences & Management
Nagoya Institute of Technology (NIT),JP,Computer Science
Nagoya Institute of Technology (NIT),JP,Engineering & Technology
Naresuan University,TH,Engineering & Technology
Naresuan University,TH,Natural Sciences
Naresuan University,TH,Social Sciences & Management
National Dong Hwa University,TW,Engineering & Technology
National Dong Hwa University,TW,Natural Sciences
National Dong Hwa University,TW,Social Sciences & Management
National Research University Moscow Power Engineering Institute (MPEI),RU,Computer Science
National Research University Moscow Power Engineering Institute (MPEI),RU,Engineering & Technology
National Taipei University,TW,Engineering & Technology
National Taipei University,TW,Natural Sciences
National Taipei University,TW,Social Sciences & Management
National Taiwan Ocean University,TW,Engineering & Technology
National Taiwan Ocean University,TW,Natural Sciences
National Taiwan Ocean University,TW,Social Sciences & Management
National University of Life and Environmental Sciences of Ukraine,UA,Natural Sciences
"National University of Modern Languages (NUML), Islamabad",PK,Engineering & Technology
"National University of Modern Languages (NUML), Islamabad",PK,Natural Sciences
"National University of Modern Languages (NUML), Islamabad",PK,Social Sciences & Management
Norwegian University of Life Sciences (UMB),NO,Natural Sciences
Nova Southeastern University,US,Natural Sciences
Nova Southeastern University,US,Arts & Humanities
Nova Southeastern University,US,Engineering & Technology
Nova Southeastern University,US,Social Sciences & Management
Nova Southeastern University,US,Business & Management
Nova Southeastern University,US,Life Sciences & Medicine
Óbuda University,HU,Engineering & Technology
Óbuda University,HU,Natural Sciences
Óbuda University,HU,Social Sciences & Management
OSMANIA UNIVERSITY,IN,Natural Sciences
OSMANIA UNIVERSITY,IN,Arts & Humanities
OSMANIA UNIVERSITY,IN,Engineering & Technology
OSMANIA UNIVERSITY,IN,Social Sciences & Management
OSMANIA UNIVERSITY,IN,Business & Management
OSMANIA UNIVERSITY,IN,Life Sciences & Medicine
Perm State National Research University,RU,Engineering & Technology
Perm State National Research University,RU,Natural Sciences
Perm State National Research University,RU,Social Sciences & Management
Pondicherry University,IN,Natural Sciences
Pondicherry University,IN,Arts & Humanities
Pondicherry University,IN,Engineering & Technology
Pondicherry University,IN,Social Sciences & Management
Pondicherry University,IN,Business & Management
Pondicherry University,IN,Life Sciences & Medicine
Pontificia Universidad Catolica Madre y Maestra,DO,Engineering & Technology
Pontificia Universidad Catolica Madre y Maestra,DO,Natural Sciences
Pontificia Universidad Catolica Madre y Maestra,DO,Social Sciences & Management
Pontifícia Universidade Católica do Rio Grande do Sul (PUCRS),BR,Engineering & Technology
Pontifícia Universidade Católica do Rio Grande do Sul (PUCRS),BR,Natural Sciences
Pontifícia Universidade Católica do Rio Grande do Sul (PUCRS),BR,Social Sciences & Management
Portland State University,US,Natural Sciences
Portland State University,US,Arts & Humanities
Portland State University,US,Engineering & Technology
Portland State University,US,Social Sciences & Management
Portland State University,US,Business & Management
Portland State University,US,Life Sciences & Medicine
Pukyong National University ,KR,Natural Sciences
Pukyong National University ,KR,Arts & Humanities
Pukyong National University ,KR,Engineering & Technology
Pukyong National University ,KR,Social Sciences & Management
Pukyong National University ,KR,Business & Management
Pukyong National University ,KR,Life Sciences & Medicine
Rikkyo University,JP,Engineering & Technology
Rikkyo University,JP,Natural Sciences
Rikkyo University,JP,Social Sciences & Management
Russian State Agrarian University - Moscow Timiryazev Agricultural Academy,RU,Engineering & Technology
Russian State Agrarian University - Moscow Timiryazev Agricultural Academy,RU,Natural Sciences
Russian State Agrarian University - Moscow Timiryazev Agricultural Academy,RU,Social Sciences & Management
Russian State University for the Humanities ,RU,Arts & Humanities
"Rutgers, The State University of New Jersey, Camden",US,Engineering & Technology
"Rutgers, The State University of New Jersey, Camden",US,Natural Sciences
"Rutgers, The State University of New Jersey, Camden",US,Social Sciences & Management
Saitama University,JP,Natural Sciences
Saitama University,JP,Arts & Humanities
Saitama University,JP,Engineering & Technology
Saitama University,JP,Social Sciences & Management
Saitama University,JP,Business & Management
Saitama University,JP,Life Sciences & Medicine
Saken Seifullin Kazakh Agrotechnical University,KZ,Computer Science
Saken Seifullin Kazakh Agrotechnical University,KZ,Engineering & Technology
San Francisco State University,US,Natural Sciences
San Francisco State University,US,Arts & Humanities
San Francisco State University,US,Engineering & Technology
San Francisco State University,US,Social Sciences & Management
San Francisco State University,US,Business & Management
San Francisco State University,US,Life Sciences & Medicine
Seattle University,US,Natural Sciences
Seattle University,US,Arts & Humanities
Seattle University,US,Engineering & Technology
Seattle University,US,Social Sciences & Management
Seattle University,US,Business & Management
Seattle University,US,Life Sciences & Medicine
Shanghai Normal University,CN,Natural Sciences
Shanghai Normal University,CN,Arts & Humanities
Shanghai Normal University,CN,Engineering & Technology
Shanghai Normal University,CN,Social Sciences & Management
Shanghai Normal University,CN,Business & Management
Shanghai Normal University,CN,Life Sciences & Medicine
Shanghai University of Finance and Economics,CN,Business & Management
Shanghai University of Finance and Economics,CN,Social Sciences & Management
Shibaura Institute of Technology,JP,Computer Science
Shibaura Institute of Technology,JP,Engineering & Technology
Siksha 'O' Anusandhan (Deemed to be University),IN,Engineering & Technology
Siksha 'O' Anusandhan (Deemed to be University),IN,Natural Sciences
Siksha 'O' Anusandhan (Deemed to be University),IN,Social Sciences & Management
Silpakorn University,TH,Natural Sciences
Silpakorn University,TH,Arts & Humanities
Silpakorn University,TH,Engineering & Technology
Silpakorn University,TH,Social Sciences & Management
Silpakorn University,TH,Business & Management
Silpakorn University,TH,Life Sciences & Medicine
Sookmyung Women's University ,KR,Natural Sciences
Sookmyung Women's University ,KR,Arts & Humanities
Sookmyung Women's University ,KR,Engineering & Technology
Sookmyung Women's University ,KR,Social Sciences & Management
Sookmyung Women's University ,KR,Business & Management
Sookmyung Women's University ,KR,Life Sciences & Medicine
Soongsil University,KR,Natural Sciences
Soongsil University,KR,Arts & Humanities
Soongsil University,KR,Engineering & Technology
Soongsil University,KR,Social Sciences & Management
Soongsil University,KR,Business & Management
Soongsil University,KR,Life Sciences & Medicine
SRM INSTITUTE OF SCIENCE AND TECHNOLOGY,IN,Natural Sciences
SRM INSTITUTE OF SCIENCE AND TECHNOLOGY,IN,Arts & Humanities
SRM INSTITUTE OF SCIENCE AND TECHNOLOGY,IN,Computer Science
SRM INSTITUTE OF SCIENCE AND TECHNOLOGY,IN,Engineering & Technology
SRM INSTITUTE OF SCIENCE AND TECHNOLOGY,IN,Social Sciences & Management
SRM INSTITUTE OF SCIENCE AND TECHNOLOGY,IN,Business & Management
SRM INSTITUTE OF SCIENCE AND TECHNOLOGY,IN,Life Sciences & Medicine
Stefan cel Mare University of Suceava,RO,Natural Sciences
Stefan cel Mare University of Suceava,RO,Arts & Humanities
Stefan cel Mare University of Suceava,RO,Engineering & Technology
Stefan cel Mare University of Suceava,RO,Social Sciences & Management
Stefan cel Mare University of Suceava,RO,Business & Management
Stefan cel Mare University of Suceava,RO,Life Sciences & Medicine
Suez Canal University,EG,Engineering & Technology
Suez Canal University,EG,Natural Sciences
Suez Canal University,EG,Social Sciences & Management
Suleyman Demirel University,TR,Engineering & Technology
Suleyman Demirel University,TR,Natural Sciences
Suleyman Demirel University,TR,Social Sciences & Management
"Suleyman Demirel University, Kazakhstan",KZ,Engineering & Technology
"Suleyman Demirel University, Kazakhstan",KZ,Natural Sciences
"Suleyman Demirel University, Kazakhstan",KZ,Social Sciences & Management
Suranaree University of Technology ,TH,Computer Science
Suranaree University of Technology ,TH,Engineering & Technology
Tamkang University,TW,Engineering & Technology
Tamkang University,TW,Natural Sciences
Tamkang University,TW,Social Sciences & Management
Tanta University ,EG,Engineering & Technology
Tanta University ,EG,Natural Sciences
Tanta University ,EG,Social Sciences & Management
Technical University of Cluj-Napoca,RO,Computer Science
Technical University of Cluj-Napoca,RO,Engineering & Technology
Technical University of Lublin,PL,Computer Science
Technical University of Lublin,PL,Engineering & Technology
"The ""Gheorghe Asachi"" Technical University of Iasi",RO,Computer Science
"The ""Gheorghe Asachi"" Technical University of Iasi",RO,Engineering & Technology
The Hashemite University,JO,Engineering & Technology
The Hashemite University,JO,Natural Sciences
The Hashemite University,JO,Social Sciences & Management
The Herzen State Pedagogical University of Russia,RU,Engineering & Technology
The Herzen State Pedagogical University of Russia,RU,Natural Sciences
The Herzen State Pedagogical University of Russia,RU,Social Sciences & Management
The Josip Juraj Strossmayer University of Osijek,HR,Natural Sciences
The Josip Juraj Strossmayer University of Osijek,HR,Arts & Humanities
The Josip Juraj Strossmayer University of Osijek,HR,Engineering & Technology
The Josip Juraj Strossmayer University of Osijek,HR,Social Sciences & Management
The Josip Juraj Strossmayer University of Osijek,HR,Business & Management
The Josip Juraj Strossmayer University of Osijek,HR,Life Sciences & Medicine
"The National Research University ""Belgorod State University""",RU,Engineering & Technology
"The National Research University ""Belgorod State University""",RU,Natural Sciences
"The National Research University ""Belgorod State University""",RU,Social Sciences & Management
Toraighyrov University,KZ,Engineering & Technology
Toraighyrov University,KZ,Natural Sciences
Toraighyrov University,KZ,Social Sciences & Management
Transilvania University of Brasov,RO,Engineering & Technology
Transilvania University of Brasov,RO,Natural Sciences
Transilvania University of Brasov,RO,Social Sciences & Management
Tunghai University,TW,Natural Sciences
Tunghai University,TW,Arts & Humanities
Tunghai University,TW,Engineering & Technology
Tunghai University,TW,Social Sciences & Management
Tunghai University,TW,Business & Management
Tunghai University,TW,Life Sciences & Medicine
United International University,BD,Engineering & Technology
United International University,BD,Natural Sciences
United International University,BD,Social Sciences & Management
Universidad Alberto Hurtado,CL,Natural Sciences
Universidad Alberto Hurtado,CL,Arts & Humanities
Universidad Alberto Hurtado,CL,Engineering & Technology
Universidad Alberto Hurtado,CL,Social Sciences & Management
Universidad Alberto Hurtado,CL,Business & Management
Universidad Alberto Hurtado,CL,Life Sciences & Medicine
Universidad Autónoma de Aguascalientes,MX,Engineering & Technology
Universidad Autónoma de Aguascalientes,MX,Natural Sciences
Universidad Autónoma de Aguascalientes,MX,Social Sciences & Management
Universidad Autónoma de Baja California,MX,Natural Sciences
Universidad Autónoma de Baja California,MX,Arts & Humanities
Universidad Autónoma de Baja California,MX,Engineering & Technology
Universidad Autónoma de Baja California,MX,Social Sciences & Management
Universidad Autónoma de Baja California,MX,Business & Management
Universidad Autónoma de Baja California,MX,Life Sciences & Medicine
Universidad Bernardo O'Higgins,CL,Engineering & Technology
Universidad Bernardo O'Higgins,CL,Natural Sciences
Universidad Bernardo O'Higgins,CL,Social Sciences & Management
Universidad Católica de Temuco,CL,Natural Sciences
Universidad Católica de Temuco,CL,Arts & Humanities
Universidad Católica de Temuco,CL,Engineering & Technology
Universidad Católica de Temuco,CL,Social Sciences & Management
Universidad Católica de Temuco,CL,Business & Management
Universidad Católica de Temuco,CL,Life Sciences & Medicine
Universidad Católica del Norte,CL,Engineering & Technology
Universidad Católica del Norte,CL,Natural Sciences
Universidad Católica del Norte,CL,Social Sciences & Management
Universidad Central del Ecuador,EC,Engineering & Technology
Universidad Central del Ecuador,EC,Natural Sciences
Universidad Central del Ecuador,EC,Social Sciences & Management
Universidad de Carabobo,VE,Engineering & Technology
Universidad de Carabobo,VE,Natural Sciences
Universidad de Carabobo,VE,Social Sciences & Management
Universidad de Cartagena,CO,Engineering & Technology
Universidad de Cartagena,CO,Natural Sciences
Universidad de Cartagena,CO,Social Sciences & Management
Universidad de Córdoba - Colombia,CO,Engineering & Technology
Universidad de Córdoba - Colombia,CO,Natural Sciences
Universidad de Córdoba - Colombia,CO,Social Sciences & Management
Universidad de Guanajuato,MX,Natural Sciences
Universidad de Guanajuato,MX,Arts & Humanities
Universidad de Guanajuato,MX,Engineering & Technology
Universidad de Guanajuato,MX,Social Sciences & Management
Universidad de Guanajuato,MX,Business & Management
Universidad de Guanajuato,MX,Life Sciences & Medicine
Universidad de La Frontera (UFRO),CL,Natural Sciences
Universidad de La Frontera (UFRO),CL,Arts & Humanities
Universidad de La Frontera (UFRO),CL,Engineering & Technology
Universidad de La Frontera (UFRO),CL,Social Sciences & Management
Universidad de La Frontera (UFRO),CL,Business & Management
Universidad de La Frontera (UFRO),CL,Life Sciences & Medicine
Universidad de Las Américas (UDLA) Ecuador,EC,Engineering & Technology
Universidad de Las Américas (UDLA) Ecuador,EC,Natural Sciences
Universidad de Las Américas (UDLA) Ecuador,EC,Social Sciences & Management
Universidad de las Fuerzas Armadas ESPE (Ex - Escuela Politécnica del Ejército),EC,Natural Sciences
Universidad de las Fuerzas Armadas ESPE (Ex - Escuela Politécnica del Ejército),EC,Arts & Humanities
Universidad de las Fuerzas Armadas ESPE (Ex - Escuela Politécnica del Ejército),EC,Engineering & Technology
Universidad de las Fuerzas Armadas ESPE (Ex - Escuela Politécnica del Ejército),EC,Social Sciences & Management
Universidad de las Fuerzas Armadas ESPE (Ex - Escuela Politécnica del Ejército),EC,Business & Management
Universidad de las Fuerzas Armadas ESPE (Ex - Escuela Politécnica del Ejército),EC,Life Sciences & Medicine
Universidad de Medellín,CO,Engineering & Technology
Universidad de Medellín,CO,Natural Sciences
Universidad de Medellín,CO,Social Sciences & Management
Universidad de Panama,PA,Engineering & Technology
Universidad de Panama,PA,Natural Sciences
Universidad de Panama,PA,Social Sciences & Management
Universidad de Piura,PE,Engineering & Technology
Universidad de Piura,PE,Natural Sciences
Universidad de Piura,PE,Social Sciences & Management
Universidad de San Carlos de Guatemala - USAC,GT,Engineering & Technology
Universidad de San Carlos de Guatemala - USAC,GT,Natural Sciences
Universidad de San Carlos de Guatemala - USAC,GT,Social Sciences & Management
Universidad de Valparaíso (UV),CL,Engineering & Technology
Universidad de Valparaíso (UV),CL,Natural Sciences
Universidad de Valparaíso (UV),CL,Social Sciences & Management
Universidad del Bío-Bío,CL,Natural Sciences
Universidad del Bío-Bío,CL,Arts & Humanities
Universidad del Bío-Bío,CL,Engineering & Technology
Universidad del Bío-Bío,CL,Social Sciences & Management
Universidad del Bío-Bío,CL,Business & Management
Universidad del Bío-Bío,CL,Life Sciences & Medicine
Universidad del Cauca,CO,Engineering & Technology
Universidad del Cauca,CO,Natural Sciences
Universidad del Cauca,CO,Social Sciences & Management
Universidad del Desarrollo (UDD),CL,Natural Sciences
Universidad del Desarrollo (UDD),CL,Arts & Humanities
Universidad del Desarrollo (UDD),CL,Engineering & Technology
Universidad del Desarrollo (UDD),CL,Social Sciences & Management
Universidad del Desarrollo (UDD),CL,Business & Management
Universidad del Desarrollo (UDD),CL,Life Sciences & Medicine
Universidad del Salvador,AR,Engineering & Technology
Universidad del Salvador,AR,Natural Sciences
Universidad del Salvador,AR,Social Sciences & Management
Universidad del Zulia,VE,Engineering & Technology
Universidad del Zulia,VE,Natural Sciences
Universidad del Zulia,VE,Social Sciences & Management
Universidad Mayor de San Andrés (UMSA),BO,Life Sciences & Medicine
Universidad Nacional Agraria la Molina,PE,Engineering & Technology
Universidad Nacional Agraria la Molina,PE,Natural Sciences
Universidad Nacional Agraria la Molina,PE,Social Sciences & Management
Universidad Nacional de Mar del Plata,AR,Natural Sciences
Universidad Nacional de Mar del Plata,AR,Arts & Humanities
Universidad Nacional de Mar del Plata,AR,Engineering & Technology
Universidad Nacional de Mar del Plata,AR,Social Sciences & Management
Universidad Nacional de Mar del Plata,AR,Business & Management
Universidad Nacional de Mar del Plata,AR,Life Sciences & Medicine
Universidad Nacional de Río Cuarto - UNRC,AR,Engineering & Technology
Universidad Nacional de Río Cuarto - UNRC,AR,Natural Sciences
Universidad Nacional de Río Cuarto - UNRC,AR,Social Sciences & Management
Universidad Nacional de San Martín (UNSAM),AR,Natural Sciences
Universidad Nacional de San Martín (UNSAM),AR,Arts & Humanities
Universidad Nacional de San Martín (UNSAM),AR,Engineering & Technology
Universidad Nacional de San Martín (UNSAM),AR,Social Sciences & Management
Universidad Nacional de San Martín (UNSAM),AR,Business & Management
Universidad Nacional de San Martín (UNSAM),AR,Life Sciences & Medicine
Universidad Nacional del Comahue,AR,Engineering & Technology
Universidad Nacional del Comahue,AR,Natural Sciences
Universidad Nacional del Comahue,AR,Social Sciences & Management
Universidad Nacional del Litoral,AR,Natural Sciences
Universidad Nacional del Litoral,AR,Arts & Humanities
Universidad Nacional del Litoral,AR,Engineering & Technology
Universidad Nacional del Litoral,AR,Social Sciences & Management
Universidad Nacional del Litoral,AR,Business & Management
Universidad Nacional del Litoral,AR,Life Sciences & Medicine
Universidad Popular Autónoma del Estado de Puebla (UPAEP),MX,Engineering & Technology
Universidad Popular Autónoma del Estado de Puebla (UPAEP),MX,Natural Sciences
Universidad Popular Autónoma del Estado de Puebla (UPAEP),MX,Social Sciences & Management
Universidad San Ignacio de Loyola,PE,Engineering & Technology
Universidad San Ignacio de Loyola,PE,Natural Sciences
Universidad San Ignacio de Loyola,PE,Social Sciences & Management
"Universidad Tecnológica de la Habana José Antonio Echeverría, Cujae",CU,Engineering & Technology
"Universidad Tecnológica de la Habana José Antonio Echeverría, Cujae",CU,Natural Sciences
"Universidad Tecnológica de la Habana José Antonio Echeverría, Cujae",CU,Social Sciences & Management
Universidad Veracruzana,MX,Engineering & Technology
Universidad Veracruzana,MX,Natural Sciences
Universidad Veracruzana,MX,Social Sciences & Management
Universidade do Estado do Rio de Janeiro (UERJ),BR,Engineering & Technology
Universidade do Estado do Rio de Janeiro (UERJ),BR,Natural Sciences
Universidade do Estado do Rio de Janeiro (UERJ),BR,Social Sciences & Management
Universidade Federal da Bahia,BR,Engineering & Technology
Universidade Federal da Bahia,BR,Natural Sciences
Universidade Federal da Bahia,BR,Social Sciences & Management
Universidade Federal de Juiz de Fora- (UFJF),BR,Natural Sciences
Universidade Federal de Juiz de Fora- (UFJF),BR,Arts & Humanities
Universidade Federal de Juiz de Fora- (UFJF),BR,Engineering & Technology
Universidade Federal de Juiz de Fora- (UFJF),BR,Social Sciences & Management
Universidade Federal de Juiz de Fora- (UFJF),BR,Business & Management
Universidade Federal de Juiz de Fora- (UFJF),BR,Life Sciences & Medicine
Universidade Federal de Pelotas ,BR,Natural Sciences
Universidade Federal de Pelotas ,BR,Arts & Humanities
Universidade Federal de Pelotas ,BR,Engineering & Technology
Universidade Federal de Pelotas ,BR,Social Sciences & Management
Universidade Federal de Pelotas ,BR,Business & Management
Universidade Federal de Pelotas ,BR,Life Sciences & Medicine
Universidade Federal de Santa Maria,BR,Engineering & Technology
Universidade Federal de Santa Maria,BR,Natural Sciences
Universidade Federal de Santa Maria,BR,Social Sciences & Management
Universidade Federal de Viçosa (UFV),BR,Engineering & Technology
Universidade Federal de Viçosa (UFV),BR,Natural Sciences
Universidade Federal de Viçosa (UFV),BR,Social Sciences & Management
Universidade Federal do Ceará (UFC),BR,Engineering & Technology
Universidade Federal do Ceará (UFC),BR,Natural Sciences
Universidade Federal do Ceará (UFC),BR,Social Sciences & Management
Universidade Federal Fluminense ,BR,Engineering & Technology
Universidade Federal Fluminense ,BR,Natural Sciences
Universidade Federal Fluminense ,BR,Social Sciences & Management
Universidade Presbiteriana Mackenzie,BR,Natural Sciences
Universidade Presbiteriana Mackenzie,BR,Arts & Humanities
Universidade Presbiteriana Mackenzie,BR,Engineering & Technology
Universidade Presbiteriana Mackenzie,BR,Social Sciences & Management
Universidade Presbiteriana Mackenzie,BR,Business & Management
Universidade Presbiteriana Mackenzie,BR,Life Sciences & Medicine
Università degli studi di Bergamo,IT,Engineering & Technology
Università degli studi di Bergamo,IT,Natural Sciences
Università degli studi di Bergamo,IT,Social Sciences & Management
Universitas Islam Indonesia,ID,Natural Sciences
Universitas Islam Indonesia,ID,Arts & Humanities
Universitas Islam Indonesia,ID,Engineering & Technology
Universitas Islam Indonesia,ID,Social Sciences & Management
Universitas Islam Indonesia,ID,Business & Management
Universitas Islam Indonesia,ID,Life Sciences & Medicine
Universitas Muhammadiyah Yogyakarta,ID,Engineering & Technology
Universitas Muhammadiyah Yogyakarta,ID,Natural Sciences
Universitas Muhammadiyah Yogyakarta,ID,Social Sciences & Management
Universitas Pendidikan Indonesia,ID,Engineering & Technology
Universitas Pendidikan Indonesia,ID,Natural Sciences
Universitas Pendidikan Indonesia,ID,Social Sciences & Management
Universitas Sumatera Utara,ID,Engineering & Technology
Universitas Sumatera Utara,ID,Natural Sciences
Universitas Sumatera Utara,ID,Social Sciences & Management
Universitatea de Vest din Timisoara / West University of Timisoara,RO,Engineering & Technology
Universitatea de Vest din Timisoara / West University of Timisoara,RO,Natural Sciences
Universitatea de Vest din Timisoara / West University of Timisoara,RO,Social Sciences & Management
Université de Franche-Comté,FR,Engineering & Technology
Université de Franche-Comté,FR,Natural Sciences
Université de Franche-Comté,FR,Social Sciences & Management
Université de Limoges,FR,Engineering & Technology
Université de Limoges,FR,Natural Sciences
Université de Limoges,FR,Social Sciences & Management
Université de Tunis,TN,Engineering & Technology
Université de Tunis,TN,Natural Sciences
Université de Tunis,TN,Social Sciences & Management
Université Jean Moulin Lyon 3,FR,Engineering & Technology
Université Jean Moulin Lyon 3,FR,Natural Sciences
Université Jean Moulin Lyon 3,FR,Social Sciences & Management
Université Mohammed V de Rabat,MA,Natural Sciences
Université Mohammed V de Rabat,MA,Arts & Humanities
Université Mohammed V de Rabat,MA,Engineering & Technology
Université Mohammed V de Rabat,MA,Social Sciences & Management
Université Mohammed V de Rabat,MA,Business & Management
Université Mohammed V de Rabat,MA,Life Sciences & Medicine
Université Paris-Nanterre,FR,Engineering & Technology
Université Paris-Nanterre,FR,Natural Sciences
Université Paris-Nanterre,FR,Social Sciences & Management
Universiti Sains Islam Malaysia,MY,Natural Sciences
Universiti Sains Islam Malaysia,MY,Arts & Humanities
Universiti Sains Islam Malaysia,MY,Engineering & Technology
Universiti Sains Islam Malaysia,MY,Social Sciences & Management
Universiti Sains Islam Malaysia,MY,Business & Management
Universiti Sains Islam Malaysia,MY,Life Sciences & Medicine
Universiti Teknikal Malaysia Melaka,MY,Engineering & Technology
Universiti Teknikal Malaysia Melaka,MY,Natural Sciences
Universiti Teknikal Malaysia Melaka,MY,Social Sciences & Management
University of Babylon,IQ,Engineering & Technology
University of Babylon,IQ,Natural Sciences
University of Babylon,IQ,Social Sciences & Management
University of Basrah,IQ,Engineering & Technology
University of Basrah,IQ,Natural Sciences
University of Basrah,IQ,Social Sciences & Management
University of Bialystok,PL,Engineering & Technology
University of Bialystok,PL,Natural Sciences
University of Bialystok,PL,Social Sciences & Management
University of Central Oklahoma,US,Engineering & Technology
University of Central Oklahoma,US,Natural Sciences
University of Central Oklahoma,US,Social Sciences & Management
University of Iceland,IS,Engineering & Technology
University of Iceland,IS,Natural Sciences
University of Iceland,IS,Social Sciences & Management
University of International Business and Economics,CN,Business & Management
University of International Business and Economics,CN,Social Sciences & Management
University of Khartoum,SD,Engineering & Technology
University of Khartoum,SD,Natural Sciences
University of Khartoum,SD,Social Sciences & Management
University of Kufa,IQ,Engineering & Technology
University of Kufa,IQ,Natural Sciences
University of Kufa,IQ,Social Sciences & Management
University of Memphis,US,Natural Sciences
University of Memphis,US,Arts & Humanities
University of Memphis,US,Engineering & Technology
University of Memphis,US,Social Sciences & Management
University of Memphis,US,Business & Management
University of Memphis,US,Life Sciences & Medicine
University of Miskolc ,HU,Natural Sciences
University of Miskolc ,HU,Arts & Humanities
University of Miskolc ,HU,Engineering & Technology
University of Miskolc ,HU,Social Sciences & Management
University of Miskolc ,HU,Business & Management
University of Miskolc ,HU,Life Sciences & Medicine
University of Missouri Saint Louis,US,Engineering & Technology
University of Missouri Saint Louis,US,Natural Sciences
University of Missouri Saint Louis,US,Social Sciences & Management
University of Montana Missoula ,US,Natural Sciences
University of Montana Missoula ,US,Arts & Humanities
University of Montana Missoula ,US,Engineering & Technology
University of Montana Missoula ,US,Social Sciences & Management
University of Montana Missoula ,US,Business & Management
University of Montana Missoula ,US,Life Sciences & Medicine
University of Niš,RS,Engineering & Technology
University of Niš,RS,Natural Sciences
University of Niš,RS,Social Sciences & Management
University of North Carolina at Greensboro,US,Natural Sciences
University of North Carolina at Greensboro,US,Arts & Humanities
University of North Carolina at Greensboro,US,Engineering & Technology
University of North Carolina at Greensboro,US,Social Sciences & Management
University of North Carolina at Greensboro,US,Business & Management
University of North Carolina at Greensboro,US,Life Sciences & Medicine
University of Ostrava,CZ,Engineering & Technology
University of Ostrava,CZ,Natural Sciences
University of Ostrava,CZ,Social Sciences & Management
University of Pannonia,HU,Engineering & Technology
University of Pannonia,HU,Natural Sciences
University of Pannonia,HU,Social Sciences & Management
University of Peradeniya ,LK,Natural Sciences
University of Peradeniya ,LK,Arts & Humanities
University of Peradeniya ,LK,Engineering & Technology
University of Peradeniya ,LK,Social Sciences & Management
University of Peradeniya ,LK,Business & Management
University of Peradeniya ,LK,Life Sciences & Medicine
University of Rijeka,HR,Natural Sciences
University of Rijeka,HR,Arts & Humanities
University of Rijeka,HR,Engineering & Technology
University of Rijeka,HR,Social Sciences & Management
University of Rijeka,HR,Business & Management
University of Rijeka,HR,Life Sciences & Medicine
University of Rzeszów,PL,Engineering & Technology
University of Rzeszów,PL,Natural Sciences
University of Rzeszów,PL,Social Sciences & Management
University of San Carlos,PH,Engineering & Technology
University of San Carlos,PH,Natural Sciences
University of San Carlos,PH,Social Sciences & Management
University of San Diego,US,Natural Sciences
University of San Diego,US,Arts & Humanities
University of San Diego,US,Engineering & Technology
University of San Diego,US,Social Sciences & Management
University of San Diego,US,Business & Management
University of San Diego,US,Life Sciences & Medicine
University of Sarajevo ,BA,Natural Sciences
University of Sarajevo ,BA,Arts & Humanities
University of Sarajevo ,BA,Engineering & Technology
University of Sarajevo ,BA,Social Sciences & Management
University of Sarajevo ,BA,Business & Management
University of Sarajevo ,BA,Life Sciences & Medicine
University of Silesia in Katowice,PL,Natural Sciences
University of Silesia in Katowice,PL,Arts & Humanities
University of Silesia in Katowice,PL,Engineering & Technology
University of Silesia in Katowice,PL,Social Sciences & Management
University of Silesia in Katowice,PL,Business & Management
University of Silesia in Katowice,PL,Life Sciences & Medicine
University of South Alabama (USA),US,Natural Sciences
University of South Alabama (USA),US,Arts & Humanities
University of South Alabama (USA),US,Engineering & Technology
University of South Alabama (USA),US,Social Sciences & Management
University of South Alabama (USA),US,Business & Management
University of South Alabama (USA),US,Life Sciences & Medicine
University of Split,HR,Engineering & Technology
University of Split,HR,Natural Sciences
University of Split,HR,Social Sciences & Management
University of the Pacific,US,Natural Sciences
University of the Pacific,US,Arts & Humanities
University of the Pacific,US,Engineering & Technology
University of the Pacific,US,Social Sciences & Management
University of the Pacific,US,Business & Management
University of the Pacific,US,Life Sciences & Medicine
University of Warmia and Mazury in Olsztyn,PL,Engineering & Technology
University of Warmia and Mazury in Olsztyn,PL,Natural Sciences
University of Warmia and Mazury in Olsztyn,PL,Social Sciences & Management
University of West Bohemia ,CZ,Engineering & Technology
University of West Bohemia ,CZ,Natural Sciences
University of West Bohemia ,CZ,Social Sciences & Management
University POLITEHNICA of Bucharest,RO,Engineering & Technology
University POLITEHNICA of Bucharest,RO,Natural Sciences
University POLITEHNICA of Bucharest,RO,Social Sciences & Management
Voronezh State University,RU,Natural Sciences
Voronezh State University,RU,Arts & Humanities
Voronezh State University,RU,Engineering & Technology
Voronezh State University,RU,Social Sciences & Management
Voronezh State University,RU,Business & Management
Voronezh State University,RU,Life Sciences & Medicine
Yogyakarta State University,ID,Engineering & Technology
Yogyakarta State University,ID,Natural Sciences
Yogyakarta State University,ID,Social Sciences & Management
Youngsan University,KR,Engineering & Technology
Youngsan University,KR,Natural Sciences
Youngsan University,KR,Social Sciences & Management
Yuan Ze University,TW,Engineering & Technology
Yuan Ze University,TW,Natural Sciences
Yuan Ze University,TW,Social Sciences & Management
Zagazig University,EG,Engineering & Technology
Zagazig University,EG,Natural Sciences
Zagazig University,EG,Social Sciences & Management
Narxoz University,KZ,Engineering & Technology
Narxoz University,KZ,Natural Sciences
Narxoz University,KZ,Social Sciences & Management
Akdeniz Üniversitesi,TR,Engineering & Technology
Akdeniz Üniversitesi,TR,Natural Sciences
Akdeniz Üniversitesi,TR,Social Sciences & Management
Al-Balqa Applied University,JO,Engineering & Technology
Al-Balqa Applied University,JO,Natural Sciences
Al-Balqa Applied University,JO,Social Sciences & Management
Ataturk University,TR,Natural Sciences
Ataturk University,TR,Arts & Humanities
Ataturk University,TR,Engineering & Technology
Ataturk University,TR,Social Sciences & Management
Ataturk University,TR,Business & Management
Ataturk University,TR,Life Sciences & Medicine
California State University - Los Angeles,US,Natural Sciences
California State University - Los Angeles,US,Arts & Humanities
California State University - Los Angeles,US,Engineering & Technology
California State University - Los Angeles,US,Social Sciences & Management
California State University - Los Angeles,US,Business & Management
California State University - Los Angeles,US,Life Sciences & Medicine
California State University Long Beach,US,Natural Sciences
California State University Long Beach,US,Arts & Humanities
California State University Long Beach,US,Engineering & Technology
California State University Long Beach,US,Social Sciences & Management
California State University Long Beach,US,Business & Management
California State University Long Beach,US,Life Sciences & Medicine
Cukurova University,TR,Engineering & Technology
Cukurova University,TR,Natural Sciences
Cukurova University,TR,Social Sciences & Management
Georgian Technical University,GE,Computer Science
Georgian Technical University,GE,Engineering & Technology
Guru Gobind Singh Indraprastha University,IN,Engineering & Technology
Guru Gobind Singh Indraprastha University,IN,Natural Sciences
Guru Gobind Singh Indraprastha University,IN,Social Sciences & Management
Humboldt State University,US,Natural Sciences
Humboldt State University,US,Arts & Humanities
Humboldt State University,US,Engineering & Technology
Humboldt State University,US,Social Sciences & Management
Humboldt State University,US,Business & Management
Humboldt State University,US,Life Sciences & Medicine
Illinois State University,US,Natural Sciences
Illinois State University,US,Arts & Humanities
Illinois State University,US,Engineering & Technology
Illinois State University,US,Social Sciences & Management
Illinois State University,US,Business & Management
Illinois State University,US,Life Sciences & Medicine
Indian Statistical Institute,IN,Engineering & Technology
Indian Statistical Institute,IN,Natural Sciences
Indian Statistical Institute,IN,Social Sciences & Management
"International University of Business, Agriculture and Technology (IUBAT)",BD,Computer Science
"International University of Business, Agriculture and Technology (IUBAT)",BD,Engineering & Technology
"International University of Business, Agriculture and Technology (IUBAT)",BD,Business & Management
"International University of Business, Agriculture and Technology (IUBAT)",BD,Social Sciences & Management
Irkutsk State University,RU,Natural Sciences
Irkutsk State University,RU,Arts & Humanities
Irkutsk State University,RU,Engineering & Technology
Irkutsk State University,RU,Social Sciences & Management
Irkutsk State University,RU,Business & Management
Irkutsk State University,RU,Life Sciences & Medicine
Khulna University,BD,Engineering & Technology
Khulna University,BD,Natural Sciences
Khulna University,BD,Social Sciences & Management
Kwame Nkrumah University of Science and Technology,GH,Computer Science
Kwame Nkrumah University of Science and Technology,GH,Engineering & Technology
Kwame Nkrumah University of Science and Technology,GH,Natural Sciences
MIREA - Russian Technological University,RU,Computer Science
MIREA - Russian Technological University,RU,Engineering & Technology
Moscow City University,RU,Engineering & Technology
Moscow City University,RU,Natural Sciences
Moscow City University,RU,Social Sciences & Management
Nara Institute of Science and Technology,JP,Computer Science
Nara Institute of Science and Technology,JP,Engineering & Technology
Nara Institute of Science and Technology,JP,Natural Sciences
Pontificia Universidade Católica do Campinas - PUC Campinas,BR,Engineering & Technology
Pontificia Universidade Católica do Campinas - PUC Campinas,BR,Natural Sciences
Pontificia Universidade Católica do Campinas - PUC Campinas,BR,Social Sciences & Management
Pontificia Universidade Católica do Minas Gerais - PUC Minas,BR,Engineering & Technology
Pontificia Universidade Católica do Minas Gerais - PUC Minas,BR,Natural Sciences
Pontificia Universidade Católica do Minas Gerais - PUC Minas,BR,Social Sciences & Management
Pontifícia Universidade Católica do Paraná,BR,Engineering & Technology
Pontifícia Universidade Católica do Paraná,BR,Natural Sciences
Pontifícia Universidade Católica do Paraná,BR,Social Sciences & Management
Rajshahi University,BD,Engineering & Technology
Rajshahi University,BD,Natural Sciences
Rajshahi University,BD,Social Sciences & Management
Sakarya University,TR,Engineering & Technology
Sakarya University,TR,Natural Sciences
Sakarya University,TR,Social Sciences & Management
Shahjalal University of Science and Technology,BD,Computer Science
Shahjalal University of Science and Technology,BD,Engineering & Technology
Shahjalal University of Science and Technology,BD,Natural Sciences
Soochow University (Taiwan),TW,Engineering & Technology
Soochow University (Taiwan),TW,Natural Sciences
Soochow University (Taiwan),TW,Social Sciences & Management
Stamford University Bangladesh,BD,Engineering & Technology
Stamford University Bangladesh,BD,Natural Sciences
Stamford University Bangladesh,BD,Social Sciences & Management
State University of Malang,ID,Engineering & Technology
State University of Malang,ID,Natural Sciences
State University of Malang,ID,Social Sciences & Management
Sudan University of Science and Technology,SD,Computer Science
Sudan University of Science and Technology,SD,Engineering & Technology
Sudan University of Science and Technology,SD,Natural Sciences
Technical University of Crete,GR,Computer Science
Technical University of Crete,GR,Engineering & Technology
Technische Universität Bergakademie Freiberg,DE,Computer Science
Technische Universität Bergakademie Freiberg,DE,Engineering & Technology
Technische Universität Hamburg-Harburg,DE,Computer Science
Technische Universität Hamburg-Harburg,DE,Engineering & Technology
Technische Universität Kaiserslautern,DE,Computer Science
Technische Universität Kaiserslautern,DE,Engineering & Technology
"The University of Notre Dame, Australia",AU,Engineering & Technology
"The University of Notre Dame, Australia",AU,Natural Sciences
"The University of Notre Dame, Australia",AU,Social Sciences & Management
Udayana University,ID,Engineering & Technology
Udayana University,ID,Natural Sciences
Udayana University,ID,Social Sciences & Management
Universidad Autónoma de Chile,CL,Engineering & Technology
Universidad Autónoma de Chile,CL,Natural Sciences
Universidad Autónoma de Chile,CL,Social Sciences & Management
Universidad Autónoma de Querétaro (UAQ),MX,Engineering & Technology
Universidad Autónoma de Querétaro (UAQ),MX,Natural Sciences
Universidad Autónoma de Querétaro (UAQ),MX,Social Sciences & Management
Universidad Autónoma de San Luis de Potosí,MX,Engineering & Technology
Universidad Autónoma de San Luis de Potosí,MX,Natural Sciences
Universidad Autónoma de San Luis de Potosí,MX,Social Sciences & Management
Universidad Autonoma de Yucatan,MX,Natural Sciences
Universidad Autonoma de Yucatan,MX,Arts & Humanities
Universidad Autonoma de Yucatan,MX,Engineering & Technology
Universidad Autonoma de Yucatan,MX,Social Sciences & Management
Universidad Autonoma de Yucatan,MX,Business & Management
Universidad Autonoma de Yucatan,MX,Life Sciences & Medicine
Universidad Autónoma del Estado de Morelos (UAEM),MX,Engineering & Technology
Universidad Autónoma del Estado de Morelos (UAEM),MX,Natural Sciences
Universidad Autónoma del Estado de Morelos (UAEM),MX,Social Sciences & Management
"Universidad Católica Boliviana ""San Pablo""",BO,Engineering & Technology
"Universidad Católica Boliviana ""San Pablo""",BO,Natural Sciences
"Universidad Católica Boliviana ""San Pablo""",BO,Social Sciences & Management
Universidad Católica de Colombia ,CO,Engineering & Technology
Universidad Católica de Colombia ,CO,Natural Sciences
Universidad Católica de Colombia ,CO,Social Sciences & Management
Universidad Católica de La Santísima Concepción - UCSC,CL,Engineering & Technology
Universidad Católica de La Santísima Concepción - UCSC,CL,Natural Sciences
Universidad Católica de La Santísima Concepción - UCSC,CL,Social Sciences & Management
Universidad Católica de Santiago de Guayaquil,EC,Engineering & Technology
Universidad Católica de Santiago de Guayaquil,EC,Natural Sciences
Universidad Católica de Santiago de Guayaquil,EC,Social Sciences & Management
Universidad Central de Chile,CL,Engineering & Technology
Universidad Central de Chile,CL,Natural Sciences
Universidad Central de Chile,CL,Social Sciences & Management
Universidad de Caldas,CO,Engineering & Technology
Universidad de Caldas,CO,Natural Sciences
Universidad de Caldas,CO,Social Sciences & Management
Universidad de Cuenca,EC,Engineering & Technology
Universidad de Cuenca,EC,Natural Sciences
Universidad de Cuenca,EC,Social Sciences & Management
Universidad de La Salle,CO,Engineering & Technology
Universidad de La Salle,CO,Natural Sciences
Universidad de La Salle,CO,Social Sciences & Management
Universidad de La Serena,CL,Engineering & Technology
Universidad de La Serena,CL,Natural Sciences
Universidad de La Serena,CL,Social Sciences & Management
Universidad de Santander - UDES,CO,Engineering & Technology
Universidad de Santander - UDES,CO,Natural Sciences
Universidad de Santander - UDES,CO,Social Sciences & Management
Universidad de Sonora,MX,Natural Sciences
Universidad de Sonora,MX,Arts & Humanities
Universidad de Sonora,MX,Engineering & Technology
Universidad de Sonora,MX,Social Sciences & Management
Universidad de Sonora,MX,Business & Management
Universidad de Sonora,MX,Life Sciences & Medicine
Universidad de Tarapaca,CL,Engineering & Technology
Universidad de Tarapaca,CL,Natural Sciences
Universidad de Tarapaca,CL,Social Sciences & Management
Universidad del Magdalena,CO,Engineering & Technology
Universidad del Magdalena,CO,Natural Sciences
Universidad del Magdalena,CO,Social Sciences & Management
Universidad del Valle de Mexico (UVM),MX,Engineering & Technology
Universidad del Valle de Mexico (UVM),MX,Natural Sciences
Universidad del Valle de Mexico (UVM),MX,Social Sciences & Management
Universidad Mayor de San Simón Cochabamba,BO,Life Sciences & Medicine
Universidad Michoacana de San Nicolás de Hidalgo,MX,Engineering & Technology
Universidad Michoacana de San Nicolás de Hidalgo,MX,Natural Sciences
Universidad Michoacana de San Nicolás de Hidalgo,MX,Social Sciences & Management
Universidad Nacional Autónoma de Honduras (UNAH),HN,Engineering & Technology
Universidad Nacional Autónoma de Honduras (UNAH),HN,Natural Sciences
Universidad Nacional Autónoma de Honduras (UNAH),HN,Social Sciences & Management
Universidad Nacional de Quilmes,AR,Engineering & Technology
Universidad Nacional de Quilmes,AR,Natural Sciences
Universidad Nacional de Quilmes,AR,Social Sciences & Management
Universidad Nacional de Tucumán,AR,Engineering & Technology
Universidad Nacional de Tucumán,AR,Natural Sciences
Universidad Nacional de Tucumán,AR,Social Sciences & Management
Universidad Nacional del Sur,AR,Engineering & Technology
Universidad Nacional del Sur,AR,Natural Sciences
Universidad Nacional del Sur,AR,Social Sciences & Management
UNIVERSIDAD POLITECNICA SALESIANA,EC,Engineering & Technology
UNIVERSIDAD POLITECNICA SALESIANA,EC,Natural Sciences
UNIVERSIDAD POLITECNICA SALESIANA,EC,Social Sciences & Management
Universidad Tecnica Particular De Loja (UTPL),EC,Engineering & Technology
Universidad Tecnica Particular De Loja (UTPL),EC,Natural Sciences
Universidad Tecnica Particular De Loja (UTPL),EC,Social Sciences & Management
Universidad Tecnológica de Bolívar,CO,Engineering & Technology
Universidad Tecnológica de Bolívar,CO,Natural Sciences
Universidad Tecnológica de Bolívar,CO,Social Sciences & Management
Universidad Tecnológica de Pereira,CO,Engineering & Technology
Universidad Tecnológica de Pereira,CO,Natural Sciences
Universidad Tecnológica de Pereira,CO,Social Sciences & Management
Universidade do Estado de Santa Catarina,BR,Natural Sciences
Universidade do Estado de Santa Catarina,BR,Arts & Humanities
Universidade do Estado de Santa Catarina,BR,Engineering & Technology
Universidade do Estado de Santa Catarina,BR,Social Sciences & Management
Universidade do Estado de Santa Catarina,BR,Business & Management
Universidade do Estado de Santa Catarina,BR,Life Sciences & Medicine
Universidade Estadual de Londrina,BR,Engineering & Technology
Universidade Estadual de Londrina,BR,Natural Sciences
Universidade Estadual de Londrina,BR,Social Sciences & Management
Universidade Federal da Paraíba,BR,Natural Sciences
Universidade Federal da Paraíba,BR,Arts & Humanities
Universidade Federal da Paraíba,BR,Engineering & Technology
Universidade Federal da Paraíba,BR,Social Sciences & Management
Universidade Federal da Paraíba,BR,Business & Management
Universidade Federal da Paraíba,BR,Life Sciences & Medicine
Universidade Federal de Goiás,BR,Natural Sciences
Universidade Federal de Goiás,BR,Arts & Humanities
Universidade Federal de Goiás,BR,Engineering & Technology
Universidade Federal de Goiás,BR,Social Sciences & Management
Universidade Federal de Goiás,BR,Business & Management
Universidade Federal de Goiás,BR,Life Sciences & Medicine
Universidade Federal de Uberlândia,BR,Engineering & Technology
Universidade Federal de Uberlândia,BR,Natural Sciences
Universidade Federal de Uberlândia,BR,Social Sciences & Management
Universidade Federal do Estado do Rio de Janeiro - UNIRIO,BR,Engineering & Technology
Universidade Federal do Estado do Rio de Janeiro - UNIRIO,BR,Natural Sciences
Universidade Federal do Estado do Rio de Janeiro - UNIRIO,BR,Social Sciences & Management
Universidade Federal do Parà - UFPA,BR,Engineering & Technology
Universidade Federal do Parà - UFPA,BR,Natural Sciences
Universidade Federal do Parà - UFPA,BR,Social Sciences & Management
Universidade Federal do Rio Grande Do Norte,BR,Engineering & Technology
Universidade Federal do Rio Grande Do Norte,BR,Natural Sciences
Universidade Federal do Rio Grande Do Norte,BR,Social Sciences & Management
Universitas Andalas,ID,Natural Sciences
Universitas Andalas,ID,Arts & Humanities
Universitas Andalas,ID,Engineering & Technology
Universitas Andalas,ID,Social Sciences & Management
Universitas Andalas,ID,Business & Management
Universitas Andalas,ID,Life Sciences & Medicine
Universitas Kristen Petra,ID,Engineering & Technology
Universitas Kristen Petra,ID,Natural Sciences
Universitas Kristen Petra,ID,Social Sciences & Management
Universitas Muhammadiyah Surakarta,ID,Engineering & Technology
Universitas Muhammadiyah Surakarta,ID,Natural Sciences
Universitas Muhammadiyah Surakarta,ID,Social Sciences & Management
Université Sorbonne Paris Nord,FR,Engineering & Technology
Université Sorbonne Paris Nord,FR,Natural Sciences
Université Sorbonne Paris Nord,FR,Social Sciences & Management
University of Craiova,RO,Natural Sciences
University of Craiova,RO,Arts & Humanities
University of Craiova,RO,Engineering & Technology
University of Craiova,RO,Social Sciences & Management
University of Craiova,RO,Business & Management
University of Craiova,RO,Life Sciences & Medicine
University of Ibadan,NG,Engineering & Technology
University of Ibadan,NG,Natural Sciences
University of Ibadan,NG,Social Sciences & Management
University of Kragujevac,RS,Engineering & Technology
University of Kragujevac,RS,Natural Sciences
University of Kragujevac,RS,Social Sciences & Management
University of Lagos,NG,Engineering & Technology
University of Lagos,NG,Natural Sciences
University of Lagos,NG,Social Sciences & Management
University of Lampung,ID,Engineering & Technology
University of Lampung,ID,Natural Sciences
University of Lampung,ID,Social Sciences & Management
University of Mataram,ID,Engineering & Technology
University of Mataram,ID,Natural Sciences
University of Mataram,ID,Social Sciences & Management
University of Oradea,RO,Engineering & Technology
University of Oradea,RO,Natural Sciences
University of Oradea,RO,Social Sciences & Management
University of Stavanger,NO,Engineering & Technology
University of Stavanger,NO,Natural Sciences
University of Stavanger,NO,Social Sciences & Management
"University Politehnica of Timisoara, UPT",RO,Engineering & Technology
"University Politehnica of Timisoara, UPT",RO,Natural Sciences
"University Politehnica of Timisoara, UPT",RO,Social Sciences & Management
Western Washington University,US,Natural Sciences
Western Washington University,US,Arts & Humanities
Western Washington University,US,Engineering & Technology
Western Washington University,US,Social Sciences & Management
Western Washington University,US,Business & Management
Western Washington University,US,Life Sciences & Medicine
Zürcher Hochschule Winterthur,CH,Engineering & Technology
Zürcher Hochschule Winterthur,CH,Natural Sciences
Zürcher Hochschule Winterthur,CH,Social Sciences & Management
