Institution Name,Website
Massachusetts Institute of Technology (MIT),https://www.mit.edu
Imperial College London,https://www.imperial.ac.uk
University of Oxford,https://www.ox.ac.uk
Harvard University,https://www.harvard.edu
University of Cambridge,https://www.cam.ac.uk
Stanford University,https://www.stanford.edu
ETH Zurich - Swiss Federal Institute of Technology,https://ethz.ch
National University of Singapore (NUS),https://www.nus.edu.sg
UCL,https://www.ucl.ac.uk
California Institute of Technology (Caltech),https://www.caltech.edu
University of Pennsylvania,https://www.upenn.edu
"University of California, Berkeley (UCB)",https://www.berkeley.edu
The University of Melbourne,https://www.google.com/search?q=The+University+of+Melbourne+official+website
Peking University,https://english.pku.edu.cn
"Nanyang Technological University, Singapore (NTU)","https://www.google.com/search?q=Nanyang+Technological+University,+Singapore+NTU+official+website"
Cornell University,https://www.cornell.edu
The University of Hong Kong,https://www.google.com/search?q=The+University+of+Hong+Kong+official+website
The University of Sydney,https://www.google.com/search?q=The+University+of+Sydney+official+website
The University of New South Wales (UNSW Sydney),https://www.google.com/search?q=The+University+of+New+South+Wales+UNSW+Sydney+official+website
Tsinghua University,https://www.tsinghua.edu.cn
University of Chicago,https://www.uchicago.edu
Princeton University,https://www.princeton.edu
Yale University,https://www.yale.edu
Université PSL,https://psl.eu
University of Toronto,https://www.utoronto.ca
EPFL,https://www.epfl.ch
The University of Edinburgh,https://www.google.com/search?q=The+University+of+Edinburgh+official+website
Technical University of Munich,https://www.tum.de
McGill University,https://www.mcgill.ca
The Australian National University,https://www.google.com/search?q=The+Australian+National+University+official+website
Seoul National University,https://en.snu.ac.kr
Johns Hopkins University,https://www.jhu.edu
The University of Tokyo,https://www.google.com/search?q=The+University+of+Tokyo+official+website
Columbia University,https://www.columbia.edu
The University of Manchester,https://www.google.com/search?q=The+University+of+Manchester+official+website
The Chinese University of Hong Kong (CUHK),https://www.google.com/search?q=The+Chinese+University+of+Hong+Kong+CUHK+official+website
Monash University,https://www.monash.edu
University of British Columbia,https://www.ubc.ca
Fudan University,https://www.fudan.edu.cn
King's College London,https://www.kcl.ac.uk
The University of Queensland,https://www.google.com/search?q=The+University+of+Queensland+official+website
"University of California, Los Angeles (UCLA)",https://www.ucla.edu
New York University (NYU),https://www.nyu.edu
University of Michigan-Ann Arbor,https://umich.edu
Shanghai Jiao Tong University,https://en.sjtu.edu.cn
Institut Polytechnique de Paris,https://www.google.com/search?q=Institut+Polytechnique+de+Paris+official+website
The Hong Kong University of Science and Technology,https://www.google.com/search?q=The+Hong+Kong+University+of+Science+and+Technology+official+website
Zhejiang University,https://www.zju.edu.cn
Delft University of Technology,https://www.tudelft.nl
Kyoto University,https://www.kyoto-u.ac.jp
Northwestern University,https://www.northwestern.edu
The London School of Economics and Political Science (LSE),https://www.google.com/search?q=The+London+School+of+Economics+and+Political+Science+LSE+official+website
KAIST - Korea Advanced Institute of Science & Technology,https://www.kaist.ac.kr
University of Bristol,https://www.bristol.ac.uk
University of Amsterdam,https://www.uva.nl
Yonsei University,https://www.yonsei.ac.kr
The Hong Kong Polytechnic University,https://www.google.com/search?q=The+Hong+Kong+Polytechnic+University+official+website
Carnegie Mellon University,https://www.cmu.edu
Ludwig-Maximilians-Universität München,https://www.google.com/search?q=Ludwig-Maximilians-Universität+München+official+website
Universiti Malaya (UM),https://www.um.edu.my
Duke University,https://www.duke.edu
City University of Hong Kong,https://www.cityu.edu.hk
KU Leuven,https://www.kuleuven.be
Sorbonne University,https://www.sorbonne-universite.fr
The University of Auckland,https://www.google.com/search?q=The+University+of+Auckland+official+website
University of Texas at Austin,https://www.utexas.edu
Korea University,https://www.korea.edu
National Taiwan University (NTU),https://www.ntu.edu.tw
The University of Warwick,https://www.google.com/search?q=The+University+of+Warwick+official+website
University of Illinois at Urbana-Champaign,https://illinois.edu
Universidad de Buenos Aires (UBA),https://www.google.com/search?q=Universidad+de+Buenos+Aires+UBA+official+website
"University of California, San Diego (UCSD)",https://ucsd.edu
Université Paris-Saclay,https://www.universite-paris-saclay.fr
KTH Royal Institute of Technology,https://www.kth.se
Lund University,https://www.lu.se
University of Washington,https://www.washington.edu
The University of Western Australia,https://www.google.com/search?q=The+University+of+Western+Australia+official+website
University of Glasgow,https://www.gla.ac.uk
Brown University,https://www.google.com/search?q=Brown+University+official+website
University of Birmingham,https://www.birmingham.ac.uk
University of Southampton,https://www.southampton.ac.uk
The University of Adelaide,https://www.google.com/search?q=The+University+of+Adelaide+official+website
University of Leeds,https://www.leeds.ac.uk
Ruprecht-Karls-Universität Heidelberg,https://www.google.com/search?q=Ruprecht-Karls-Universität+Heidelberg+official+website
Tokyo Institute of Technology (Tokyo Tech),https://www.google.com/search?q=Tokyo+Institute+of+Technology+Tokyo+Tech+official+website
Osaka University,https://www.osaka-u.ac.jp
"Trinity College Dublin, The University of Dublin","https://www.google.com/search?q=Trinity+College+Dublin,+The+University+of+Dublin+official+website"
University of Technology Sydney,https://www.uts.edu.au
Durham University,https://www.durham.ac.uk
Pennsylvania State University,https://www.psu.edu
Purdue University,https://www.purdue.edu
Universidade de São Paulo,https://www.google.com/search?q=Universidade+de+São+Paulo+official+website
Pontificia Universidad Católica de Chile (UC),https://www.google.com/search?q=Pontificia+Universidad+Católica+de+Chile+UC+official+website
Lomonosov Moscow State University,https://www.google.com/search?q=Lomonosov+Moscow+State+University+official+website
Universidad Nacional Autónoma de México (UNAM),https://www.unam.mx
University of Alberta,https://www.ualberta.ca
Freie Universitaet Berlin,https://www.google.com/search?q=Freie+Universitaet+Berlin+official+website
Pohang University of Science And Technology (POSTECH),https://www.postech.ac.kr
RWTH Aachen University,https://www.rwth-aachen.de
University of Copenhagen,https://www.ku.dk
King Fahd University of Petroleum & Minerals,https://www.google.com/search?q=King+Fahd+University+of+Petroleum+&+Minerals+official+website
"KIT, Karlsruhe Institute of Technology",https://www.kit.edu
Uppsala University,https://www.uu.se
University of St Andrews,https://www.st-andrews.ac.uk
The University of Sheffield,https://www.google.com/search?q=The+University+of+Sheffield+official+website
Utrecht University,https://www.uu.nl
Tohoku University,https://www.tohoku.ac.jp
University of Nottingham,https://www.nottingham.ac.uk
Technical University of Denmark,https://www.dtu.dk
University of Zurich,https://www.uzh.ch
Politecnico di Milano,https://www.polimi.it
Boston University,https://www.bu.edu
Aalto University,https://www.aalto.fi
Georgia Institute of Technology,https://www.gatech.edu
University of Waterloo,https://uwaterloo.ca
University of Wisconsin-Madison,https://www.wisc.edu
University of Helsinki,https://www.helsinki.fi
Indian Institute of Technology Bombay (IITB),https://www.iitb.ac.in
University of Oslo,https://www.uio.no
Queen Mary University of London,https://www.qmul.ac.uk
Western University,https://www.uwo.ca
Qatar University,https://www.google.com/search?q=Qatar+University+official+website
RMIT University,https://www.google.com/search?q=RMIT+University+official+website
Sungkyunkwan University(SKKU),https://www.google.com/search?q=Sungkyunkwan+UniversitySKKU+official+website
University of Southern California,https://www.usc.edu
Humboldt-Universität zu Berlin,https://www.google.com/search?q=Humboldt-Universität+zu+Berlin+official+website
University College Dublin,https://www.ucd.ie
Stockholm University,https://www.su.se
Newcastle University,https://www.ncl.ac.uk
"University of California, Davis",https://www.ucdavis.edu
University of Basel,https://www.unibas.ch
Sapienza University of Rome,https://www.uniroma1.it
Alma Mater Studiorum - University of Bologna,https://www.google.com/search?q=Alma+Mater+Studiorum+-+University+of+Bologna+official+website
Macquarie University,https://www.mq.edu.au
Nanjing University,https://www.nju.edu.cn
Eindhoven University of Technology,https://www.tue.nl
University of Vienna,https://www.univie.ac.at
Universiti Kebangsaan Malaysia (UKM),https://www.google.com/search?q=Universiti+Kebangsaan+Malaysia+UKM+official+website
Chalmers University of Technology,https://www.chalmers.se
Universidad de Chile,https://uchile.cl
Lancaster University,https://www.google.com/search?q=Lancaster+University+official+website
Leiden University,https://www.universiteitleiden.nl
Rice University,https://www.rice.edu
Aarhus University,https://www.au.dk
University of Science and Technology of China,https://en.ustc.edu.cn
Universiti Sains Malaysia (USM),https://www.google.com/search?q=Universiti+Sains+Malaysia+USM+official+website
Technische Universität Berlin (TU Berlin),https://www.google.com/search?q=Technische+Universität+Berlin+TU+Berlin+official+website
Universiti Putra Malaysia (UPM),https://www.upm.edu.my
King Abdulaziz University (KAU),https://www.google.com/search?q=King+Abdulaziz+University+KAU+official+website
Indian Institute of Technology Delhi (IITD),https://home.iitd.ac.in
University of Bath,https://www.bath.ac.uk
Michigan State University,https://msu.edu
Nagoya University,https://en.nagoya-u.ac.jp
Texas A&M University,https://www.google.com/search?q=Texas+A&M+University+official+website
University of Geneva,https://www.unige.ch
"University of North Carolina, Chapel Hill",https://www.unc.edu
Wageningen University & Research,https://www.wur.nl
Erasmus University Rotterdam,https://www.eur.nl
Université de Montréal,https://www.umontreal.ca
University of Groningen,https://www.rug.nl
University of Bern,https://www.unibe.ch
Hanyang University,https://www.hanyang.ac.kr
Al-Farabi Kazakh National University,https://www.google.com/search?q=Al-Farabi+Kazakh+National+University+official+website
Complutense University of Madrid,https://www.google.com/search?q=Complutense+University+of+Madrid+official+website
Universitat de Barcelona,https://www.ub.edu
University of Liverpool,https://www.liverpool.ac.uk
Kyushu University,https://www.kyushu-u.ac.jp
University of Wollongong,https://www.google.com/search?q=University+of+Wollongong+official+website
Ghent University,https://www.ugent.be
The University of Exeter,https://www.google.com/search?q=The+University+of+Exeter+official+website
University of Cape Town,https://www.uct.ac.za
University of Reading,https://www.google.com/search?q=University+of+Reading+official+website
Hokkaido University,https://www.hokudai.ac.jp
Curtin University,https://www.google.com/search?q=Curtin+University+official+website
Universitat Autònoma de Barcelona,https://www.google.com/search?q=Universitat+Autònoma+de+Barcelona+official+website
McMaster University,https://www.mcmaster.ca
Washington University in St. Louis,https://www.google.com/search?q=Washington+University+in+St.+Louis+official+website
"University of California, Santa Barbara (UCSB)","https://www.google.com/search?q=University+of+California,+Santa+Barbara+UCSB+official+website"
"The University of Newcastle, Australia (UON)","https://www.google.com/search?q=The+University+of+Newcastle,+Australia+UON+official+website"
Universidad de los Andes,https://www.google.com/search?q=Universidad+de+los+Andes+official+website
Universiti Teknologi Malaysia,https://www.utm.my
Waseda University,https://www.waseda.jp
Hamad Bin Khalifa University,https://www.google.com/search?q=Hamad+Bin+Khalifa+University+official+website
University of York,https://www.google.com/search?q=University+of+York+official+website
Tecnológico de Monterrey,https://tec.mx
Cardiff University,https://www.cardiff.ac.uk
École Normale Supérieure de Lyon,https://www.google.com/search?q=École+Normale+Supérieure+de+Lyon+official+website
Keio University,https://www.keio.ac.jp
University of Ottawa,https://www.uottawa.ca
Technische Universität Wien,https://www.google.com/search?q=Technische+Universität+Wien+official+website
Universität Hamburg,https://www.google.com/search?q=Universität+Hamburg+official+website
Wuhan University,https://en.whu.edu.cn
Queen's University at Kingston,https://www.google.com/search?q=Queen's+University+at+Kingston+official+website
University of Gothenburg,https://www.google.com/search?q=University+of+Gothenburg+official+website
Beijing Normal University,https://www.google.com/search?q=Beijing+Normal+University+official+website
Emory University,https://www.emory.edu
Deakin University,https://www.google.com/search?q=Deakin+University+official+website
Universidad Autónoma de Madrid,https://www.uam.es
University of Calgary,https://www.ucalgary.ca
Arizona State University,https://www.asu.edu
King Saud University,https://www.google.com/search?q=King+Saud+University+official+website
Khalifa University of Science and Technology,https://www.google.com/search?q=Khalifa+University+of+Science+and+Technology+official+website
Université catholique de Louvain (UCLouvain),https://www.google.com/search?q=Université+catholique+de+Louvain+UCLouvain+official+website
University of Minnesota Twin Cities,https://www.google.com/search?q=University+of+Minnesota+Twin+Cities+official+website
Ecole des Ponts ParisTech,https://www.google.com/search?q=Ecole+des+Ponts+ParisTech+official+website
Queen's University Belfast,https://www.google.com/search?q=Queen's+University+Belfast+official+website
Universitas Indonesia,https://www.google.com/search?q=Universitas+Indonesia+official+website
The Ohio State University,https://www.google.com/search?q=The+Ohio+State+University+official+website
Tel Aviv University,https://english.tau.ac.il
National Tsing Hua University,https://www.nthu.edu.tw
Indian Institute of Science,https://iisc.ac.in
Albert-Ludwigs-Universitaet Freiburg,https://www.uni-freiburg.de
Queensland University of Technology (QUT),https://www.google.com/search?q=Queensland+University+of+Technology+QUT+official+website
University of Otago,https://www.otago.ac.nz
National Cheng Kung University (NCKU),https://www.google.com/search?q=National+Cheng+Kung+University+NCKU+official+website
University of Florida,https://www.ufl.edu
La Trobe University,https://www.google.com/search?q=La+Trobe+University+official+website
"University of Maryland, College Park",https://umd.edu
National Yang Ming Chiao Tung University,https://www.google.com/search?q=National+Yang+Ming+Chiao+Tung+University+official+website
Universidad Nacional de Colombia,https://www.google.com/search?q=Universidad+Nacional+de+Colombia+official+website
Vrije Universiteit Amsterdam,https://www.google.com/search?q=Vrije+Universiteit+Amsterdam+official+website
Eberhard Karls Universität Tübingen,https://www.google.com/search?q=Eberhard+Karls+Universität+Tübingen+official+website
Indian Institute of Technology Kharagpur (IIT-KGP),https://www.google.com/search?q=Indian+Institute+of+Technology+Kharagpur+IIT-KGP+official+website
Friedrich-Alexander-Universität Erlangen-Nürnberg,https://www.google.com/search?q=Friedrich-Alexander-Universität+Erlangen-Nürnberg+official+website
Loughborough University,https://www.lboro.ac.uk
University of Lausanne,https://www.google.com/search?q=University+of+Lausanne+official+website
Indian Institute of Technology Madras (IITM),https://www.iitm.ac.in
Rheinische Friedrich-Wilhelms-Universität Bonn,https://www.google.com/search?q=Rheinische+Friedrich-Wilhelms-Universität+Bonn+official+website
Chulalongkorn University,https://www.google.com/search?q=Chulalongkorn+University+official+website
Maastricht University,https://www.google.com/search?q=Maastricht+University+official+website
Universite libre de Bruxelles,https://www.google.com/search?q=Universite+libre+de+Bruxelles+official+website
Universidade Estadual de Campinas (Unicamp),https://www.unicamp.br
University of Twente,https://www.google.com/search?q=University+of+Twente+official+website
Technische Universität Dresden,https://www.google.com/search?q=Technische+Universität+Dresden+official+website
University of Waikato,https://www.google.com/search?q=University+of+Waikato+official+website
Università di Padova,https://www.google.com/search?q=Università di+Padova+official+website
University of Aberdeen,https://www.abdn.ac.uk
University of Rochester,https://www.rochester.edu
Gadjah Mada University,https://www.google.com/search?q=Gadjah+Mada+University+official+website
Massey University,https://www.google.com/search?q=Massey+University+official+website
Politecnico di Torino,https://www.polito.it
Technical University of Darmstadt,https://www.google.com/search?q=Technical+University+of+Darmstadt+official+website
Dartmouth College,https://www.google.com/search?q=Dartmouth+College+official+website
Victoria University of Wellington,https://www.google.com/search?q=Victoria+University+of+Wellington+official+website
University of Macau,https://www.google.com/search?q=University+of+Macau+official+website
Charles University,https://cuni.cz
University of Sussex,https://www.google.com/search?q=University+of+Sussex+official+website
Vanderbilt University,https://www.vanderbilt.edu
University of Navarra,https://www.google.com/search?q=University+of+Navarra+official+website
American University of Beirut (AUB),https://www.google.com/search?q=American+University+of+Beirut+AUB+official+website
Taylor's University,https://www.google.com/search?q=Taylor's+University+official+website
Tongji University,https://www.tongji.edu.cn
Hong Kong Baptist University,https://www.google.com/search?q=Hong+Kong+Baptist+University+official+website
University of Göttingen,https://www.google.com/search?q=University+of+Göttingen+official+website
Griffith University,https://www.google.com/search?q=Griffith+University+official+website
Bandung Institute of Technology (ITB),https://www.google.com/search?q=Bandung+Institute+of+Technology+ITB+official+website
Heriot-Watt University,https://www.google.com/search?q=Heriot-Watt+University+official+website
University of Warsaw,https://en.uw.edu.pl
Case Western Reserve University,https://case.edu
University of Lisbon,https://www.ulisboa.pt
United Arab Emirates University,https://www.uaeu.ac.ae
University of Canterbury | Te Whare W?nanga o Waitaha,https://www.google.com/search?q=University+of+Canterbury+|+Te+Whare+W?nanga+o+Waitaha+official+website
Indian Institute of Technology Kanpur (IITK),https://www.google.com/search?q=Indian+Institute+of+Technology+Kanpur+IITK+official+website
Norwegian University of Science And Technology,https://www.google.com/search?q=Norwegian+University+of+Science+And+Technology+official+website
UCSI University,https://www.google.com/search?q=UCSI+University+official+website
Universitat Pompeu Fabra (Barcelona),https://www.google.com/search?q=Universitat+Pompeu+Fabra+Barcelona+official+website
University of Antwerp,https://www.google.com/search?q=University+of+Antwerp+official+website
University of Witwatersrand,https://www.google.com/search?q=University+of+Witwatersrand+official+website
Sun Yat-sen University,https://www.sysu.edu.cn
Universiti Teknologi PETRONAS (UTP),https://www.google.com/search?q=Universiti+Teknologi+PETRONAS+UTP+official+website
Harbin Institute of Technology,https://www.google.com/search?q=Harbin+Institute+of+Technology+official+website
Radboud University,https://www.ru.nl
University College Cork,https://www.ucc.ie
University of Galway,https://www.google.com/search?q=University+of+Galway+official+website
Dalhousie University,https://www.dal.ca
University of Massachusetts Amherst,https://www.google.com/search?q=University+of+Massachusetts+Amherst+official+website
University of Pittsburgh,https://www.pitt.edu
University of Porto,https://sigarra.up.pt
Vrije Universiteit Brussel (VUB),https://www.vub.be
Ulsan National Institute of Science and Technology (UNIST),https://www.google.com/search?q=Ulsan+National+Institute+of+Science+and+Technology+UNIST+official+website
The Hebrew University of Jerusalem,https://www.google.com/search?q=The+Hebrew+University+of+Jerusalem+official+website
University of Strathclyde,https://www.google.com/search?q=University+of+Strathclyde+official+website
Université Paris 1 Panthéon-Sorbonne,https://www.google.com/search?q=Université+Paris+1+Panthéon-Sorbonne+official+website
Xiamen University,https://www.google.com/search?q=Xiamen+University+official+website
Middle East Technical University,https://www.google.com/search?q=Middle+East+Technical+University+official+website
Universidad Carlos III de Madrid (UC3M),https://www.google.com/search?q=Universidad+Carlos+III+de+Madrid+UC3M+official+website
University of Cologne,https://www.uni-koeln.de
University of Leicester,https://www.google.com/search?q=University+of+Leicester+official+website
University of Milan,https://www.unimi.it
University of Surrey,https://www.surrey.ac.uk
Swinburne University of Technology,https://www.google.com/search?q=Swinburne+University+of+Technology+official+website
University of Bergen,https://www.google.com/search?q=University+of+Bergen+official+website
The University of Arizona,https://www.google.com/search?q=The+University+of+Arizona+official+website
University of Tasmania,https://www.google.com/search?q=University+of+Tasmania+official+website
Beijing Institute of Technology,https://www.google.com/search?q=Beijing+Institute+of+Technology+official+website
Stellenbosch University,https://www.google.com/search?q=Stellenbosch+University+official+website
University of Virginia,https://www.google.com/search?q=University+of+Virginia+official+website
Bauman Moscow State Technical University,https://www.google.com/search?q=Bauman+Moscow+State+Technical+University+official+website
Swansea University,https://www.google.com/search?q=Swansea+University+official+website
Huazhong University of Science and Technology,https://www.google.com/search?q=Huazhong+University+of+Science+and+Technology+official+website
Georgetown University,https://www.georgetown.edu
Sichuan University,https://www.google.com/search?q=Sichuan+University+official+website
Université Paris Cité,https://www.google.com/search?q=Université+Paris+Cité+official+website
Linköping University,https://www.google.com/search?q=Linköping+University+official+website
Universidade Federal do Rio de Janeiro,https://ufrj.br
Aalborg University,https://www.google.com/search?q=Aalborg+University+official+website
"University of California, Irvine","https://www.google.com/search?q=University+of+California,+Irvine+official+website"
Airlangga University,https://www.google.com/search?q=Airlangga+University+official+website
Goethe-University Frankfurt am Main,https://www.google.com/search?q=Goethe-University+Frankfurt+am+Main+official+website
Universität Innsbruck,https://www.google.com/search?q=Universität+Innsbruck+official+website
North Carolina State University,https://www.google.com/search?q=North+Carolina+State+University+official+website
Jagiellonian University,https://en.uj.edu.pl
University of Johannesburg,https://www.google.com/search?q=University+of+Johannesburg+official+website
Universität Stuttgart,https://www.google.com/search?q=Universität+Stuttgart+official+website
Quaid-i-Azam University,https://www.google.com/search?q=Quaid-i-Azam+University+official+website
RUDN University,https://www.google.com/search?q=RUDN+University+official+website
Shanghai University,https://www.google.com/search?q=Shanghai+University+official+website
University of Notre Dame,https://www.nd.edu
Simon Fraser University,https://www.sfu.ca
University of Colorado Boulder,https://www.colorado.edu
L.N. Gumilyov Eurasian National University (ENU),https://www.google.com/search?q=L.N.+Gumilyov+Eurasian+National+University+ENU+official+website
National Technical University of Athens,https://www.ntua.gr
Universidad Politécnica de Madrid (UPM),https://www.upm.es
University of Miami,https://www.google.com/search?q=University+of+Miami+official+website
University of Southern Denmark (SDU),https://www.google.com/search?q=University+of+Southern+Denmark+SDU+official+website
Daegu Gyeongbuk Institute of Science and Technology (DGIST),https://www.google.com/search?q=Daegu+Gyeongbuk+Institute+of+Science+and+Technology+DGIST+official+website
Istanbul Technical University,https://www.google.com/search?q=Istanbul+Technical+University+official+website
Kyung Hee University,https://www.google.com/search?q=Kyung+Hee+University+official+website
Rutgers University–New Brunswick,https://www.google.com/search?q=Rutgers+University–New+Brunswick+official+website
University of Delhi,https://www.google.com/search?q=University+of+Delhi+official+website
Renmin (People's) University of China,https://www.google.com/search?q=Renmin+People's+University+of+China+official+website
American University of Sharjah,https://www.aus.edu
University of East Anglia (UEA),https://www.google.com/search?q=University+of+East+Anglia+UEA+official+website
Université Grenoble Alpes,https://www.google.com/search?q=Université+Grenoble+Alpes+official+website
Indian Institute of Technology Roorkee (IITR),https://www.google.com/search?q=Indian+Institute+of+Technology+Roorkee+IITR+official+website
Flinders University,https://www.google.com/search?q=Flinders+University+official+website
Lappeenranta-Lahti University of Technology LUT,https://www.google.com/search?q=Lappeenranta-Lahti+University+of+Technology+LUT+official+website
Xi’an Jiaotong University,https://www.google.com/search?q=Xi’an+Jiaotong+University+official+website
University of the Philippines,https://www.google.com/search?q=University+of+the+Philippines+official+website
University of Saskatchewan,https://www.google.com/search?q=University+of+Saskatchewan+official+website
University of South Australia,https://www.google.com/search?q=University+of+South+Australia+official+website
Brunel University London,https://www.brunel.ac.uk
Sharif University of Technology,https://www.google.com/search?q=Sharif+University+of+Technology+official+website
Indian Institute of Technology Guwahati (IITG),https://www.google.com/search?q=Indian+Institute+of+Technology+Guwahati+IITG+official+website
Tufts University,https://www.tufts.edu
University of Oulu,https://www.google.com/search?q=University+of+Oulu+official+website
Tilburg University,https://www.google.com/search?q=Tilburg+University+official+website
University of Naples - Federico II,https://www.google.com/search?q=University+of+Naples+-+Federico+II+official+website
University of Victoria (UVic),https://www.google.com/search?q=University+of+Victoria+UVic+official+website
Cairo University,https://www.google.com/search?q=Cairo+University+official+website
Sciences Po,https://www.google.com/search?q=Sciences+Po+official+website
"City, University of London","https://www.google.com/search?q=City,+University+of+London+official+website"
National University of Sciences And Technology (NUST) Islamabad,https://www.google.com/search?q=National+University+of+Sciences+And+Technology+NUST+Islamabad+official+website
University of Pretoria,https://www.google.com/search?q=University+of+Pretoria+official+website
Indiana University Bloomington,https://www.indiana.edu
University of Coimbra,https://www.google.com/search?q=University+of+Coimbra+official+website
University of Luxembourg,https://www.google.com/search?q=University+of+Luxembourg+official+website
University of Tartu,https://www.google.com/search?q=University+of+Tartu+official+website
Gwangju Institute of Science and Technology (GIST),https://www.google.com/search?q=Gwangju+Institute+of+Science+and+Technology+GIST+official+website
Pontificia Universidad Católica del Perú,https://www.google.com/search?q=Pontificia+Universidad+Católica+del+Perú+official+website
University of Aveiro,https://www.google.com/search?q=University+of+Aveiro+official+website
Sultan Qaboos University,https://www.google.com/search?q=Sultan+Qaboos+University+official+website
Nankai University,https://www.google.com/search?q=Nankai+University+official+website
York University,https://www.google.com/search?q=York+University+official+website
Saint Petersburg State University,https://www.google.com/search?q=Saint+Petersburg+State+University+official+website
University of Illinois at Chicago (UIC),https://www.google.com/search?q=University+of+Illinois+at+Chicago+UIC+official+website
Westfälische Wilhelms-Universität Münster,https://www.google.com/search?q=Westfälische+Wilhelms-Universität+Münster+official+website
Mahidol University,https://www.google.com/search?q=Mahidol+University+official+website
University of Jordan,https://www.google.com/search?q=University+of+Jordan+official+website
University of Tehran,https://www.google.com/search?q=University+of+Tehran+official+website
George Washington University,https://www.google.com/search?q=George+Washington+University+official+website
Lincoln University,https://www.google.com/search?q=Lincoln+University+official+website
Universitat Politècnica de Catalunya · BarcelonaTech (UPC),https://www.upc.edu
University of Turin,https://www.google.com/search?q=University+of+Turin+official+website
University of Florence,https://www.google.com/search?q=University+of+Florence+official+website
University of Turku,https://www.google.com/search?q=University+of+Turku+official+website
Tianjin University,https://www.google.com/search?q=Tianjin+University+official+website
Pontificia Universidad Javeriana,https://www.google.com/search?q=Pontificia+Universidad+Javeriana+official+website
University of Tsukuba,https://www.google.com/search?q=University+of+Tsukuba+official+website
Technische Universität Bergakademie Freiberg,https://www.google.com/search?q=Technische+Universität+Bergakademie+Freiberg+official+website
University of Kent,https://www.google.com/search?q=University+of+Kent+official+website
University of Pisa,https://www.google.com/search?q=University+of+Pisa+official+website
Anna University,https://www.google.com/search?q=Anna+University+official+website
Western Sydney University,https://www.google.com/search?q=Western+Sydney+University+official+website
Shandong University,https://www.google.com/search?q=Shandong+University+official+website
Universiti Brunei Darussalam (UBD),https://www.google.com/search?q=Universiti+Brunei+Darussalam+UBD+official+website
Belarusian State University,https://www.google.com/search?q=Belarusian+State+University+official+website
Universidade Nova de Lisboa,https://www.google.com/search?q=Universidade+Nova+de+Lisboa+official+website
Università Vita-Salute San Raffaele,https://www.google.com/search?q=Università+Vita-Salute+San+Raffaele+official+website
University of Cyprus (UCY),https://www.google.com/search?q=University+of+Cyprus+UCY+official+website
Virginia Polytechnic Institute and State University,https://www.google.com/search?q=Virginia+Polytechnic+Institute+and+State+University+official+website
National Taiwan University of Science and Technology (Taiwan Tech),https://www.google.com/search?q=National+Taiwan+University+of+Science+and+Technology+Taiwan+Tech+official+website
National and Kapodistrian University of Athens,https://www.google.com/search?q=National+and+Kapodistrian+University+of+Athens+official+website
"University of California, Santa Cruz","https://www.google.com/search?q=University+of+California,+Santa+Cruz+official+website"
"University of Rome ""Tor Vergata""","https://www.google.com/search?q=University+of+Rome+""Tor+Vergata""+official+website"
Northeastern University,https://www.northeastern.edu
Ruhr-Universität Bochum,https://www.google.com/search?q=Ruhr-Universität+Bochum+official+website
Sejong University,https://www.google.com/search?q=Sejong+University+official+website
Université de Liège,https://www.google.com/search?q=Université+de+Liège+official+website
University of Southern Queensland,https://www.google.com/search?q=University+of+Southern+Queensland+official+website
Kazan (Volga region) Federal University,https://www.google.com/search?q=Kazan+Volga+region+Federal+University+official+website
Koç University,https://www.google.com/search?q=Koç+University+official+website
Amirkabir University of Technology,https://www.google.com/search?q=Amirkabir+University+of+Technology+official+website
University of Canberra,https://www.google.com/search?q=University+of+Canberra+official+website
Institut National des Sciences Appliquées de Lyon (INSA),https://www.google.com/search?q=Institut+National+des+Sciences+Appliquées+de+Lyon+INSA+official+website
Satbayev University,https://www.google.com/search?q=Satbayev+University+official+website
USI - Università della Svizzera italiana,https://www.google.com/search?q=USI+-+Università+della+Svizzera+italiana+official+website
"Birkbeck, University of London","https://www.google.com/search?q=Birkbeck,+University+of+London+official+website"
Masaryk University,https://www.google.com/search?q=Masaryk+University+official+website
HSE University,https://www.google.com/search?q=HSE+University+official+website
The American University in Cairo,https://www.google.com/search?q=The+American+University+in+Cairo+official+website
Auckland University of Technology (AUT),https://www.google.com/search?q=Auckland+University+of+Technology+AUT+official+website
Graz University of Technology,https://www.google.com/search?q=Graz+University+of+Technology+official+website
Yeshiva University,https://www.google.com/search?q=Yeshiva+University+official+website
Concordia University,https://www.google.com/search?q=Concordia+University+official+website
Oxford Brookes University,https://www.google.com/search?q=Oxford+Brookes+University+official+website
Technion - Israel Institute of Technology,https://www.technion.ac.il
University of Dundee,https://www.google.com/search?q=University+of+Dundee+official+website
Bo?aziçi University,https://www.google.com/search?q=Bo?aziçi+University+official+website
Czech Technical University in Prague,https://www.cvut.cz
Dublin City University,https://www.google.com/search?q=Dublin+City+University+official+website
University of Limerick,https://www.google.com/search?q=University+of+Limerick+official+website
Aston University,https://www.aston.ac.uk
Université Laval,https://www.google.com/search?q=Université+Laval+official+website
National Taipei University of Technology,https://www.google.com/search?q=National+Taipei+University+of+Technology+official+website
IPB University (a.k.a. Bogor Agricultural University),https://www.google.com/search?q=IPB+University+a.k.a.+Bogor+Agricultural+University+official+website
Leibniz University Hannover,https://www.google.com/search?q=Leibniz+University+Hannover+official+website
Julius-Maximilians-Universität Würzburg,https://www.google.com/search?q=Julius-Maximilians-Universität+Würzburg+official+website
Central South University,https://www.google.com/search?q=Central+South+University+official+website
University of Science and Technology Beijing,https://www.google.com/search?q=University+of+Science+and+Technology+Beijing+official+website
University of Electronic Science and Technology of China,https://www.google.com/search?q=University+of+Electronic+Science+and+Technology+of+China+official+website
Tomsk State University,https://www.google.com/search?q=Tomsk+State+University+official+website
University of Granada,https://www.google.com/search?q=University+of+Granada+official+website
University of Sharjah,https://www.google.com/search?q=University+of+Sharjah+official+website
IE University,https://www.google.com/search?q=IE+University+official+website
Iran University of Science and Technology,https://www.google.com/search?q=Iran+University+of+Science+and+Technology+official+website
Murdoch University,https://www.google.com/search?q=Murdoch+University+official+website
Universitat Politècnica de València,https://www.google.com/search?q=Universitat+Politècnica+de+València+official+website
Vilnius University,https://www.google.com/search?q=Vilnius+University+official+website
Singapore University of Technology and Design,https://www.google.com/search?q=Singapore+University+of+Technology+and+Design+official+website
Università degli Studi di Pavia,https://www.google.com/search?q=Università+degli+Studi+di+Pavia+official+website
Colorado State University,https://www.google.com/search?q=Colorado+State+University+official+website
Novosibirsk State University,https://www.google.com/search?q=Novosibirsk+State+University+official+website
Università Cattolica del Sacro Cuore,https://www.google.com/search?q=Università Cattolica+del+Sacro+Cuore+official+website
James Cook University,https://www.google.com/search?q=James+Cook+University+official+website
Justus-Liebig-University Giessen,https://www.google.com/search?q=Justus-Liebig-University+Giessen+official+website
Universitat de Valencia,https://www.google.com/search?q=Universitat+de+Valencia+official+website
Southern University of Science and Technology,https://www.google.com/search?q=Southern+University+of+Science+and+Technology+official+website
South China University of Technology,https://www.google.com/search?q=South+China+University+of+Technology+official+website
Université de Montpellier,https://www.google.com/search?q=Université+de+Montpellier+official+website
Hunan University,https://www.google.com/search?q=Hunan+University+official+website
Nanjing University of Science and Technology,https://www.google.com/search?q=Nanjing+University+of+Science+and+Technology+official+website
National Taiwan Normal University,https://www.google.com/search?q=National+Taiwan+Normal+University+official+website
University of Kansas,https://www.google.com/search?q=University+of+Kansas+official+website
University of Stirling,https://www.google.com/search?q=University+of+Stirling+official+website
Moscow Institute of Physics and Technology (MIPT / Moscow Phystech),https://www.google.com/search?q=Moscow+Institute+of+Physics+and+Technology+MIPT+/+Moscow+Phystech+official+website
Umea University,https://www.google.com/search?q=Umea+University+official+website
Université de Strasbourg,https://www.google.com/search?q=Université+de+Strasbourg+official+website
University of Guelph,https://www.google.com/search?q=University+of+Guelph+official+website
"Stony Brook University, State University of New York","https://www.google.com/search?q=Stony+Brook+University,+State+University+of+New+York+official+website"
Universidad de Santiago de Chile (USACH),https://www.google.com/search?q=Universidad+de+Santiago+de+Chile+USACH+official+website
Tampere University,https://www.google.com/search?q=Tampere+University+official+website
Universidad de Sevilla,https://www.us.es
Macau University of Science and Technology,https://www.google.com/search?q=Macau+University+of+Science+and+Technology+official+website
Kobe University,https://www.google.com/search?q=Kobe+University+official+website
Universität Konstanz,https://www.google.com/search?q=Universität+Konstanz+official+website
Universitat Ramon Llull,https://www.google.com/search?q=Universitat+Ramon+Llull+official+website
University at Buffalo SUNY,https://www.google.com/search?q=University+at+Buffalo+SUNY+official+website
Washington State University,https://www.google.com/search?q=Washington+State+University+official+website
Iowa State University,https://www.google.com/search?q=Iowa+State+University+official+website
Ben-Gurion University of The Negev,https://www.google.com/search?q=Ben-Gurion+University+of+The+Negev+official+website
"Essex, University of","https://www.google.com/search?q=Essex,+University+of+official+website"
Johannes Kepler University Linz,https://www.google.com/search?q=Johannes+Kepler+University+Linz+official+website
Bangor University,https://www.google.com/search?q=Bangor+University+official+website
Hiroshima University,https://www.google.com/search?q=Hiroshima+University+official+website
Universität Potsdam,https://www.google.com/search?q=Universität+Potsdam+official+website
Ajman University,https://www.google.com/search?q=Ajman+University+official+website
Bilkent University,https://w3.bilkent.edu.tr
Indian Institute of Technology Indore (IIT Indore),https://www.google.com/search?q=Indian+Institute+of+Technology+Indore+IIT+Indore+official+website
Royal Holloway University of London,https://www.royalholloway.ac.uk
Aix-Marseille University,https://www.univ-amu.fr
Pontificia Universidad Católica Argentina,https://www.google.com/search?q=Pontificia+Universidad+Católica+Argentina+official+website
"The University of Tennessee, Knoxville","https://www.google.com/search?q=The+University+of+Tennessee,+Knoxville+official+website"
China Agricultural University,https://www.google.com/search?q=China+Agricultural+University+official+website
American University of Ras Al Khaimah ( AURAK ),https://www.google.com/search?q=American+University+of+Ras+Al+Khaimah++AURAK++official+website
National Sun Yat-sen University,https://www.google.com/search?q=National+Sun+Yat-sen+University+official+website
Universität Mannheim,https://www.google.com/search?q=Universität+Mannheim+official+website
University of Hawai?i at M?noa,https://www.google.com/search?q=University+of+Hawai?i+at+M?noa+official+website
Dalian University of Technology,https://www.google.com/search?q=Dalian+University+of+Technology+official+website
Chung-Ang University (CAU),https://www.google.com/search?q=Chung-Ang+University+CAU+official+website
Isfahan University of Technology,https://www.google.com/search?q=Isfahan+University+of+Technology+official+website
Southeast University,https://www.google.com/search?q=Southeast+University+official+website
UNESP,https://www.google.com/search?q=UNESP+official+website
University of Jyväskylä,https://www.google.com/search?q=University+of+Jyväskylä+official+website
Central Queensland University (CQUniversity Australia),https://www.google.com/search?q=Central+Queensland+University+CQUniversity+Australia+official+website
Duy Tan University,https://www.google.com/search?q=Duy+Tan+University+official+website
Chongqing University,https://www.google.com/search?q=Chongqing+University+official+website
National Research Nuclear University MEPhI (Moscow Engineering Physics Institute),https://www.google.com/search?q=National+Research+Nuclear+University+MEPhI+Moscow+Engineering+Physics+Institute+official+website
Universidad de Costa Rica,https://www.google.com/search?q=Universidad+de+Costa+Rica+official+website
"University of California, Riverside","https://www.google.com/search?q=University+of+California,+Riverside+official+website"
Abu Dhabi University,https://www.google.com/search?q=Abu+Dhabi+University+official+website
Colorado School of Mines,https://www.google.com/search?q=Colorado+School+of+Mines+official+website
Zhengzhou University,https://www.google.com/search?q=Zhengzhou+University+official+website
Johannes Gutenberg Universität Mainz,https://www.google.com/search?q=Johannes+Gutenberg+Universität+Mainz+official+website
University of Huddersfield,https://www.google.com/search?q=University+of+Huddersfield+official+website
University of Delaware,https://www.google.com/search?q=University+of+Delaware+official+website
University of Trento,https://www.google.com/search?q=University+of+Trento+official+website
Aristotle University of Thessaloniki,https://www.auth.gr
China University of Petroleum,https://www.google.com/search?q=China+University+of+Petroleum+official+website
SOAS University of London,https://www.google.com/search?q=SOAS+University+of+London+official+website
Ewha Womans University,https://www.google.com/search?q=Ewha+Womans+University+official+website
Beihang University (former BUAA),https://www.google.com/search?q=Beihang+University+former+BUAA+official+website
Imam Abdulrahman Bin Faisal University (IAU) (formerly UNIVERSITY OF DAMMAM),https://www.google.com/search?q=Imam+Abdulrahman+Bin+Faisal+University+IAU+formerly+UNIVERSITY+OF+DAMMAM+official+website
Prince Mohammad Bin Fahd university,https://www.google.com/search?q=Prince+Mohammad+Bin+Fahd+university+official+website
University of Milano-Bicocca,https://www.google.com/search?q=University+of+Milano-Bicocca+official+website
Ateneo de Manila University,https://www.google.com/search?q=Ateneo+de+Manila+University+official+website
Edith Cowan University,https://www.google.com/search?q=Edith+Cowan+University+official+website
INTI International University,https://www.google.com/search?q=INTI+International+University+official+website
Kyungpook National University,https://www.google.com/search?q=Kyungpook+National+University+official+website
Sabanci University,https://www.google.com/search?q=Sabanci+University+official+website
University of Hull,https://www.google.com/search?q=University+of+Hull+official+website
Ural Federal University - UrFU,https://www.google.com/search?q=Ural+Federal+University+-+UrFU+official+website
Canadian University Dubai,https://www.google.com/search?q=Canadian+University+Dubai+official+website
Pusan National University,https://www.google.com/search?q=Pusan+National+University+official+website
Universidad Austral,https://www.google.com/search?q=Universidad+Austral+official+website
Universität Jena,https://www.google.com/search?q=Universität+Jena+official+website
Missouri University of Science and Technology,https://www.google.com/search?q=Missouri+University+of+Science+and+Technology+official+website
Universität Leipzig,https://www.google.com/search?q=Universität+Leipzig+official+website
University of Bayreuth,https://www.google.com/search?q=University+of+Bayreuth+official+website
Warsaw University of Technology,https://www.pw.edu.pl
Coventry University,https://www.google.com/search?q=Coventry+University+official+website
Indian Institute of Technology (BHU) Varanasi,https://www.google.com/search?q=Indian+Institute+of+Technology+BHU+Varanasi+official+website
University of Utah,https://www.google.com/search?q=University+of+Utah+official+website
Universidad Nacional de La Plata (UNLP),https://www.google.com/search?q=Universidad+Nacional+de+La+Plata+UNLP+official+website
Lahore University of Management Sciences (LUMS),https://www.google.com/search?q=Lahore+University+of+Management+Sciences+LUMS+official+website
Northumbria University at Newcastle,https://www.google.com/search?q=Northumbria+University+at+Newcastle+official+website
University of Bordeaux,https://www.u-bordeaux.fr
University of Eastern Finland,https://www.google.com/search?q=University+of+Eastern+Finland+official+website
Applied Science University - Bahrain,https://www.google.com/search?q=Applied+Science+University+-+Bahrain+official+website
Hitotsubashi University,https://www.google.com/search?q=Hitotsubashi+University+official+website
Sunway University,https://www.google.com/search?q=Sunway+University+official+website
Université de Fribourg,https://www.google.com/search?q=Université+de+Fribourg+official+website
University of Salamanca,https://www.google.com/search?q=University+of+Salamanca+official+website
Universidad de Zaragoza,https://www.google.com/search?q=Universidad+de+Zaragoza+official+website
Universidad Pontificia Comillas,https://www.google.com/search?q=Universidad+Pontificia+Comillas+official+website
University of Bradford,https://www.google.com/search?q=University+of+Bradford+official+website
East China University of Science and Technology,https://www.google.com/search?q=East+China+University+of+Science+and+Technology+official+website
Tashkent Institute of Irrigation and Agricultural Mechanization Engineers - National Research University (TIIAME-NRU),https://www.google.com/search?q=Tashkent+Institute+of+Irrigation+and+Agricultural+Mechanization+Engineers+-+National+Research+University+TIIAME-NRU+official+website
University of Genoa,https://www.google.com/search?q=University+of+Genoa+official+website
University of Iceland,https://www.google.com/search?q=University+of+Iceland+official+website
University of Windsor,https://www.google.com/search?q=University+of+Windsor+official+website
Al Ain University,https://www.google.com/search?q=Al+Ain+University+official+website
University of Tabriz,https://www.google.com/search?q=University+of+Tabriz+official+website
Hasselt University,https://www.google.com/search?q=Hasselt+University+official+website
Jordan University of Science & Technology,https://www.google.com/search?q=Jordan+University+of+Science+&+Technology+official+website
Universiti Utara Malaysia (UUM),https://www.google.com/search?q=Universiti+Utara+Malaysia+UUM+official+website
University of Dhaka,https://www.google.com/search?q=University+of+Dhaka+official+website
University Ulm,https://www.google.com/search?q=University+Ulm+official+website
Peter the Great St. Petersburg Polytechnic University,https://www.google.com/search?q=Peter+the+Great+St.+Petersburg+Polytechnic+University+official+website
Ulster University,https://www.google.com/search?q=Ulster+University+official+website
Umm Al-Qura University,https://www.google.com/search?q=Umm+Al-Qura+University+official+website
Université Claude Bernard Lyon 1,https://www.google.com/search?q=Université+Claude+Bernard+Lyon+1+official+website
Universiti Teknologi Brunei,https://www.google.com/search?q=Universiti+Teknologi+Brunei+official+website
Eötvös Loránd University,https://www.elte.hu
China University of Mining and Technology,https://www.google.com/search?q=China+University+of+Mining+and+Technology+official+website
University of Connecticut,https://www.google.com/search?q=University+of+Connecticut+official+website
Chiang Mai University,https://www.google.com/search?q=Chiang+Mai+University+official+website
Lebanese University,https://www.google.com/search?q=Lebanese+University+official+website
MGIMO University,https://www.google.com/search?q=MGIMO+University+official+website
"University of Chemistry and Technology, Prague","https://www.google.com/search?q=University+of+Chemistry+and+Technology,+Prague+official+website"
University of Szeged,https://www.google.com/search?q=University+of+Szeged+official+website
University of the Punjab,https://www.google.com/search?q=University+of+the+Punjab+official+website
Florida State University,https://www.google.com/search?q=Florida+State+University+official+website
Florida International University,https://www.google.com/search?q=Florida+International+University+official+website
University of Debrecen,https://www.google.com/search?q=University+of+Debrecen+official+website
National Research Tomsk Polytechnic University,https://www.google.com/search?q=National+Research+Tomsk+Polytechnic+University+official+website
Sogang University,https://www.google.com/search?q=Sogang+University+official+website
Southern Cross University,https://www.google.com/search?q=Southern+Cross+University+official+website
Universidad Adolfo Ibáñez,https://www.google.com/search?q=Universidad+Adolfo+Ibáñez+official+website
Jawaharlal Nehru University,https://www.google.com/search?q=Jawaharlal+Nehru+University+official+website
Nanjing Agricultural University,https://www.google.com/search?q=Nanjing+Agricultural+University+official+website
Management and Science University,https://www.google.com/search?q=Management+and+Science+University+official+website
Politecnico di Bari,https://www.google.com/search?q=Politecnico+di+Bari+official+website
Université Paul Sabatier Toulouse III,https://www.google.com/search?q=Université+Paul+Sabatier+Toulouse+III+official+website
Institut Teknologi Sepuluh Nopember (ITS Surabaya),https://www.google.com/search?q=Institut+Teknologi+Sepuluh+Nopember+ITS+Surabaya+official+website
Singapore Management University,https://www.smu.edu.sg
Bond University,https://www.google.com/search?q=Bond+University+official+website
Shoolini University of Biotechnology and Management Sciences,https://www.google.com/search?q=Shoolini+University+of+Biotechnology+and+Management+Sciences+official+website
The University of Georgia,https://www.google.com/search?q=The+University+of+Georgia+official+website
Universiti Teknologi MARA - UiTM,https://www.google.com/search?q=Universiti+Teknologi+MARA+-+UiTM+official+website
University of Kwazulu-Natal,https://www.google.com/search?q=University+of+Kwazulu-Natal+official+website
Ain Shams University,https://www.google.com/search?q=Ain+Shams+University+official+website
Nottingham Trent University,https://www.google.com/search?q=Nottingham+Trent+University+official+website
Universität Bremen,https://www.google.com/search?q=Universität+Bremen+official+website
ITMO University,https://www.google.com/search?q=ITMO+University+official+website
Thammasat University,https://www.google.com/search?q=Thammasat+University+official+website
Universitas Padjadjaran,https://www.google.com/search?q=Universitas+Padjadjaran+official+website
University of Iowa,https://www.google.com/search?q=University+of+Iowa+official+website
University of Ljubljana,https://www.google.com/search?q=University+of+Ljubljana+official+website
University of Texas Dallas,https://www.google.com/search?q=University+of+Texas+Dallas+official+website
Ca' Foscari University of Venice,https://www.google.com/search?q=Ca'+Foscari+University+of+Venice+official+website
Illinois Institute of Technology,https://www.google.com/search?q=Illinois+Institute+of+Technology+official+website
King Khalid University,https://www.google.com/search?q=King+Khalid+University+official+website
"Kingston University, London","https://www.google.com/search?q=Kingston+University,+London+official+website"
Manchester Metropolitan University (MMU),https://www.google.com/search?q=Manchester+Metropolitan+University+MMU+official+website
National Chengchi University,https://www.google.com/search?q=National+Chengchi+University+official+website
Paris Lodron University of Salzburg,https://www.google.com/search?q=Paris+Lodron+University+of+Salzburg+official+website
Rensselaer Polytechnic Institute,https://www.google.com/search?q=Rensselaer+Polytechnic+Institute+official+website
Universität des Saarlandes,https://www.google.com/search?q=Universität+des+Saarlandes+official+website
University of Crete,https://www.google.com/search?q=University+of+Crete+official+website
University of Hohenheim,https://www.google.com/search?q=University+of+Hohenheim+official+website
University of South Carolina,https://www.google.com/search?q=University+of+South+Carolina+official+website
American University of the Middle East,https://www.google.com/search?q=American+University+of+the+Middle+East+official+website
Asia Pacific University of Technology and Innovation (APU),https://www.google.com/search?q=Asia+Pacific+University+of+Technology+and+Innovation+APU+official+website
Brno University of Technology,https://www.google.com/search?q=Brno+University+of+Technology+official+website
Christian-Albrechts-University zu Kiel,https://www.google.com/search?q=Christian-Albrechts-University+zu+Kiel+official+website
Eastern Mediterranean University,https://www.google.com/search?q=Eastern+Mediterranean+University+official+website
Pontifícia Universidade Católica do Rio de Janeiro,https://www.google.com/search?q=Pontifícia+Universidade+Católica+do+Rio+de+Janeiro+official+website
Taipei Medical University (TMU),https://www.google.com/search?q=Taipei+Medical+University+TMU+official+website
University of Klagenfurt,https://www.google.com/search?q=University+of+Klagenfurt+official+website
University of Minho,https://www.google.com/search?q=University+of+Minho+official+website
Abo Akademi University,https://www.google.com/search?q=Abo+Akademi+University+official+website
American University in Dubai,https://www.google.com/search?q=American+University+in+Dubai+official+website
Auezov South Kazakhstan University (SKU),https://www.google.com/search?q=Auezov+South+Kazakhstan+University+SKU+official+website
Charles Darwin University,https://www.google.com/search?q=Charles+Darwin+University+official+website
Istanbul University,https://www.google.com/search?q=Istanbul+University+official+website
Beijing University of Chemical Technology,https://www.google.com/search?q=Beijing+University+of+Chemical+Technology+official+website
Tallinn University of Technology (TalTech),https://www.google.com/search?q=Tallinn+University+of+Technology+TalTech+official+website
Universidad de Alcalá,https://www.google.com/search?q=Universidad+de+Alcalá+official+website
Universidad de Palermo (UP),https://www.google.com/search?q=Universidad+de+Palermo+UP+official+website
University of South Florida,https://www.google.com/search?q=University+of+South+Florida+official+website
University of Tromsø The Arctic University of Norway,https://www.google.com/search?q=University+of+Tromsø+The+Arctic+University+of+Norway+official+website
Zayed University,https://www.google.com/search?q=Zayed+University+official+website
Ajou University,https://www.google.com/search?q=Ajou+University+official+website
Boston College,https://www.google.com/search?q=Boston+College+official+website
Chang Gung University,https://www.google.com/search?q=Chang+Gung+University+official+website
Shenzhen University,https://www.google.com/search?q=Shenzhen+University+official+website
Far Eastern Federal University,https://www.google.com/search?q=Far+Eastern+Federal+University+official+website
Inha University,https://www.google.com/search?q=Inha+University+official+website
Savitribai Phule Pune University,https://www.google.com/search?q=Savitribai+Phule+Pune+University+official+website
Tulane University,https://www.google.com/search?q=Tulane+University+official+website
Universidad de Concepción,https://www.google.com/search?q=Universidad+de+Concepción+official+website
University of Portsmouth,https://www.google.com/search?q=University+of+Portsmouth+official+website
Beirut Arab University,https://www.google.com/search?q=Beirut+Arab+University+official+website
De La Salle University,https://www.google.com/search?q=De+La+Salle+University+official+website
Northwestern Polytechnical University,https://www.google.com/search?q=Northwestern+Polytechnical+University+official+website
Hacettepe University,https://www.google.com/search?q=Hacettepe+University+official+website
Lehigh University,https://www.google.com/search?q=Lehigh+University+official+website
National Central University,https://www.google.com/search?q=National+Central+University+official+website
Oregon State University,https://www.google.com/search?q=Oregon+State+University+official+website
Ritsumeikan University,https://www.google.com/search?q=Ritsumeikan+University+official+website
East China Normal University,https://www.google.com/search?q=East+China+Normal+University+official+website
Symbiosis International (Deemed University),https://www.google.com/search?q=Symbiosis+International+Deemed+University+official+website
Universiti Tenaga Nasional (UNITEN),https://www.google.com/search?q=Universiti+Tenaga+Nasional+UNITEN+official+website
"University of Missouri, Columbia","https://www.google.com/search?q=University+of+Missouri,+Columbia+official+website"
University of the Basque Country,https://www.google.com/search?q=University+of+the+Basque+Country+official+website
HUFS - Hankuk (Korea) University of Foreign Studies,https://www.google.com/search?q=HUFS+-+Hankuk+Korea+University+of+Foreign+Studies+official+website
Palacký University Olomouc,https://www.google.com/search?q=Palacký+University+Olomouc+official+website
Universidade de Santiago de Compostela,https://www.google.com/search?q=Universidade+de+Santiago+de+Compostela+official+website
University of Houston,https://www.google.com/search?q=University+of+Houston+official+website
University of Zagreb,https://www.google.com/search?q=University+of+Zagreb+official+website
Aberystwyth University,https://www.google.com/search?q=Aberystwyth+University+official+website
City University of New York,https://www.google.com/search?q=City+University+of+New+York+official+website
Comenius University Bratislava,https://www.google.com/search?q=Comenius+University+Bratislava+official+website
Free University of Bozen-Bolzano,https://www.google.com/search?q=Free+University+of+Bozen-Bolzano+official+website
International Islamic University Malaysia (IIUM),https://www.google.com/search?q=International+Islamic+University+Malaysia+IIUM+official+website
ISCTE - Instituto Universitario de Lisboa,https://www.google.com/search?q=ISCTE+-+Instituto+Universitario+de+Lisboa+official+website
Memorial University of Newfoundland,https://www.google.com/search?q=Memorial+University+of+Newfoundland+official+website
National Chung Hsing University,https://www.google.com/search?q=National+Chung+Hsing+University+official+website
"Sofia University ""St. Kliment Ohridski""","https://www.google.com/search?q=Sofia+University+""St.+Kliment+Ohridski""+official+website"
Tokyo Medical and Dental University (TMDU),https://www.google.com/search?q=Tokyo+Medical+and+Dental+University+TMDU+official+website
Universidad de la República (Udelar),https://www.google.com/search?q=Universidad+de+la+República+Udelar+official+website
University of Manitoba,https://www.google.com/search?q=University+of+Manitoba+official+website
University of Plymouth,https://www.google.com/search?q=University+of+Plymouth+official+website
Abai Kazakh National Pedagogical University,https://www.google.com/search?q=Abai+Kazakh+National+Pedagogical+University+official+website
Bar-Ilan University,https://www.google.com/search?q=Bar-Ilan+University+official+website
Karl-Franzens-Universitaet Graz,https://www.google.com/search?q=Karl-Franzens-Universitaet+Graz+official+website
Kazakh National Agrarian University KazNAU,https://www.google.com/search?q=Kazakh+National+Agrarian+University+KazNAU+official+website
Martin-Luther-Universität Halle-Wittenberg,https://www.google.com/search?q=Martin-Luther-Universität+Halle-Wittenberg+official+website
Universidade Federal de Minas Gerais,https://www.google.com/search?q=Universidade+Federal+de+Minas+Gerais+official+website
University of Haifa,https://www.google.com/search?q=University+of+Haifa+official+website
Soochow University,https://www.google.com/search?q=Soochow+University+official+website
"Goldsmiths, University of London","https://www.google.com/search?q=Goldsmiths,+University+of+London+official+website"
Indian Institute of Technology Hyderabad,https://www.google.com/search?q=Indian+Institute+of+Technology+Hyderabad+official+website
Jeonbuk National University,https://www.google.com/search?q=Jeonbuk+National+University+official+website
Prince Sultan University,https://www.google.com/search?q=Prince+Sultan+University+official+website
Princess Nourah bint Abdulrahman University,https://www.google.com/search?q=Princess+Nourah+bint+Abdulrahman+University+official+website
Temple University,https://www.google.com/search?q=Temple+University+official+website
"University of Agriculture, Faisalabad","https://www.google.com/search?q=University+of+Agriculture,+Faisalabad+official+website"
University of New Brunswick,https://www.google.com/search?q=University+of+New+Brunswick+official+website
Chandigarh University,https://www.google.com/search?q=Chandigarh+University+official+website
Norwegian University of Life Sciences (UMB),https://www.google.com/search?q=Norwegian+University+of+Life+Sciences+UMB+official+website
Pakistan Institute of Engineering and Applied Sciences (PIEAS),https://www.google.com/search?q=Pakistan+Institute+of+Engineering+and+Applied+Sciences+PIEAS+official+website
Shiraz University,https://www.google.com/search?q=Shiraz+University+official+website
Universidad Central de Venezuela,https://www.google.com/search?q=Universidad+Central+de+Venezuela+official+website
Universidad de La Habana,https://www.google.com/search?q=Universidad+de+La+Habana+official+website
Universidad Panamericana (UP),https://www.google.com/search?q=Universidad+Panamericana+UP+official+website
Universidade Federal de São Paulo,https://www.google.com/search?q=Universidade+Federal+de+São+Paulo+official+website
Universidade Federal do Rio Grande Do Sul,https://www.google.com/search?q=Universidade+Federal+do+Rio+Grande+Do+Sul+official+website
University of Brescia,https://www.google.com/search?q=University+of+Brescia+official+website
University of Greenwich,https://www.google.com/search?q=University+of+Greenwich+official+website
University of Siena,https://www.google.com/search?q=University+of+Siena+official+website
Huazhong Agricultural University,https://www.google.com/search?q=Huazhong+Agricultural+University+official+website
Dongguk University,https://www.google.com/search?q=Dongguk+University+official+website
Lebanese American University,https://www.google.com/search?q=Lebanese+American+University+official+website
National Institute of Technology Tiruchirappalli,https://www.google.com/search?q=National+Institute+of+Technology+Tiruchirappalli+official+website
Stevens Institute of Technology,https://www.google.com/search?q=Stevens+Institute+of+Technology+official+website
Taras Shevchenko National University of Kyiv,https://www.google.com/search?q=Taras+Shevchenko+National+University+of+Kyiv+official+website
University of Nebraska - Lincoln,https://www.google.com/search?q=University+of+Nebraska+-+Lincoln+official+website
University of Oklahoma,https://www.google.com/search?q=University+of+Oklahoma+official+website
Ahlia University,https://www.google.com/search?q=Ahlia+University+official+website
American University,https://www.google.com/search?q=American+University+official+website
COMSATS University Islamabad,https://www.google.com/search?q=COMSATS+University+Islamabad+official+website
Czech University of Life Sciences in Prague,https://www.google.com/search?q=Czech+University+of+Life+Sciences+in+Prague+official+website
De Montfort University,https://www.google.com/search?q=De+Montfort+University+official+website
"Lingnan University, Hong Kong","https://www.google.com/search?q=Lingnan+University,+Hong+Kong+official+website"
Nanjing University of Aeronautics and Astronautics,https://www.google.com/search?q=Nanjing+University+of+Aeronautics+and+Astronautics+official+website
Plekhanov Russian University of Economics,https://www.google.com/search?q=Plekhanov+Russian+University+of+Economics+official+website
Saint Joseph University of Beirut (USJ),https://www.google.com/search?q=Saint+Joseph+University+of+Beirut+USJ+official+website
The National University of Science and Technology MISIS,https://www.google.com/search?q=The+National+University+of+Science+and+Technology+MISIS+official+website
Ton Duc Thang University,https://www.google.com/search?q=Ton+Duc+Thang+University+official+website
Université de Franche-Comté,https://www.google.com/search?q=Université+de+Franche-Comté+official+website
University of Mumbai,https://www.google.com/search?q=University+of+Mumbai+official+website
Brandeis University,https://www.google.com/search?q=Brandeis+University+official+website
Budapest University of Technology and Economics,https://www.bme.hu
Diponegoro University,https://www.google.com/search?q=Diponegoro+University+official+website
Drexel University,https://www.google.com/search?q=Drexel+University+official+website
Effat University,https://www.google.com/search?q=Effat+University+official+website
Jadavpur University,https://www.google.com/search?q=Jadavpur+University+official+website
Konkuk University,https://www.google.com/search?q=Konkuk+University+official+website
Jinan University (China),https://www.google.com/search?q=Jinan+University+China+official+website
Middlesex University,https://www.google.com/search?q=Middlesex+University+official+website
Riga Technical University,https://www.google.com/search?q=Riga+Technical+University+official+website
Université de Lille,https://www.google.com/search?q=Université+de+Lille+official+website
Université de Rennes 1 (University of Rennes),https://www.google.com/search?q=Université+de+Rennes+1+University+of+Rennes+official+website
University of Modena and Reggio Emilia,https://www.google.com/search?q=University+of+Modena+and+Reggio+Emilia+official+website
University of Trieste,https://www.google.com/search?q=University+of+Trieste+official+website
Universitat Rovira i Virgili,https://www.google.com/search?q=Universitat+Rovira+i+Virgili+official+website
Université Côte d\'Azur,https://www.google.com/search?q=Université+Côte+d\'Azur+official+website
University of Belgrade,https://www.google.com/search?q=University+of+Belgrade+official+website
Altai State University,https://www.google.com/search?q=Altai+State+University+official+website
Carleton University,https://www.google.com/search?q=Carleton+University+official+website
Universidad Católica Andres Bello,https://www.google.com/search?q=Universidad+Católica+Andres+Bello+official+website
Universidad de Montevideo (UM),https://www.google.com/search?q=Universidad+de+Montevideo+UM+official+website
Universität Regensburg,https://www.google.com/search?q=Universität+Regensburg+official+website
Universiti Malaysia Pahang,https://www.google.com/search?q=Universiti+Malaysia+Pahang+official+website
University of Central Florida,https://www.google.com/search?q=University+of+Central+Florida+official+website
University of the West of England,https://www.google.com/search?q=University+of+the+West+of+England+official+website
University of Westminster,https://www.google.com/search?q=University+of+Westminster+official+website
V. N. Karazin Kharkiv National University,https://www.google.com/search?q=V.+N.+Karazin+Kharkiv+National+University+official+website
Victoria University,https://www.google.com/search?q=Victoria+University+official+website
Vytautas Magnus University,https://www.google.com/search?q=Vytautas+Magnus+University+official+website
Wake Forest University,https://www.google.com/search?q=Wake+Forest+University+official+website
Instituto Tecnológico Autónomo de México (ITAM),https://www.google.com/search?q=Instituto+Tecnológico+Autónomo+de+México+ITAM+official+website
Kaunas University of Technology,https://www.google.com/search?q=Kaunas+University+of+Technology+official+website
Technische Universität Braunschweig,https://www.google.com/search?q=Technische+Universität+Braunschweig+official+website
Tokyo University of Science,https://www.google.com/search?q=Tokyo+University+of+Science+official+website
Universidade de Brasília,https://www.google.com/search?q=Universidade+de+Brasília+official+website
Universita' Politecnica delle Marche,https://www.google.com/search?q=Universita'+Politecnica+delle+Marche+official+website
University of Calcutta,https://www.google.com/search?q=University+of+Calcutta+official+website
University of Engineering & Technology (UET) Lahore,https://www.google.com/search?q=University+of+Engineering+&+Technology+UET+Lahore+official+website
University of Malta,https://www.google.com/search?q=University+of+Malta+official+website
University of Messina (UniME),https://www.google.com/search?q=University+of+Messina+UniME+official+website
"Adam Mickiewicz University, Pozna?","https://www.google.com/search?q=Adam+Mickiewicz+University,+Pozna?+official+website"
Bangladesh University of Engineering and Technology,https://www.google.com/search?q=Bangladesh+University+of+Engineering+and+Technology+official+website
King Faisal University,https://www.google.com/search?q=King+Faisal+University+official+website
Ocean University of China,https://www.google.com/search?q=Ocean+University+of+China+official+website
University of Cincinnati,https://www.google.com/search?q=University+of+Cincinnati+official+website
"University of Colorado, Denver","https://www.google.com/search?q=University+of+Colorado,+Denver+official+website"
University of Patras,https://www.google.com/search?q=University+of+Patras+official+website
Addis Ababa University,https://www.google.com/search?q=Addis+Ababa+University+official+website
Bournemouth University,https://www.google.com/search?q=Bournemouth+University+official+website
Chiba University,https://www.google.com/search?q=Chiba+University+official+website
Beijing University of Posts and Telecommunications,https://www.google.com/search?q=Beijing+University+of+Posts+and+Telecommunications+official+website
Colegio de México,https://www.google.com/search?q=Colegio+de+México+official+website
Holy Spirit University of Kaslik,https://www.google.com/search?q=Holy+Spirit+University+of+Kaslik+official+website
Universidad del Rosario,https://www.google.com/search?q=Universidad+del+Rosario+official+website
Université de Tunis El Manar,https://www.google.com/search?q=Université+de+Tunis+El+Manar+official+website
"University of Maryland, Baltimore County","https://www.google.com/search?q=University+of+Maryland,+Baltimore+County+official+website"
University of Pecs,https://www.google.com/search?q=University+of+Pecs+official+website
Verona University,https://www.google.com/search?q=Verona+University+official+website
Babes-Bolyai University,https://www.google.com/search?q=Babes-Bolyai+University+official+website
Kasetsart University,https://www.google.com/search?q=Kasetsart+University+official+website
National University of Uzbekistan,https://www.google.com/search?q=National+University+of+Uzbekistan+official+website
Qassim University,https://www.google.com/search?q=Qassim+University+official+website
Texas Tech University,https://www.google.com/search?q=Texas+Tech+University+official+website
The New School,https://www.google.com/search?q=The+New+School+official+website
Universidad de Belgrano,https://www.google.com/search?q=Universidad+de+Belgrano+official+website
Universidade Federal de Santa Catarina,https://www.google.com/search?q=Universidade+Federal+de+Santa+Catarina+official+website
University of Latvia,https://www.google.com/search?q=University+of+Latvia+official+website
University of Mons,https://www.google.com/search?q=University+of+Mons+official+website
Zurich University of Applied Sciences (ZHAW),https://www.google.com/search?q=Zurich+University+of+Applied+Sciences+ZHAW+official+website
Alfaisal University,https://www.google.com/search?q=Alfaisal+University+official+website
Ivane Javakhishvili Tbilisi State University,https://www.google.com/search?q=Ivane+Javakhishvili+Tbilisi+State+University+official+website
Keele University,https://www.google.com/search?q=Keele+University+official+website
New Jersey Institute of Technology (NJIT),https://www.google.com/search?q=New+Jersey+Institute+of+Technology+NJIT+official+website
Sechenov University,https://www.google.com/search?q=Sechenov+University+official+website
Universidad de Antioquia,https://www.google.com/search?q=Universidad+de+Antioquia+official+website
University of Kentucky,https://www.google.com/search?q=University+of+Kentucky+official+website
University of New Mexico,https://www.google.com/search?q=University+of+New+Mexico+official+website
Vellore Institute of Technology (VIT),https://www.google.com/search?q=Vellore+Institute+of+Technology+VIT+official+website
Wayne State University,https://www.google.com/search?q=Wayne+State+University+official+website
Al-Ahliyya Amman University,https://www.google.com/search?q=Al-Ahliyya+Amman+University+official+website
Alexandria University,https://www.google.com/search?q=Alexandria+University+official+website
Ankara Üniversitesi,https://www.google.com/search?q=Ankara+Üniversitesi+official+website
Asia University Taiwan,https://www.google.com/search?q=Asia+University+Taiwan+official+website
Donghua University,https://www.google.com/search?q=Donghua+University+official+website
Belarusian National Technical University (BNTU),https://www.google.com/search?q=Belarusian+National+Technical+University+BNTU+official+website
"Birla Institute of Technology and Science, Pilani","https://www.google.com/search?q=Birla+Institute+of+Technology+and+Science,+Pilani+official+website"
Edinburgh Napier University,https://www.google.com/search?q=Edinburgh+Napier+University+official+website
Gda?sk University of Technology,https://www.google.com/search?q=Gda?sk+University+of+Technology+official+website
Wuhan University of Technology,https://www.google.com/search?q=Wuhan+University+of+Technology+official+website
Immanuel Kant Baltic Federal University,https://www.google.com/search?q=Immanuel+Kant+Baltic+Federal+University+official+website
Instituto Politécnico Nacional (IPN),https://www.google.com/search?q=Instituto+Politécnico+Nacional+IPN+official+website
Jouf University,https://www.google.com/search?q=Jouf+University+official+website
Khoja Akhmet Yassawi International Kazakh-Turkish University,https://www.google.com/search?q=Khoja+Akhmet+Yassawi+International+Kazakh-Turkish+University+official+website
Kuwait University,https://www.google.com/search?q=Kuwait+University+official+website
Liverpool John Moores University,https://www.google.com/search?q=Liverpool+John+Moores+University+official+website
London South Bank University,https://www.google.com/search?q=London+South+Bank+University+official+website
Maynooth University,https://www.google.com/search?q=Maynooth+University+official+website
"National Technical University of Ukraine ""Igor Sikorsky Kyiv Polytechnic Institute""","https://www.google.com/search?q=National+Technical+University+of+Ukraine+""Igor+Sikorsky+Kyiv+Polytechnic+Institute""+official+website"
Lanzhou University,https://www.google.com/search?q=Lanzhou+University+official+website
Philipps-Universität Marburg,https://www.google.com/search?q=Philipps-Universität+Marburg+official+website
Pontificia Universidad Católica de Valparaíso,https://www.google.com/search?q=Pontificia+Universidad+Católica+de+Valparaíso+official+website
Rutgers University–Newark,https://www.google.com/search?q=Rutgers+University–Newark+official+website
Syracuse University,https://www.google.com/search?q=Syracuse+University+official+website
The Catholic University of Korea,https://www.google.com/search?q=The+Catholic+University+of+Korea+official+website
Toronto Metropolitan University,https://www.google.com/search?q=Toronto+Metropolitan+University+official+website
TU Dortmund University,https://www.google.com/search?q=TU+Dortmund+University+official+website
Universidad Anáhuac México,https://www.google.com/search?q=Universidad+Anáhuac+México+official+website
Universidad Iberoamericana IBERO,https://www.google.com/search?q=Universidad+Iberoamericana+IBERO+official+website
Universidad San Francisco de Quito (USFQ),https://www.google.com/search?q=Universidad+San+Francisco+de+Quito+USFQ+official+website
Università degli Studi di Perugia,https://www.google.com/search?q=Università+degli+Studi+di+Perugia+official+website
Universitas Brawijaya,https://www.google.com/search?q=Universitas+Brawijaya+official+website
Universität Duisburg-Essen,https://www.google.com/search?q=Universität+Duisburg-Essen+official+website
Universität Rostock,https://www.google.com/search?q=Universität+Rostock+official+website
Université de Lorraine,https://www.google.com/search?q=Université+de+Lorraine+official+website
Universiti Tunku Abdul Rahman (UTAR),https://www.google.com/search?q=Universiti+Tunku+Abdul+Rahman+UTAR+official+website
University of Alaska Fairbanks,https://www.google.com/search?q=University+of+Alaska+Fairbanks+official+website
University of Alicante,https://www.google.com/search?q=University+of+Alicante+official+website
University of Baghdad,https://www.google.com/search?q=University+of+Baghdad+official+website
University of Bari,https://www.google.com/search?q=University+of+Bari+official+website
University of Brighton,https://www.google.com/search?q=University+of+Brighton+official+website
University of Bucharest,https://www.google.com/search?q=University+of+Bucharest+official+website
University of Hyderabad,https://www.google.com/search?q=University+of+Hyderabad+official+website
University of Oregon,https://www.google.com/search?q=University+of+Oregon+official+website
University of Petroleum and Energy Studies (UPES),https://www.google.com/search?q=University+of+Petroleum+and+Energy+Studies+UPES+official+website
University of Salerno,https://www.google.com/search?q=University+of+Salerno+official+website
University of Stavanger,https://www.google.com/search?q=University+of+Stavanger+official+website
University of Ulsan,https://www.google.com/search?q=University+of+Ulsan+official+website
Northwest Agriculture and Forestry University,https://www.google.com/search?q=Northwest+Agriculture+and+Forestry+University+official+website
AGH University of Science and Technology,https://www.agh.edu.pl
Al-Quds University,https://www.google.com/search?q=Al-Quds+University+official+website
Applied Science Private University - Jordan,https://www.google.com/search?q=Applied+Science+Private+University+-+Jordan+official+website
Charles Sturt University,https://www.google.com/search?q=Charles+Sturt+University+official+website
Chonnam National University,https://www.google.com/search?q=Chonnam+National+University+official+website
Chungnam National University,https://www.google.com/search?q=Chungnam+National+University+official+website
Clarkson University,https://www.google.com/search?q=Clarkson+University+official+website
CY Cergy Paris University,https://www.google.com/search?q=CY+Cergy+Paris+University+official+website
Beijing University of Technology,https://www.google.com/search?q=Beijing+University+of+Technology+official+website
Georgia State University,https://www.google.com/search?q=Georgia+State+University+official+website
Gulf University for Science and Technology,https://www.google.com/search?q=Gulf+University+for+Science+and+Technology+official+website
Jamia Millia Islamia,https://www.google.com/search?q=Jamia+Millia+Islamia+official+website
Kansas State University,https://www.google.com/search?q=Kansas+State+University+official+website
Karaganda State Technical University,https://www.google.com/search?q=Karaganda+State+Technical+University+official+website
Kyrgyz Russian Slavic University,https://www.google.com/search?q=Kyrgyz+Russian+Slavic+University+official+website
Mendel University in Brno,https://www.google.com/search?q=Mendel+University+in+Brno+official+website
Nagasaki University,https://www.google.com/search?q=Nagasaki+University+official+website
Beijing Jiaotong University,https://www.google.com/search?q=Beijing+Jiaotong+University+official+website
North-West University,https://www.google.com/search?q=North-West+University+official+website
Okayama University,https://www.google.com/search?q=Okayama+University+official+website
Oklahoma State University,https://www.google.com/search?q=Oklahoma+State+University+official+website
Pavol Jozef Šafárik University in Košice,https://www.google.com/search?q=Pavol+Jozef+Šafárik+University+in+Košice+official+website
Poznan University of Life Sciences,https://www.google.com/search?q=Poznan+University+of+Life+Sciences+official+website
Shahid Beheshti University (SBU),https://www.google.com/search?q=Shahid+Beheshti+University+SBU+official+website
Swarthmore College,https://www.google.com/search?q=Swarthmore+College+official+website
Technological University Dublin,https://www.google.com/search?q=Technological+University+Dublin+official+website
Thapar Institute of Engineering & Technology,https://www.google.com/search?q=Thapar+Institute+of+Engineering+&+Technology+official+website
Tokyo University of Agriculture and Technology,https://www.google.com/search?q=Tokyo+University+of+Agriculture+and+Technology+official+website
Universidad de Valladolid,https://www.google.com/search?q=Universidad+de+Valladolid+official+website
Universidad ORT Uruguay,https://www.google.com/search?q=Universidad+ORT+Uruguay+official+website
Universita' degli Studi di Ferrara,https://www.google.com/search?q=Universita'+degli+Studi+di+Ferrara+official+website
Université de Nantes,https://www.google.com/search?q=Université+de+Nantes+official+website
Université de Sherbrooke,https://www.google.com/search?q=Université+de+Sherbrooke+official+website
Université du Québec,https://www.google.com/search?q=Université+du+Québec+official+website
University at Albany SUNY,https://www.google.com/search?q=University+at+Albany+SUNY+official+website
University Duesseldorf,https://www.google.com/search?q=University+Duesseldorf+official+website
University of Dubai,https://www.google.com/search?q=University+of+Dubai+official+website
UNIVERSITY OF GDANSK,https://www.google.com/search?q=UNIVERSITY+OF+GDANSK+official+website
University of Ghana,https://www.google.com/search?q=University+of+Ghana+official+website
University of Hertfordshire,https://www.google.com/search?q=University+of+Hertfordshire+official+website
University of Lincoln,https://www.google.com/search?q=University+of+Lincoln+official+website
University of Mississippi,https://www.google.com/search?q=University+of+Mississippi+official+website
University of Palermo,https://www.google.com/search?q=University+of+Palermo+official+website
University of Santo Tomas,https://www.google.com/search?q=University+of+Santo+Tomas+official+website
University of South Africa,https://www.google.com/search?q=University+of+South+Africa+official+website
University of Wroclaw,https://www.google.com/search?q=University+of+Wroclaw+official+website
"Vietnam National University, Hanoi","https://www.google.com/search?q=Vietnam+National+University,+Hanoi+official+website"
Vilnius Gediminas Technical University,https://www.google.com/search?q=Vilnius+Gediminas+Technical+University+official+website
Virginia Commonwealth University,https://www.google.com/search?q=Virginia+Commonwealth+University+official+website
Yildiz Technical University,https://www.google.com/search?q=Yildiz+Technical+University+official+website
Australian Catholic University,https://www.google.com/search?q=Australian+Catholic+University+official+website
China University of Geosciences,https://www.google.com/search?q=China+University+of+Geosciences+official+website
Harbin Engineering University,https://www.google.com/search?q=Harbin+Engineering+University+official+website
Catania University,https://www.google.com/search?q=Catania+University+official+website
Future University in Egypt,https://www.google.com/search?q=Future+University+in+Egypt+official+website
Gazi Üniversitesi,https://www.google.com/search?q=Gazi+Üniversitesi+official+website
Georgian Technical University,https://www.google.com/search?q=Georgian+Technical+University+official+website
German Jordanian University,https://www.google.com/search?q=German+Jordanian+University+official+website
Imam Mohammad Ibn Saud Islamic University – IMSIU,https://www.google.com/search?q=Imam+Mohammad+Ibn+Saud+Islamic+University+–+IMSIU+official+website
Kanazawa University,https://www.google.com/search?q=Kanazawa+University+official+website
Karaganda Buketov University,https://www.google.com/search?q=Karaganda+Buketov+University+official+website
Kyrgyz-Turkish Manas University,https://www.google.com/search?q=Kyrgyz-Turkish+Manas+University+official+website
Louisiana State University,https://www.google.com/search?q=Louisiana+State+University+official+website
Makerere University,https://www.google.com/search?q=Makerere+University+official+website
"Manipal Academy of Higher Education, Manipal, Karnataka, India","https://www.google.com/search?q=Manipal+Academy+of+Higher+Education,+Manipal,+Karnataka,+India+official+website"
Michigan Technological University,https://www.google.com/search?q=Michigan+Technological+University+official+website
National Research Saratov State University,https://www.google.com/search?q=National+Research+Saratov+State+University+official+website
Nicolaus Copernicus University,https://www.google.com/search?q=Nicolaus+Copernicus+University+official+website
North South University,https://www.google.com/search?q=North+South+University+official+website
Osaka Metropolitan University,https://www.google.com/search?q=Osaka+Metropolitan+University+official+website
Princess Sumaya University for Technology,https://www.google.com/search?q=Princess+Sumaya+University+for+Technology+official+website
Ritsumeikan Asia Pacific University,https://www.google.com/search?q=Ritsumeikan+Asia+Pacific+University+official+website
Robert Gordon University,https://www.google.com/search?q=Robert+Gordon+University+official+website
South Ural State University (National Research University),https://www.google.com/search?q=South+Ural+State+University+National+Research+University+official+website
Universidad Católica del Uruguay (UCU),https://www.google.com/search?q=Universidad+Católica+del+Uruguay+UCU+official+website
"Universidad Central ""Marta Abreu"" de Las Villas","https://www.google.com/search?q=Universidad+Central+""Marta+Abreu""+de+Las+Villas+official+website"
Universidad EAFIT,https://www.google.com/search?q=Universidad+EAFIT+official+website
Universidad Externado de Colombia,https://www.google.com/search?q=Universidad+Externado+de+Colombia+official+website
Universidad Nacional de Córdoba - UNC,https://www.google.com/search?q=Universidad+Nacional+de+Córdoba+-+UNC+official+website
Universidad Nacional Mayor de San Marcos,https://www.google.com/search?q=Universidad+Nacional+Mayor+de+San+Marcos+official+website
Universidad Pontificia Bolivariana,https://www.google.com/search?q=Universidad+Pontificia+Bolivariana+official+website
Universidade Católica Portuguesa - UCP,https://www.google.com/search?q=Universidade+Católica+Portuguesa+-+UCP+official+website
Universidade de Vigo,https://www.google.com/search?q=Universidade+de+Vigo+official+website
Università degli Studi della Tuscia (University of Tuscia),https://www.google.com/search?q=Università+degli+Studi+della+Tuscia+University+of+Tuscia+official+website
Università degli studi Roma Tre,https://www.google.com/search?q=Università+degli+studi+Roma+Tre+official+website
"University of Alabama, Birmingham","https://www.google.com/search?q=University+of+Alabama,+Birmingham+official+website"
University of Calabria,https://www.google.com/search?q=University+of+Calabria+official+website
University of East London,https://www.google.com/search?q=University+of+East+London+official+website
University of Hail,https://www.google.com/search?q=University+of+Hail+official+website
University of Lodz,https://www.google.com/search?q=University+of+Lodz+official+website
University of Maribor,https://www.google.com/search?q=University+of+Maribor+official+website
University of Murcia,https://www.google.com/search?q=University+of+Murcia+official+website
University of Nairobi,https://www.google.com/search?q=University+of+Nairobi+official+website
University of Peshawar,https://www.google.com/search?q=University+of+Peshawar+official+website
University of Salford,https://www.google.com/search?q=University+of+Salford+official+website
University Paris 2 Panthéon-Assas,https://www.google.com/search?q=University+Paris+2+Panthéon-Assas+official+website
Viet Nam National University Ho Chi Minh City (VNU-HCM),https://www.google.com/search?q=Viet+Nam+National+University+Ho+Chi+Minh+City+VNU-HCM+official+website
Worcester Polytechnic Institute,https://www.google.com/search?q=Worcester+Polytechnic+Institute+official+website
Wroclaw University of Science and Technology (WRUST),https://www.google.com/search?q=Wroclaw+University+of+Science+and+Technology+WRUST+official+website
Yerevan State University,https://www.google.com/search?q=Yerevan+State+University+official+website
Yokohama City University,https://www.google.com/search?q=Yokohama+City+University+official+website
Almaty Technological University,https://www.google.com/search?q=Almaty+Technological+University+official+website
Athens University of Economics and Business,https://www.google.com/search?q=Athens+University+of+Economics+and+Business+official+website
Auburn University,https://www.google.com/search?q=Auburn+University+official+website
Baku State University,https://www.google.com/search?q=Baku+State+University+official+website
Bina Nusantara University (BINUS),https://www.google.com/search?q=Bina+Nusantara+University+BINUS+official+website
Clark University,https://www.google.com/search?q=Clark+University+official+website
Clemson University,https://www.google.com/search?q=Clemson+University+official+website
D. Serikbayev East Kazakhstan state technical university,https://www.google.com/search?q=D.+Serikbayev+East+Kazakhstan+state+technical+university+official+website
Ferdowsi University of Mashhad,https://www.google.com/search?q=Ferdowsi+University+of+Mashhad+official+website
Financial University under the Government of the Russian Federation,https://www.google.com/search?q=Financial+University+under+the+Government+of+the+Russian+Federation+official+website
Hallym University,https://www.google.com/search?q=Hallym+University+official+website
Indian Institute of Technology Bhubaneswar,https://www.google.com/search?q=Indian+Institute+of+Technology+Bhubaneswar+official+website
Instituto Tecnológico de Buenos Aires (ITBA),https://www.google.com/search?q=Instituto+Tecnológico+de+Buenos+Aires+ITBA+official+website
Khon Kaen University,https://www.google.com/search?q=Khon+Kaen+University+official+website
King Mongkut's University of Technology Thonburi,https://www.google.com/search?q=King+Mongkut's+University+of+Technology+Thonburi+official+website
Kumamoto University,https://www.google.com/search?q=Kumamoto+University+official+website
Mansoura University,https://www.google.com/search?q=Mansoura+University+official+website
Niigata University,https://www.google.com/search?q=Niigata+University+official+website
Northern Borders University,https://www.google.com/search?q=Northern+Borders+University+official+website
Pontificia Universidad Católica del Ecuador (PUCE),https://www.google.com/search?q=Pontificia+Universidad+Católica+del+Ecuador+PUCE+official+website
Prince of Songkla University,https://www.google.com/search?q=Prince+of+Songkla+University+official+website
"Queen Margaret University , Edinburgh","https://www.google.com/search?q=Queen+Margaret+University+,+Edinburgh+official+website"
Rhodes University,https://www.google.com/search?q=Rhodes+University+official+website
Riga Stradins University,https://www.google.com/search?q=Riga+Stradins+University+official+website
S.D. Asfendiyarov Kazakh National Medical University,https://www.google.com/search?q=S.D.+Asfendiyarov+Kazakh+National+Medical+University+official+website
Saveetha Institute of Medical and Technical Sciences (deemed to be university),https://www.google.com/search?q=Saveetha+Institute+of+Medical+and+Technical+Sciences+deemed+to+be+university+official+website
Sophia University,https://www.google.com/search?q=Sophia+University+official+website
Southern Federal University,https://www.google.com/search?q=Southern+Federal+University+official+website
St. Louis University,https://www.google.com/search?q=St.+Louis+University+official+website
The University of Alabama,https://www.google.com/search?q=The+University+of+Alabama+official+website
The University of Lahore,https://www.google.com/search?q=The+University+of+Lahore+official+website
Universidad Autónoma Metropolitana (UAM),https://www.google.com/search?q=Universidad+Autónoma+Metropolitana+UAM+official+website
Universidad de Córdoba - España,https://www.google.com/search?q=Universidad+de+Córdoba+-+España+official+website
Universidad de La Sabana,https://www.google.com/search?q=Universidad+de+La+Sabana+official+website
Universidad de León,https://www.google.com/search?q=Universidad+de+León+official+website
Universidad de los Andes - Chile,https://www.google.com/search?q=Universidad+de+los+Andes+-+Chile+official+website
Universidad de San Andrés - UdeSA,https://www.google.com/search?q=Universidad+de+San+Andrés+-+UdeSA+official+website
Universidad Nacional de Rosario (UNR),https://www.google.com/search?q=Universidad+Nacional+de+Rosario+UNR+official+website
Universidad Técnica Federico Santa María (USM),https://www.google.com/search?q=Universidad+Técnica+Federico+Santa+María+USM+official+website
Universidad Torcuato Di Tella,https://www.google.com/search?q=Universidad+Torcuato+Di+Tella+official+website
Université Sorbonne Paris Nord,https://www.google.com/search?q=Université+Sorbonne+Paris+Nord+official+website
Université Toulouse 1 Capitole,https://www.google.com/search?q=Université+Toulouse+1+Capitole+official+website
Universiti Pendidikan Sultan Idris (UPSI),https://www.google.com/search?q=Universiti+Pendidikan+Sultan+Idris+UPSI+official+website
University of Bahrain,https://www.google.com/search?q=University+of+Bahrain+official+website
University of Central Lancashire,https://www.google.com/search?q=University+of+Central+Lancashire+official+website
University of Colombo,https://www.google.com/search?q=University+of+Colombo+official+website
University of Denver,https://www.google.com/search?q=University+of+Denver+official+website
University of Parma,https://www.google.com/search?q=University+of+Parma+official+website
University of Regina,https://www.google.com/search?q=University+of+Regina+official+website
University of South Bohemia,https://www.google.com/search?q=University+of+South+Bohemia+official+website
University of the Western Cape,https://www.google.com/search?q=University+of+the+Western+Cape+official+website
Yarmouk University,https://www.google.com/search?q=Yarmouk+University+official+website
Yeungnam University,https://www.google.com/search?q=Yeungnam+University+official+website
Al-Azhar University,https://www.google.com/search?q=Al-Azhar+University+official+website
Aligarh Muslim University,https://www.google.com/search?q=Aligarh+Muslim+University+official+website
Amity University,https://www.google.com/search?q=Amity+University+official+website
Amrita Vishwa Vidyapeetham,https://www.google.com/search?q=Amrita+Vishwa+Vidyapeetham+official+website
An-Najah National University,https://www.google.com/search?q=An-Najah+National+University+official+website
"Arab Academy for Science, Technology and Maritime Transport","https://www.google.com/search?q=Arab+Academy+for+Science,+Technology+and+Maritime+Transport+official+website"
Assiut University,https://www.google.com/search?q=Assiut+University+official+website
Azerbaijan State Oil and Industry University,https://www.google.com/search?q=Azerbaijan+State+Oil+and+Industry+University+official+website
Azerbaijan State University of Economics,https://www.google.com/search?q=Azerbaijan+State+University+of+Economics+official+website
Banaras Hindu University,https://www.google.com/search?q=Banaras+Hindu+University+official+website
Baylor University,https://www.google.com/search?q=Baylor+University+official+website
Bielefeld University,https://www.google.com/search?q=Bielefeld+University+official+website
Binghamton University SUNY,https://www.google.com/search?q=Binghamton+University+SUNY+official+website
Birmingham City University,https://www.google.com/search?q=Birmingham+City+University+official+website
BRAC University,https://www.google.com/search?q=BRAC+University+official+website
Brigham Young University,https://www.google.com/search?q=Brigham+Young+University+official+website
Canterbury Christ Church University,https://www.google.com/search?q=Canterbury+Christ+Church+University+official+website
Chang Jung Christian University,https://www.google.com/search?q=Chang+Jung+Christian+University+official+website
Chung Yuan Christian University,https://www.google.com/search?q=Chung+Yuan+Christian+University+official+website
Chungbuk National University,https://www.google.com/search?q=Chungbuk+National+University+official+website
College of William and Mary,https://www.google.com/search?q=College+of+William+and+Mary+official+website
Corvinus University of Budapest,https://www.google.com/search?q=Corvinus+University+of+Budapest+official+website
Cracow University of Technology (Politechnika Krakowska),https://www.google.com/search?q=Cracow+University+of+Technology+Politechnika+Krakowska+official+website
Dankook University,https://www.google.com/search?q=Dankook+University+official+website
EGE UNIVERSITY,https://www.google.com/search?q=EGE+UNIVERSITY+official+website
Escuela Superior Politécnica del Litoral (ESPOL),https://www.google.com/search?q=Escuela+Superior+Politécnica+del+Litoral+ESPOL+official+website
Fordham University,https://www.google.com/search?q=Fordham+University+official+website
Gebze Technical University (GTU),https://www.google.com/search?q=Gebze+Technical+University+GTU+official+website
George Mason University,https://www.google.com/search?q=George+Mason+University+official+website
Gifu University,https://www.google.com/search?q=Gifu+University+official+website
Glasgow Caledonian University,https://www.google.com/search?q=Glasgow+Caledonian+University+official+website
Gunma University,https://www.google.com/search?q=Gunma+University+official+website
Guru Gobind Singh Indraprastha University,https://www.google.com/search?q=Guru+Gobind+Singh+Indraprastha+University+official+website
Jilin University,https://www.google.com/search?q=Jilin+University+official+website
Nanjing Normal University,https://www.google.com/search?q=Nanjing+Normal+University+official+website
Howard University,https://www.google.com/search?q=Howard+University+official+website
Hungarian University of Agriculture and Life Sciences,https://www.google.com/search?q=Hungarian+University+of+Agriculture+and+Life+Sciences+official+website
Indiana University–Purdue University Indianapolis,https://www.google.com/search?q=Indiana+University–Purdue+University+Indianapolis+official+website
International Christian University,https://www.google.com/search?q=International+Christian+University+official+website
International Islamic University Islamabad (IIU),https://www.google.com/search?q=International+Islamic+University+Islamabad+IIU+official+website
Islamic University of Madinah,https://www.google.com/search?q=Islamic+University+of+Madinah+official+website
"ITESO, Universidad Jesuita de Guadalajara","https://www.google.com/search?q=ITESO,+Universidad+Jesuita+de+Guadalajara+official+website"
Jiangnan University,https://www.google.com/search?q=Jiangnan+University+official+website
Kagoshima University,https://www.google.com/search?q=Kagoshima+University+official+website
Kangwon National University,https://www.google.com/search?q=Kangwon+National+University+official+website
Kazakh-British Technical University,https://www.google.com/search?q=Kazakh-British+Technical+University+official+website
Kent State University,https://www.google.com/search?q=Kent+State+University+official+website
Kyushu Institute of Technology,https://www.google.com/search?q=Kyushu+Institute+of+Technology+official+website
Leeds Beckett University,https://www.google.com/search?q=Leeds+Beckett+University+official+website
Lobachevsky University,https://www.google.com/search?q=Lobachevsky+University+official+website
Lodz University of Technology,https://www.google.com/search?q=Lodz+University+of+Technology+official+website
London Metropolitan University,https://www.google.com/search?q=London+Metropolitan+University+official+website
Loyola University Chicago,https://www.google.com/search?q=Loyola+University+Chicago+official+website
Lviv Polytechnic National University,https://www.google.com/search?q=Lviv+Polytechnic+National+University+official+website
Marmara University,https://www.google.com/search?q=Marmara+University+official+website
Mississippi State University,https://www.google.com/search?q=Mississippi+State+University+official+website
Multimedia University (MMU),https://www.google.com/search?q=Multimedia+University+MMU+official+website
Mustansiriyah University,https://www.google.com/search?q=Mustansiriyah+University+official+website
Mutah University,https://www.google.com/search?q=Mutah+University+official+website
Mykolas Romeris University,https://www.google.com/search?q=Mykolas+Romeris+University+official+website
Southwest University,https://www.google.com/search?q=Southwest+University+official+website
Narxoz University,https://www.google.com/search?q=Narxoz+University+official+website
National Chung Cheng University,https://www.google.com/search?q=National+Chung+Cheng+University+official+website
"National Technical University ""Kharkiv Polytechnic Institute""","https://www.google.com/search?q=National+Technical+University+""Kharkiv+Polytechnic+Institute""+official+website"
National University of Kyiv-Mohyla Academy (NaUKMA),https://www.google.com/search?q=National+University+of+Kyiv-Mohyla+Academy+NaUKMA+official+website
NJSC KIMEP University,https://www.google.com/search?q=NJSC+KIMEP+University+official+website
Northern Arizona University,https://www.google.com/search?q=Northern+Arizona+University+official+website
Northwest University (China),https://www.google.com/search?q=Northwest+University+China+official+website
O.P. Jindal Global University,https://www.google.com/search?q=O.P.+Jindal+Global+University+official+website
Ohio University,https://www.google.com/search?q=Ohio+University+official+website
Panjab University,https://www.google.com/search?q=Panjab+University+official+website
Paul Valéry University Montpellier,https://www.google.com/search?q=Paul+Valéry+University+Montpellier+official+website
Pontifícia Universidade Católica de São Paulo,https://www.google.com/search?q=Pontifícia+Universidade+Católica+de+São+Paulo+official+website
Pozna? University of Technology,https://www.google.com/search?q=Pozna?+University+of+Technology+official+website
Rochester Institute of Technology (RIT),https://www.google.com/search?q=Rochester+Institute+of+Technology+RIT+official+website
Russian Presidential Academy of National Economy and Public Administration,https://www.google.com/search?q=Russian+Presidential+Academy+of+National+Economy+and+Public+Administration+official+website
Saint Petersburg Electrotechnical University ETU-LETI,https://www.google.com/search?q=Saint+Petersburg+Electrotechnical+University+ETU-LETI+official+website
Saint-Petersburg Mining University,https://www.google.com/search?q=Saint-Petersburg+Mining+University+official+website
Samara National Research University (Samara University),https://www.google.com/search?q=Samara+National+Research+University+Samara+University+official+website
San Diego State University,https://www.google.com/search?q=San+Diego+State+University+official+website
Sheffield Hallam University,https://www.google.com/search?q=Sheffield+Hallam+University+official+website
Shinshu University,https://www.google.com/search?q=Shinshu+University+official+website
"Siberian Federal University, SibFU","https://www.google.com/search?q=Siberian+Federal+University,+SibFU+official+website"
Silesian University of Technology,https://www.google.com/search?q=Silesian+University+of+Technology+official+website
Slovak University of Agriculture in Nitra,https://www.google.com/search?q=Slovak+University+of+Agriculture+in+Nitra+official+website
Slovak University of Technology in Bratislava,https://www.google.com/search?q=Slovak+University+of+Technology+in+Bratislava+official+website
Sohar University,https://www.google.com/search?q=Sohar+University+official+website
Soonchunhyang University,https://www.google.com/search?q=Soonchunhyang+University+official+website
Southern Methodist University,https://www.google.com/search?q=Southern+Methodist+University+official+website
Hohai University,https://www.google.com/search?q=Hohai+University+official+website
SRM INSTITUTE OF SCIENCE AND TECHNOLOGY,https://www.google.com/search?q=SRM+INSTITUTE+OF+SCIENCE+AND+TECHNOLOGY+official+website
Sumy State University,https://www.google.com/search?q=Sumy+State+University+official+website
Sungshin Women's University,https://www.google.com/search?q=Sungshin+Women's+University+official+website
Széchenyi István University,https://www.google.com/search?q=Széchenyi+István+University+official+website
Taibah University,https://www.google.com/search?q=Taibah+University+official+website
Tallinn University,https://www.google.com/search?q=Tallinn+University+official+website
Technical University of Kosice,https://www.google.com/search?q=Technical+University+of+Kosice+official+website
Tecnológico de Costa Rica -TEC,https://www.google.com/search?q=Tecnológico+de+Costa+Rica+-TEC+official+website
Telkom University,https://www.google.com/search?q=Telkom+University+official+website
The Hashemite University,https://www.google.com/search?q=The+Hashemite+University+official+website
The University of Northampton,https://www.google.com/search?q=The+University+of+Northampton+official+website
The University of Texas at Arlington,https://www.google.com/search?q=The+University+of+Texas+at+Arlington+official+website
Tokushima University,https://www.google.com/search?q=Tokushima+University+official+website
Tokyo Metropolitan University,https://www.google.com/search?q=Tokyo+Metropolitan+University+official+website
Universidad Andrés Bello,https://www.google.com/search?q=Universidad+Andrés+Bello+official+website
Universidad Austral de Chile,https://www.google.com/search?q=Universidad+Austral+de+Chile+official+website
Universidad Autónoma Chapingo,https://www.google.com/search?q=Universidad+Autónoma+Chapingo+official+website
Universidad Autónoma de Nuevo León,https://www.google.com/search?q=Universidad+Autónoma+de+Nuevo+León+official+website
Universidad Autónoma del Estado de México (UAEMex),https://www.google.com/search?q=Universidad+Autónoma+del+Estado+de+México+UAEMex+official+website
Universidad de Castilla-La Mancha,https://www.google.com/search?q=Universidad+de+Castilla-La+Mancha+official+website
Universidad de Guadalajara (UDG),https://www.google.com/search?q=Universidad+de+Guadalajara+UDG+official+website
Universidad de La Frontera (UFRO),https://www.google.com/search?q=Universidad+de+La+Frontera+UFRO+official+website
Universidad de las Américas Puebla (UDLAP),https://www.google.com/search?q=Universidad+de+las+Américas+Puebla+UDLAP+official+website
Universidad de Lima,https://www.google.com/search?q=Universidad+de+Lima+official+website
Universidad de Los Andes - (ULA) Mérida,https://www.google.com/search?q=Universidad+de+Los+Andes+-+ULA+Mérida+official+website
Universidad de Oviedo,https://www.google.com/search?q=Universidad+de+Oviedo+official+website
Universidad de Puerto Rico,https://www.google.com/search?q=Universidad+de+Puerto+Rico+official+website
Universidad de Talca,https://www.google.com/search?q=Universidad+de+Talca+official+website
Universidad del Norte,https://www.google.com/search?q=Universidad+del+Norte+official+website
Universidad del Pacífico,https://www.google.com/search?q=Universidad+del+Pacífico+official+website
Universidad del Valle,https://www.google.com/search?q=Universidad+del+Valle+official+website
Universidad Diego Portales (UDP),https://www.google.com/search?q=Universidad+Diego+Portales+UDP+official+website
Universidad ICESI,https://www.google.com/search?q=Universidad+ICESI+official+website
Universidad Nacional de Cuyo,https://www.google.com/search?q=Universidad+Nacional+de+Cuyo+official+website
Universidad Nacional de la Asunción,https://www.google.com/search?q=Universidad+Nacional+de+la+Asunción+official+website
Universidad Nacional de San Luis,https://www.google.com/search?q=Universidad+Nacional+de+San+Luis+official+website
Universidad Nacional del Centro de la Provincia de Buenos Aires (UNICEN),https://www.google.com/search?q=Universidad+Nacional+del+Centro+de+la+Provincia+de+Buenos+Aires+UNICEN+official+website
Universidad Peruana Cayetano Heredia (UPCH),https://www.google.com/search?q=Universidad+Peruana+Cayetano+Heredia+UPCH+official+website
Universidad Rey Juan Carlos,https://www.google.com/search?q=Universidad+Rey+Juan+Carlos+official+website
Universidad Simón Bolívar (USB),https://www.google.com/search?q=Universidad+Simón+Bolívar+USB+official+website
Universidad Tecnológica de Panamá (UTP),https://www.google.com/search?q=Universidad+Tecnológica+de+Panamá+UTP+official+website
Universidad Tecnológica Nacional (UTN),https://www.google.com/search?q=Universidad+Tecnológica+Nacional+UTN+official+website
Universidade da Coruña,https://www.google.com/search?q=Universidade+da+Coruña+official+website
Universidade Federal de Pernambuco (UFPE),https://www.google.com/search?q=Universidade+Federal+de+Pernambuco+UFPE+official+website
Universidade Federal de São Carlos (UFSCar),https://www.google.com/search?q=Universidade+Federal+de+São+Carlos+UFSCar+official+website
Universidade Federal do Paraná - UFPR,https://www.google.com/search?q=Universidade+Federal+do+Paraná+-+UFPR+official+website
Universidade Federal Fluminense,https://www.google.com/search?q=Universidade+Federal+Fluminense+official+website
"Universita' degli Studi ""G. d'Annunzio"" Chieti Pescara","https://www.google.com/search?q=Universita'+degli+Studi+""G.+d'Annunzio""+Chieti+Pescara+official+website"
Università degli Studi di Udine,https://www.google.com/search?q=Università+degli+Studi+di+Udine+official+website
Università del Salento,https://www.google.com/search?q=Università+del+Salento+official+website
Universitas Hasanuddin,https://www.google.com/search?q=Universitas+Hasanuddin+official+website
Universitas Sebelas Maret,https://www.google.com/search?q=Universitas+Sebelas+Maret+official+website
Universitat de Lleida,https://www.google.com/search?q=Universitat+de+Lleida+official+website
Universität Siegen,https://www.google.com/search?q=Universität+Siegen+official+website
Université de Caen Normandie,https://www.google.com/search?q=Université+de+Caen+Normandie+official+website
Université de Poitiers,https://www.google.com/search?q=Université+de+Poitiers+official+website
Université de Sfax,https://www.google.com/search?q=Université+de+Sfax+official+website
Université de Sousse,https://www.google.com/search?q=Université+de+Sousse+official+website
Université de Toulouse II-Le Mirail,https://www.google.com/search?q=Université+de+Toulouse+II-Le+Mirail+official+website
Université de Tunis,https://www.google.com/search?q=Université+de+Tunis+official+website
Université Lumière Lyon 2,https://www.google.com/search?q=Université+Lumière+Lyon+2+official+website
Université Mohammed V de Rabat,https://www.google.com/search?q=Université+Mohammed+V+de+Rabat+official+website
Université Paris-Nanterre,https://www.google.com/search?q=Université+Paris-Nanterre+official+website
Universiti Malaysia Sabah (UMS),https://www.google.com/search?q=Universiti+Malaysia+Sabah+UMS+official+website
Universiti Malaysia Sarawak (UNIMAS),https://www.google.com/search?q=Universiti+Malaysia+Sarawak+UNIMAS+official+website
Universiti Malaysia Terengganu (UMT),https://www.google.com/search?q=Universiti+Malaysia+Terengganu+UMT+official+website
Universiti Tun Hussein Onn University of Malaysia (UTHM),https://www.google.com/search?q=Universiti+Tun+Hussein+Onn+University+of+Malaysia+UTHM+official+website
University of Arkansas Fayetteville,https://www.google.com/search?q=University+of+Arkansas+Fayetteville+official+website
University of Derby,https://www.google.com/search?q=University+of+Derby+official+website
University of Deusto,https://www.google.com/search?q=University+of+Deusto+official+website
University of Hradec Kralove,https://www.google.com/search?q=University+of+Hradec+Kralove+official+website
University of Ibadan,https://www.google.com/search?q=University+of+Ibadan+official+website
University of Idaho,https://www.google.com/search?q=University+of+Idaho+official+website
University of Ioannina,https://www.google.com/search?q=University+of+Ioannina+official+website
University of Karachi,https://www.google.com/search?q=University+of+Karachi+official+website
University of Khartoum,https://www.google.com/search?q=University+of+Khartoum+official+website
University of Lagos,https://www.google.com/search?q=University+of+Lagos+official+website
University of Louisville,https://www.google.com/search?q=University+of+Louisville+official+website
University of Massachusetts Boston,https://www.google.com/search?q=University+of+Massachusetts+Boston+official+website
"University of Missouri, Kansas City","https://www.google.com/search?q=University+of+Missouri,+Kansas+City+official+website"
University of Naples Parthenope,https://www.google.com/search?q=University+of+Naples+Parthenope+official+website
University of New England Australia,https://www.google.com/search?q=University+of+New+England+Australia+official+website
University of New Hampshire,https://www.google.com/search?q=University+of+New+Hampshire+official+website
University of North Carolina at Charlotte,https://www.google.com/search?q=University+of+North+Carolina+at+Charlotte+official+website
University of North Texas,https://www.google.com/search?q=University+of+North+Texas+official+website
University of Novi Sad,https://www.google.com/search?q=University+of+Novi+Sad+official+website
University of Rhode Island,https://www.google.com/search?q=University+of+Rhode+Island+official+website
University of Sarajevo,https://www.google.com/search?q=University+of+Sarajevo+official+website
University of Seoul,https://www.google.com/search?q=University+of+Seoul+official+website
University of Tabuk,https://www.google.com/search?q=University+of+Tabuk+official+website
University of Texas at San Antonio,https://www.google.com/search?q=University+of+Texas+at+San+Antonio+official+website
University of Texas El Paso,https://www.google.com/search?q=University+of+Texas+El+Paso+official+website
University of the Free State,https://www.google.com/search?q=University+of+the+Free+State+official+website
University of the Sunshine Coast,https://www.google.com/search?q=University+of+the+Sunshine+Coast+official+website
University of Toledo,https://www.google.com/search?q=University+of+Toledo+official+website
University of Tulsa,https://www.google.com/search?q=University+of+Tulsa+official+website
University of Vermont,https://www.google.com/search?q=University+of+Vermont+official+website
University of Warmia and Mazury in Olsztyn,https://www.google.com/search?q=University+of+Warmia+and+Mazury+in+Olsztyn+official+website
University of Wolverhampton,https://www.google.com/search?q=University+of+Wolverhampton+official+website
University of Wyoming,https://www.google.com/search?q=University+of+Wyoming+official+website
University of Žilina,https://www.google.com/search?q=University+of+Žilina+official+website
Utah State University,https://www.google.com/search?q=Utah+State+University+official+website
VSB - Technical University of Ostrava,https://www.google.com/search?q=VSB+-+Technical+University+of+Ostrava+official+website
Warsaw University of Life Sciences – SGGW (WULS-SGGW),https://www.google.com/search?q=Warsaw+University+of+Life+Sciences+–+SGGW+WULS-SGGW+official+website
West Virginia University,https://www.google.com/search?q=West+Virginia+University+official+website
Xi'an Jiaotong Liverpool University,https://www.google.com/search?q=Xi'an+Jiaotong+Liverpool+University+official+website
Yokohama National University,https://www.google.com/search?q=Yokohama+National+University+official+website
Al-Balqa Applied University,https://www.google.com/search?q=Al-Balqa+Applied+University+official+website
Alexandru Ioan Cuza University,https://www.google.com/search?q=Alexandru+Ioan+Cuza+University+official+website
Anadolu University,https://www.google.com/search?q=Anadolu+University+official+website
Aoyama Gakuin University,https://www.google.com/search?q=Aoyama+Gakuin+University+official+website
Ataturk University,https://www.google.com/search?q=Ataturk+University+official+website
Atma Jaya Catholic University Jakarta,https://www.google.com/search?q=Atma+Jaya+Catholic+University+Jakarta+official+website
Bahauddin Zakariya University,https://www.google.com/search?q=Bahauddin+Zakariya+University+official+website
Beijing Foreign Studies University,https://www.google.com/search?q=Beijing+Foreign+Studies+University+official+website
Beijing University of Chinese Medicine,https://www.google.com/search?q=Beijing+University+of+Chinese+Medicine+official+website
Belarusian State University of Informatics and Radioelectronics,https://www.google.com/search?q=Belarusian+State+University+of+Informatics+and+Radioelectronics+official+website
Benemérita Universidad Autónoma de Puebla,https://www.google.com/search?q=Benemérita+Universidad+Autónoma+de+Puebla+official+website
Birzeit university,https://www.google.com/search?q=Birzeit+university+official+website
British University in Egypt,https://www.google.com/search?q=British+University+in+Egypt+official+website
Brock University,https://www.google.com/search?q=Brock+University+official+website
Central Michigan University,https://www.google.com/search?q=Central+Michigan+University+official+website
Chaoyang University of Technology,https://www.google.com/search?q=Chaoyang+University+of+Technology+official+website
China University of Political Science and Law,https://www.google.com/search?q=China+University+of+Political+Science+and+Law+official+website
Chitkara University,https://www.google.com/search?q=Chitkara+University+official+website
Chittagong University of Engineering and Technology,https://www.google.com/search?q=Chittagong+University+of+Engineering+and+Technology+official+website
Cleveland State University,https://www.google.com/search?q=Cleveland+State+University+official+website
Cukurova University,https://www.google.com/search?q=Cukurova+University+official+website
CUNY The City College of New York,https://www.google.com/search?q=CUNY+The+City+College+of+New+York+official+website
Daffodil International University,https://www.google.com/search?q=Daffodil+International+University+official+website
Damascus University,https://www.google.com/search?q=Damascus+University+official+website
Dokuz Eylül Üniversitesi,https://www.google.com/search?q=Dokuz+Eylül+Üniversitesi+official+website
Doshisha University,https://www.google.com/search?q=Doshisha+University+official+website
Erciyes Üniversitesi,https://www.google.com/search?q=Erciyes+Üniversitesi+official+website
Escuela Politécnica Nacional,https://www.google.com/search?q=Escuela+Politécnica+Nacional+official+website
Feng Chia University,https://www.google.com/search?q=Feng+Chia+University+official+website
Florida Atlantic University - Boca Raton,https://www.google.com/search?q=Florida+Atlantic+University+-+Boca+Raton+official+website
Fu Jen Catholic University,https://www.google.com/search?q=Fu+Jen+Catholic+University+official+website
Fundación CEU San Pablo,https://www.google.com/search?q=Fundación+CEU+San+Pablo+official+website
German University in Cairo,https://www.google.com/search?q=German+University+in+Cairo+official+website
Hanoi University of Science and Technology,https://www.google.com/search?q=Hanoi+University+of+Science+and+Technology+official+website
Harper Adams University,https://www.google.com/search?q=Harper+Adams+University+official+website
Helwan University,https://www.google.com/search?q=Helwan+University+official+website
Hongik University,https://www.google.com/search?q=Hongik+University+official+website
Hue University,https://www.google.com/search?q=Hue+University+official+website
Instituto Tecnológico de Santo Domingo (INTEC),https://www.google.com/search?q=Instituto+Tecnológico+de+Santo+Domingo+INTEC+official+website
Istanbul Aydin University,https://www.google.com/search?q=Istanbul+Aydin+University+official+website
Istanbul Bilgi Üniversitesi,https://www.google.com/search?q=Istanbul+Bilgi+Üniversitesi+official+website
Ivan Franko National University of Lviv,https://www.google.com/search?q=Ivan+Franko+National+University+of+Lviv+official+website
Izmir Institute of Technology (IZTECH),https://www.google.com/search?q=Izmir+Institute+of+Technology+IZTECH+official+website
Jahangirnagar University,https://www.google.com/search?q=Jahangirnagar+University+official+website
Jamia Hamdard,https://www.google.com/search?q=Jamia+Hamdard+official+website
Jeju National University,https://www.google.com/search?q=Jeju+National+University+official+website
Kazakh Ablai Khan University of International Relations and World Languages,https://www.google.com/search?q=Kazakh+Ablai+Khan+University+of+International+Relations+and+World+Languages+official+website
Kazan National Research Technological University,https://www.google.com/search?q=Kazan+National+Research+Technological+University+official+website
Kenyatta University,https://www.google.com/search?q=Kenyatta+University+official+website
Kharkiv National University of Radio Electronics,https://www.google.com/search?q=Kharkiv+National+University+of+Radio+Electronics+official+website
Khulna University,https://www.google.com/search?q=Khulna+University+official+website
Khulna University of Engineering and Technology,https://www.google.com/search?q=Khulna+University+of+Engineering+and+Technology+official+website
Kindai University (Kinki University),https://www.google.com/search?q=Kindai+University+Kinki+University+official+website
King Mongkut\'s Institute of Technology Ladkrabang,https://www.google.com/search?q=King+Mongkut\'s+Institute+of+Technology+Ladkrabang+official+website
King Mongkut's University of Technology North Bangkok,https://www.google.com/search?q=King+Mongkut's+University+of+Technology+North+Bangkok+official+website
Kookmin University,https://www.google.com/search?q=Kookmin+University+official+website
Kwame Nkrumah University of Science and Technology,https://www.google.com/search?q=Kwame+Nkrumah+University+of+Science+and+Technology+official+website
Kyoto Institute of Technology,https://www.google.com/search?q=Kyoto+Institute+of+Technology+official+website
Kyrgyz State Technical University,https://www.google.com/search?q=Kyrgyz+State+Technical+University+official+website
Marquette University,https://www.google.com/search?q=Marquette+University+official+website
Meiji University,https://www.google.com/search?q=Meiji+University+official+website
Mendeleev University of Chemical Technology,https://www.google.com/search?q=Mendeleev+University+of+Chemical+Technology+official+website
Miami University,https://www.google.com/search?q=Miami+University+official+website
Moscow Pedagogical State University,https://www.google.com/search?q=Moscow+Pedagogical+State+University+official+website
Nagoya Institute of Technology (NIT),https://www.google.com/search?q=Nagoya+Institute+of+Technology+NIT+official+website
National Dong Hwa University,https://www.google.com/search?q=National+Dong+Hwa+University+official+website
National Research University Moscow Power Engineering Institute (MPEI),https://www.google.com/search?q=National+Research+University+Moscow+Power+Engineering+Institute+MPEI+official+website
National Taipei University,https://www.google.com/search?q=National+Taipei+University+official+website
National Taiwan Ocean University,https://www.google.com/search?q=National+Taiwan+Ocean+University+official+website
Novosibirsk State Technical University,https://www.google.com/search?q=Novosibirsk+State+Technical+University+official+website
Óbuda University,https://www.google.com/search?q=Óbuda+University+official+website
Odessa I.I. Mechnikov National University,https://www.google.com/search?q=Odessa+I.I.+Mechnikov+National+University+official+website
OSMANIA UNIVERSITY,https://www.google.com/search?q=OSMANIA+UNIVERSITY+official+website
Perm State National Research University,https://www.google.com/search?q=Perm+State+National+Research+University+official+website
Pondicherry University,https://www.google.com/search?q=Pondicherry+University+official+website
Pontificia Universidad Catolica Madre y Maestra,https://www.google.com/search?q=Pontificia+Universidad+Catolica+Madre+y+Maestra+official+website
Pontifícia Universidade Católica do Rio Grande do Sul (PUCRS),https://www.google.com/search?q=Pontifícia+Universidade+Católica+do+Rio+Grande+do+Sul+PUCRS+official+website
Portland State University,https://www.google.com/search?q=Portland+State+University+official+website
Pukyong National University,https://www.google.com/search?q=Pukyong+National+University+official+website
Rajshahi University,https://www.google.com/search?q=Rajshahi+University+official+website
Rikkyo University,https://www.google.com/search?q=Rikkyo+University+official+website
Saitama University,https://www.google.com/search?q=Saitama+University+official+website
Saken Seifullin Kazakh Agrotechnical University,https://www.google.com/search?q=Saken+Seifullin+Kazakh+Agrotechnical+University+official+website
San Francisco State University,https://www.google.com/search?q=San+Francisco+State+University+official+website
Sathyabama Institute of Science and Technology (deemed to be university),https://www.google.com/search?q=Sathyabama+Institute+of+Science+and+Technology+deemed+to+be+university+official+website
Seattle University,https://www.google.com/search?q=Seattle+University+official+website
Seoul National University of Science and Technology,https://www.google.com/search?q=Seoul+National+University+of+Science+and+Technology+official+website
Shahjalal University of Science and Technology,https://www.google.com/search?q=Shahjalal+University+of+Science+and+Technology+official+website
Shanghai International Studies University,https://www.google.com/search?q=Shanghai+International+Studies+University+official+website
Shanghai University of Finance and Economics,https://www.google.com/search?q=Shanghai+University+of+Finance+and+Economics+official+website
Siksha 'O' Anusandhan (Deemed to be University),https://www.google.com/search?q=Siksha+'O'+Anusandhan+Deemed+to+be+University+official+website
Sookmyung Women's University,https://www.google.com/search?q=Sookmyung+Women's+University+official+website
Suez Canal University,https://www.google.com/search?q=Suez+Canal+University+official+website
Suleyman Demirel University,https://www.google.com/search?q=Suleyman+Demirel+University+official+website
"Suleyman Demirel University, Kazakhstan","https://www.google.com/search?q=Suleyman+Demirel+University,+Kazakhstan+official+website"
Suranaree University of Technology,https://www.google.com/search?q=Suranaree+University+of+Technology+official+website
Tamkang University,https://www.google.com/search?q=Tamkang+University+official+website
Tanta University,https://www.google.com/search?q=Tanta+University+official+website
Technical University of Cluj-Napoca,https://www.google.com/search?q=Technical+University+of+Cluj-Napoca+official+website
Technical University of Liberec,https://www.google.com/search?q=Technical+University+of+Liberec+official+website
Technical University of Lublin,https://www.google.com/search?q=Technical+University+of+Lublin+official+website
Technische Universität Kaiserslautern,https://www.google.com/search?q=Technische+Universität+Kaiserslautern+official+website
"The ""Gheorghe Asachi"" Technical University of Iasi","https://www.google.com/search?q=The+""Gheorghe+Asachi""+Technical+University+of+Iasi+official+website"
The Herzen State Pedagogical University of Russia,https://www.google.com/search?q=The+Herzen+State+Pedagogical+University+of+Russia+official+website
The Josip Juraj Strossmayer University of Osijek,https://www.google.com/search?q=The+Josip+Juraj+Strossmayer+University+of+Osijek+official+website
"The National Research University ""Belgorod State University""","https://www.google.com/search?q=The+National+Research+University+""Belgorod+State+University""+official+website"
Tokai University,https://www.google.com/search?q=Tokai+University+official+website
Tomas Bata University in Zlin,https://www.google.com/search?q=Tomas+Bata+University+in+Zlin+official+website
Toraighyrov University,https://www.google.com/search?q=Toraighyrov+University+official+website
Transilvania University of Brasov,https://www.google.com/search?q=Transilvania+University+of+Brasov+official+website
Tunghai University,https://www.google.com/search?q=Tunghai+University+official+website
Universidad Autónoma de Guadalajara (UAG),https://www.google.com/search?q=Universidad+Autónoma+de+Guadalajara+UAG+official+website
Universidad Autónoma del Estado de Hidalgo (UAEH),https://www.google.com/search?q=Universidad+Autónoma+del+Estado+de+Hidalgo+UAEH+official+website
Universidad Católica del Norte,https://www.google.com/search?q=Universidad+Católica+del+Norte+official+website
Universidad Central del Ecuador,https://www.google.com/search?q=Universidad+Central+del+Ecuador+official+website
Universidad de Las Américas (UDLA) Ecuador,https://www.google.com/search?q=Universidad+de+Las+Américas+UDLA+Ecuador+official+website
Universidad de Monterrey (UDEM),https://www.google.com/search?q=Universidad+de+Monterrey+UDEM+official+website
Universidad de Oriente Santiago de Cuba,https://www.google.com/search?q=Universidad+de+Oriente+Santiago+de+Cuba+official+website
Universidad de Panama,https://www.google.com/search?q=Universidad+de+Panama+official+website
Universidad de Piura,https://www.google.com/search?q=Universidad+de+Piura+official+website
Universidad de San Carlos de Guatemala - USAC,https://www.google.com/search?q=Universidad+de+San+Carlos+de+Guatemala+-+USAC+official+website
Universidad de Tarapaca,https://www.google.com/search?q=Universidad+de+Tarapaca+official+website
Universidad de Valparaíso (UV),https://www.google.com/search?q=Universidad+de+Valparaíso+UV+official+website
Universidad del Bío-Bío,https://www.google.com/search?q=Universidad+del+Bío-Bío+official+website
Universidad del Desarrollo (UDD),https://www.google.com/search?q=Universidad+del+Desarrollo+UDD+official+website
Universidad del Salvador,https://www.google.com/search?q=Universidad+del+Salvador+official+website
Universidad del Zulia,https://www.google.com/search?q=Universidad+del+Zulia+official+website
Universidad Industrial de Santander - UIS,https://www.google.com/search?q=Universidad+Industrial+de+Santander+-+UIS+official+website
Universidad La Salle (ULSA),https://www.google.com/search?q=Universidad+La+Salle+ULSA+official+website
Universidad Latinoamericana de Ciencia y Tecnología Costa Rica (ULACIT),https://www.google.com/search?q=Universidad+Latinoamericana+de+Ciencia+y+Tecnología+Costa+Rica+ULACIT+official+website
Universidad Mayor de San Andrés (UMSA),https://www.google.com/search?q=Universidad+Mayor+de+San+Andrés+UMSA+official+website
Universidad Metropolitana,https://www.google.com/search?q=Universidad+Metropolitana+official+website
Universidad Nacional Agraria la Molina,https://www.google.com/search?q=Universidad+Nacional+Agraria+la+Molina+official+website
Universidad Nacional Autónoma de Honduras (UNAH),https://www.google.com/search?q=Universidad+Nacional+Autónoma+de+Honduras+UNAH+official+website
Universidad Nacional de Ingeniería Peru,https://www.google.com/search?q=Universidad+Nacional+de+Ingeniería+Peru+official+website
Universidad Nacional de Mar del Plata,https://www.google.com/search?q=Universidad+Nacional+de+Mar+del+Plata+official+website
Universidad Nacional de Río Cuarto - UNRC,https://www.google.com/search?q=Universidad+Nacional+de+Río+Cuarto+-+UNRC+official+website
Universidad Nacional de San Martín (UNSAM),https://www.google.com/search?q=Universidad+Nacional+de+San+Martín+UNSAM+official+website
Universidad Nacional del Litoral,https://www.google.com/search?q=Universidad+Nacional+del+Litoral+official+website
Universidad Nacional del Sur,https://www.google.com/search?q=Universidad+Nacional+del+Sur+official+website
"Universidad Nacional, Costa Rica","https://www.google.com/search?q=Universidad+Nacional,+Costa+Rica+official+website"
Universidad Peruana de Ciencias Aplicadas,https://www.google.com/search?q=Universidad+Peruana+de+Ciencias+Aplicadas+official+website
Universidade do Estado do Rio de Janeiro (UERJ),https://www.google.com/search?q=Universidade+do+Estado+do+Rio+de+Janeiro+UERJ+official+website
Universidade Federal da Bahia,https://www.google.com/search?q=Universidade+Federal+da+Bahia+official+website
Universidade Federal de Juiz de Fora- (UFJF),https://www.google.com/search?q=Universidade+Federal+de+Juiz+de+Fora-+UFJF+official+website
Universidade Federal de Pelotas,https://www.google.com/search?q=Universidade+Federal+de+Pelotas+official+website
Universidade Federal de Santa Maria,https://www.google.com/search?q=Universidade+Federal+de+Santa+Maria+official+website
Universidade Federal de Viçosa (UFV),https://www.google.com/search?q=Universidade+Federal+de+Viçosa+UFV+official+website
Universidade Federal do Ceará (UFC),https://www.google.com/search?q=Universidade+Federal+do+Ceará+UFC+official+website
Universidade Federal do Rio Grande Do Norte,https://www.google.com/search?q=Universidade+Federal+do+Rio+Grande+Do+Norte+official+website
Universidade Presbiteriana Mackenzie,https://www.google.com/search?q=Universidade+Presbiteriana+Mackenzie+official+website
Università degli studi di Bergamo,https://www.google.com/search?q=Università+degli+studi+di+Bergamo+official+website
Universitas Islam Indonesia,https://www.google.com/search?q=Universitas+Islam+Indonesia+official+website
Universitas Muhammadiyah Yogyakarta,https://www.google.com/search?q=Universitas+Muhammadiyah+Yogyakarta+official+website
Universitas Pendidikan Indonesia,https://www.google.com/search?q=Universitas+Pendidikan+Indonesia+official+website
Universitas Sumatera Utara,https://www.google.com/search?q=Universitas+Sumatera+Utara+official+website
Universitatea de Vest din Timisoara / West University of Timisoara,https://www.google.com/search?q=Universitatea+de+Vest+din+Timisoara+/+West+University+of+Timisoara+official+website
Université de Limoges,https://www.google.com/search?q=Université+de+Limoges+official+website
Université Jean Moulin Lyon 3,https://www.google.com/search?q=Université+Jean+Moulin+Lyon+3+official+website
Universiti Kuala Lumpur (UniKL),https://www.google.com/search?q=Universiti+Kuala+Lumpur+UniKL+official+website
Universiti Malaysia Perlis,https://www.google.com/search?q=Universiti+Malaysia+Perlis+official+website
Universiti Teknikal Malaysia Melaka,https://www.google.com/search?q=Universiti+Teknikal+Malaysia+Melaka+official+website
University of Babylon,https://www.google.com/search?q=University+of+Babylon+official+website
University of Basrah,https://www.google.com/search?q=University+of+Basrah+official+website
University of Bialystok,https://www.google.com/search?q=University+of+Bialystok+official+website
University of International Business and Economics,https://www.google.com/search?q=University+of+International+Business+and+Economics+official+website
University of Kragujevac,https://www.google.com/search?q=University+of+Kragujevac+official+website
University of Kufa,https://www.google.com/search?q=University+of+Kufa+official+website
University of Memphis,https://www.google.com/search?q=University+of+Memphis+official+website
University of Miskolc,https://www.google.com/search?q=University+of+Miskolc+official+website
University of Missouri Saint Louis,https://www.google.com/search?q=University+of+Missouri+Saint+Louis+official+website
University of Niš,https://www.google.com/search?q=University+of+Niš+official+website
University of North Carolina at Greensboro,https://www.google.com/search?q=University+of+North+Carolina+at+Greensboro+official+website
University of Ostrava,https://www.google.com/search?q=University+of+Ostrava+official+website
University of Pannonia,https://www.google.com/search?q=University+of+Pannonia+official+website
University of Pardubice,https://www.google.com/search?q=University+of+Pardubice+official+website
University of Peradeniya,https://www.google.com/search?q=University+of+Peradeniya+official+website
University of Primorska,https://www.google.com/search?q=University+of+Primorska+official+website
University of Rijeka,https://www.google.com/search?q=University+of+Rijeka+official+website
University of Rzeszów,https://www.google.com/search?q=University+of+Rzeszów+official+website
University of San Diego,https://www.google.com/search?q=University+of+San+Diego+official+website
University of San Francisco,https://www.google.com/search?q=University+of+San+Francisco+official+website
University of Silesia in Katowice,https://www.google.com/search?q=University+of+Silesia+in+Katowice+official+website
University of South Alabama (USA),https://www.google.com/search?q=University+of+South+Alabama+USA+official+website
University of Split,https://www.google.com/search?q=University+of+Split+official+website
University of Sri Jayewardenepura,https://www.google.com/search?q=University+of+Sri+Jayewardenepura+official+website
University of the Pacific,https://www.google.com/search?q=University+of+the+Pacific+official+website
University of Tyumen,https://www.google.com/search?q=University+of+Tyumen+official+website
University of West Bohemia,https://www.google.com/search?q=University+of+West+Bohemia+official+website
University of Wisconsin Milwaukee,https://www.google.com/search?q=University+of+Wisconsin+Milwaukee+official+website
University POLITEHNICA of Bucharest,https://www.google.com/search?q=University+POLITEHNICA+of+Bucharest+official+website
Vancouver Island University,https://www.google.com/search?q=Vancouver+Island+University+official+website
Voronezh State University,https://www.google.com/search?q=Voronezh+State+University+official+website
Western Michigan University,https://www.google.com/search?q=Western+Michigan+University+official+website
Yamaguchi University,https://www.google.com/search?q=Yamaguchi+University+official+website
Yogyakarta State University,https://www.google.com/search?q=Yogyakarta+State+University+official+website
Youngsan University,https://www.google.com/search?q=Youngsan+University+official+website
Yuan Ze University,https://www.google.com/search?q=Yuan+Ze+University+official+website
Zagazig University,https://www.google.com/search?q=Zagazig+University+official+website
Don State Technical University,https://www.google.com/search?q=Don+State+Technical+University+official+website
Akdeniz Üniversitesi,https://www.google.com/search?q=Akdeniz+Üniversitesi+official+website
California Polytechnic State University,https://www.google.com/search?q=California+Polytechnic+State+University+official+website
California State University - Los Angeles,https://www.google.com/search?q=California+State+University+-+Los+Angeles+official+website
"California State University, Long Beach","https://www.google.com/search?q=California+State+University,+Long+Beach+official+website"
Católica de Córdoba,https://www.google.com/search?q=Católica+de+Córdoba+official+website
East West University,https://www.google.com/search?q=East+West+University+official+website
Fundación Universidad De Bogotá-Jorge Tadeo Lozano,https://www.google.com/search?q=Fundación+Universidad+De+Bogotá-Jorge+Tadeo+Lozano+official+website
Humboldt State University,https://www.google.com/search?q=Humboldt+State+University+official+website
Illinois State University,https://www.google.com/search?q=Illinois+State+University+official+website
"Indian Institute of Information Technology, Allahabad","https://www.google.com/search?q=Indian+Institute+of+Information+Technology,+Allahabad+official+website"
Indiana State University,https://www.google.com/search?q=Indiana+State+University+official+website
"International University of Business, Agriculture and Technology (IUBAT)","https://www.google.com/search?q=International+University+of+Business,+Agriculture+and+Technology+IUBAT+official+website"
Irkutsk State University,https://www.google.com/search?q=Irkutsk+State+University+official+website
Korkyt Ata Kyzylorda University,https://www.google.com/search?q=Korkyt+Ata+Kyzylorda+University+official+website
Kwansei Gakuin University,https://www.google.com/search?q=Kwansei+Gakuin+University+official+website
Lucian Blaga University of Sibiu,https://www.google.com/search?q=Lucian+Blaga+University+of+Sibiu+official+website
M.Kh. Dulaty Taraz Regional University,https://www.google.com/search?q=M.Kh.+Dulaty+Taraz+Regional+University+official+website
MIREA - Russian Technological University,https://www.google.com/search?q=MIREA+-+Russian+Technological+University+official+website
Moscow City University,https://www.google.com/search?q=Moscow+City+University+official+website
Naresuan University,https://www.google.com/search?q=Naresuan+University+official+website
National University of Life and Environmental Sciences of Ukraine,https://www.google.com/search?q=National+University+of+Life+and+Environmental+Sciences+of+Ukraine+official+website
"National University of Modern Languages (NUML), Islamabad","https://www.google.com/search?q=National+University+of+Modern+Languages+NUML,+Islamabad+official+website"
Nova Southeastern University,https://www.google.com/search?q=Nova+Southeastern+University+official+website
Pontifícia Universidade Católica de Minas Gerais – PUC Minas,https://www.google.com/search?q=Pontifícia+Universidade+Católica+de+Minas+Gerais+–+PUC+Minas+official+website
Pontificia Universidade Católica do Campinas - PUC Campinas,https://www.google.com/search?q=Pontificia+Universidade+Católica+do+Campinas+-+PUC+Campinas+official+website
Pontifícia Universidade Católica do Paraná,https://www.google.com/search?q=Pontifícia+Universidade+Católica+do+Paraná+official+website
Russian State Agrarian University - Moscow Timiryazev Agricultural Academy,https://www.google.com/search?q=Russian+State+Agrarian+University+-+Moscow+Timiryazev+Agricultural+Academy+official+website
Russian State University for the Humanities,https://www.google.com/search?q=Russian+State+University+for+the+Humanities+official+website
Sakarya University,https://www.google.com/search?q=Sakarya+University+official+website
Shanghai Normal University,https://www.google.com/search?q=Shanghai+Normal+University+official+website
Shibaura Institute of Technology,https://www.google.com/search?q=Shibaura+Institute+of+Technology+official+website
Silpakorn University,https://www.google.com/search?q=Silpakorn+University+official+website
Soochow University (Taiwan),https://www.google.com/search?q=Soochow+University+Taiwan+official+website
Soongsil University,https://www.google.com/search?q=Soongsil+University+official+website
Stamford University Bangladesh,https://www.google.com/search?q=Stamford+University+Bangladesh+official+website
State University of Malang,https://www.google.com/search?q=State+University+of+Malang+official+website
Stefan cel Mare University of Suceava,https://www.google.com/search?q=Stefan+cel+Mare+University+of+Suceava+official+website
"The University of Notre Dame, Australia","https://www.google.com/search?q=The+University+of+Notre+Dame,+Australia+official+website"
Udayana University,https://www.google.com/search?q=Udayana+University+official+website
United International University,https://www.google.com/search?q=United+International+University+official+website
Universidad Alberto Hurtado,https://www.google.com/search?q=Universidad+Alberto+Hurtado+official+website
Universidad Autónoma de Aguascalientes,https://www.google.com/search?q=Universidad+Autónoma+de+Aguascalientes+official+website
Universidad Autónoma de Baja California,https://www.google.com/search?q=Universidad+Autónoma+de+Baja+California+official+website
Universidad Autónoma de Chile,https://www.google.com/search?q=Universidad+Autónoma+de+Chile+official+website
Universidad Autónoma de Querétaro (UAQ),https://www.google.com/search?q=Universidad+Autónoma+de+Querétaro+UAQ+official+website
Universidad Autónoma de San Luis de Potosí,https://www.google.com/search?q=Universidad+Autónoma+de+San+Luis+de+Potosí+official+website
Universidad Autonoma de Yucatan,https://www.google.com/search?q=Universidad+Autonoma+de+Yucatan+official+website
Universidad Autónoma del Estado de Morelos (UAEM),https://www.google.com/search?q=Universidad+Autónoma+del+Estado+de+Morelos+UAEM+official+website
Universidad Bernardo O'Higgins,https://www.google.com/search?q=Universidad+Bernardo+O'Higgins+official+website
"Universidad Católica Boliviana ""San Pablo""","https://www.google.com/search?q=Universidad+Católica+Boliviana+""San+Pablo""+official+website"
Universidad Católica de Colombia,https://www.google.com/search?q=Universidad+Católica+de+Colombia+official+website
Universidad Católica de La Santísima Concepción - UCSC,https://www.google.com/search?q=Universidad+Católica+de+La+Santísima+Concepción+-+UCSC+official+website
Universidad Católica de Santiago de Guayaquil,https://www.google.com/search?q=Universidad+Católica+de+Santiago+de+Guayaquil+official+website
Universidad Católica de Temuco,https://www.google.com/search?q=Universidad+Católica+de+Temuco+official+website
Universidad Central de Chile,https://www.google.com/search?q=Universidad+Central+de+Chile+official+website
Universidad de Caldas,https://www.google.com/search?q=Universidad+de+Caldas+official+website
Universidad de Carabobo,https://www.google.com/search?q=Universidad+de+Carabobo+official+website
Universidad de Cartagena,https://www.google.com/search?q=Universidad+de+Cartagena+official+website
Universidad de Córdoba - Colombia,https://www.google.com/search?q=Universidad+de+Córdoba+-+Colombia+official+website
Universidad de Cuenca,https://www.google.com/search?q=Universidad+de+Cuenca+official+website
Universidad de Guanajuato,https://www.google.com/search?q=Universidad+de+Guanajuato+official+website
Universidad de La Salle,https://www.google.com/search?q=Universidad+de+La+Salle+official+website
Universidad de La Serena,https://www.google.com/search?q=Universidad+de+La+Serena+official+website
Universidad de las Fuerzas Armadas ESPE (Ex - Escuela Politécnica del Ejército),https://www.google.com/search?q=Universidad+de+las+Fuerzas+Armadas+ESPE+Ex+-+Escuela+Politécnica+del+Ejército+official+website
Universidad de Medellín,https://www.google.com/search?q=Universidad+de+Medellín+official+website
Universidad de Santander - UDES,https://www.google.com/search?q=Universidad+de+Santander+-+UDES+official+website
Universidad de Sonora,https://www.google.com/search?q=Universidad+de+Sonora+official+website
Universidad del Cauca,https://www.google.com/search?q=Universidad+del+Cauca+official+website
Universidad del Valle de Mexico (UVM),https://www.google.com/search?q=Universidad+del+Valle+de+Mexico+UVM+official+website
Universidad Michoacana de San Nicolás de Hidalgo,https://www.google.com/search?q=Universidad+Michoacana+de+San+Nicolás+de+Hidalgo+official+website
Universidad Nacional de Quilmes,https://www.google.com/search?q=Universidad+Nacional+de+Quilmes+official+website
Universidad Nacional de Tucumán,https://www.google.com/search?q=Universidad+Nacional+de+Tucumán+official+website
Universidad Nacional del Comahue,https://www.google.com/search?q=Universidad+Nacional+del+Comahue+official+website
UNIVERSIDAD POLITECNICA SALESIANA,https://www.google.com/search?q=UNIVERSIDAD+POLITECNICA+SALESIANA+official+website
Universidad Popular Autónoma del Estado de Puebla (UPAEP),https://www.google.com/search?q=Universidad+Popular+Autónoma+del+Estado+de+Puebla+UPAEP+official+website
Universidad San Ignacio de Loyola,https://www.google.com/search?q=Universidad+San+Ignacio+de+Loyola+official+website
Universidad Tecnica Particular De Loja (UTPL),https://www.google.com/search?q=Universidad+Tecnica+Particular+De+Loja+UTPL+official+website
Universidad Tecnológica de Bolívar,https://www.google.com/search?q=Universidad+Tecnológica+de+Bolívar+official+website
"Universidad Tecnológica de la Habana José Antonio Echeverría, Cujae","https://www.google.com/search?q=Universidad+Tecnológica+de+la+Habana+José+Antonio+Echeverría,+Cujae+official+website"
Universidad Tecnológica de Pereira,https://www.google.com/search?q=Universidad+Tecnológica+de+Pereira+official+website
Universidad Veracruzana,https://www.google.com/search?q=Universidad+Veracruzana+official+website
Universidade do Estado de Santa Catarina,https://www.google.com/search?q=Universidade+do+Estado+de+Santa+Catarina+official+website
Universidade Estadual de Londrina,https://www.google.com/search?q=Universidade+Estadual+de+Londrina+official+website
Universidade Federal da Paraíba,https://www.google.com/search?q=Universidade+Federal+da+Paraíba+official+website
Universidade Federal de Goiás,https://www.google.com/search?q=Universidade+Federal+de+Goiás+official+website
Universidade Federal de Uberlândia,https://www.google.com/search?q=Universidade+Federal+de+Uberlândia+official+website
Universidade Federal do Estado do Rio de Janeiro - UNIRIO,https://www.google.com/search?q=Universidade+Federal+do+Estado+do+Rio+de+Janeiro+-+UNIRIO+official+website
Universidade Federal do Parà - UFPA,https://www.google.com/search?q=Universidade+Federal+do+Parà+-+UFPA+official+website
Universitas Andalas,https://www.google.com/search?q=Universitas+Andalas+official+website
Universitas Kristen Petra,https://www.google.com/search?q=Universitas+Kristen+Petra+official+website
Universitas Muhammadiyah Surakarta,https://www.google.com/search?q=Universitas+Muhammadiyah+Surakarta+official+website
Universiti Sains Islam Malaysia,https://www.google.com/search?q=Universiti+Sains+Islam+Malaysia+official+website
University of Central Oklahoma,https://www.google.com/search?q=University+of+Central+Oklahoma+official+website
University of Craiova,https://www.google.com/search?q=University+of+Craiova+official+website
University of Lampung,https://www.google.com/search?q=University+of+Lampung+official+website
University of Mataram,https://www.google.com/search?q=University+of+Mataram+official+website
University of Montana Missoula,https://www.google.com/search?q=University+of+Montana+Missoula+official+website
University of Oradea,https://www.google.com/search?q=University+of+Oradea+official+website
University of San Carlos,https://www.google.com/search?q=University+of+San+Carlos+official+website
"University Politehnica of Timisoara, UPT","https://www.google.com/search?q=University+Politehnica+of+Timisoara,+UPT+official+website"
Western Washington University,https://www.google.com/search?q=Western+Washington+University+official+website
